place_id,name,name_my,category,category_my,house_number,house_number_my,full_address,full_address_my,township,township_my,district,district_my,sub_region,sub_region_my,postal_code,lat,lon,phone,rating,review_count,website,city,embed_text
1138,(Kha)Ward Council,(ခ)ရပ်ကွက်အုပ်ချုပ်ရေးမှူးရုံး,Government Office,ရုံးခန်းနှင့် လူနေအိမ်ရာ,,,Thingangyun,Thingangyun,Thingangyun,,Yangon East,ရန်ကုန်အရှေ့ပိုင်း,Yangon,ရန်ကုန်,,16.828499,96.197638,,4.8,424,,Yangon,Name: (Kha)Ward Council ((ခ)ရပ်ကွက်အုပ်ချုပ်ရေးမှူးရုံး). Category: Government Office. Address: Thingangyun. Township: Thingangyun. District: Yangon East
370,1 Stop Mart,ဝမ်းစတော့ပ်မတ်,Mini Mart,စျေးနှင့် ကုန်စုံဆိုင်,1-Sep,1^9,"1/9 Than Thu Mar Road, Ward-29 Thuwunna, Thingangyun, Yangon","၁^၉, သံသုမာလမ်း, သု၀ဏ္ဏ(၂၉)ရပ်ကွက်, သင်္ဃန်းကျွန်း",Thingangyun,သင်္ဃန်းကျွန်း,Yangon East,ရန်ကုန်အရှေ့ပိုင်း,Yangon,ရန်ကုန်,11431.0,16.821438,96.20342,,4,520,,Yangon,"Name: 1 Stop Mart (ဝမ်းစတော့ပ်မတ်). Category: Mini Mart. House Number: 1-Sep. Address: ၁^၉, သံသုမာလမ်း, သု၀ဏ္ဏ(၂၉)ရပ်ကွက်, သင်္ဃန်းကျွန်း. Township: Thingangyun. District: Yangon East"
589,1 Stop Motor Service,1 Stop Motor Service,Shop,အထွေထွေအမျိုးအစား,,,"Sa Kha Ward (TGGN), Thingangyun","Sa Kha Ward (TGGN), Thingangyun",Thingangyun,,Yangon East,ရန်ကုန်အရှေ့ပိုင်း,Yangon,ရန်ကုန်,,16.8345,96.1968,,4.9,577,,Yangon,"Name: 1 Stop Motor Service. Category: Shop. Address: Sa Kha Ward (TGGN), Thingangyun. Township: Thingangyun. District: Yangon East"
409,16 Yadanar Market,16 Yadanar Market,Market,စျေးနှင့် ကုန်စုံဆိုင်,,,"16\1 Ward (TGGN), Thingangyun","16\1 Ward (TGGN), Thingangyun",Thingangyun,,Yangon East,ရန်ကုန်အရှေ့ပိုင်း,Yangon,ရန်ကုန်,,16.8353,96.1829,,4.9,37,,Yangon,"Name: 16 Yadanar Market. Category: Market. Address: 16\1 Ward (TGGN), Thingangyun. Township: Thingangyun. District: Yangon East"
1789,3 Star,သရီးစတား,Café/Pub,ဘားနှင့် ဖျော်ဖြေရေး,,,Thingangyun,Thingangyun,Thingangyun,,Yangon East,ရန်ကုန်အရှေ့ပိုင်း,Yangon,ရန်ကုန်,,16.829068,96.200971,,4.9,577,,Yangon,Name: 3 Star (သရီးစတား). Category: Café/Pub. Address: Thingangyun. Township: Thingangyun. District: Yangon East
1830,360 Petro,၃၆၀ ပက်ထရို,Petrol Station,အထွေထွေအမျိုးအစား,,,Thingangyun,Thingangyun,Thingangyun,,Yangon East,ရန်ကုန်အရှေ့ပိုင်း,Yangon,ရန်ကုန်,,16.833613,96.196106,,4,100,,Yangon,Name: 360 Petro (၃၆၀ ပက်ထရို). Category: Petrol Station. Address: Thingangyun. Township: Thingangyun. District: Yangon East
147,360 Petro,၃၆၀ပက်ထရို,Petrol Station,အထွေထွေအမျိုးအစား,30,30,"30 Lay Daung Kan Road, Lay Daunkan Ward, Thingangyun, Yangon","၃၀, လေးထောင့်ကန်လမ်း, လေးဒေါင့်ကန်ရပ်ကွက်, သင်္ဃန်းကျွန်း",Thingangyun,သင်္ဃန်းကျွန်း,Yangon East,ရန်ကုန်အရှေ့ပိုင်း,Yangon,ရန်ကုန်,11431.0,16.83344,96.195997,,4.7,451,,Yangon,"Name: 360 Petro (၃၆၀ပက်ထရို). Category: Petrol Station. House Number: 30. Address: ၃၀, လေးထောင့်ကန်လမ်း, လေးဒေါင့်ကန်ရပ်ကွက်, သင်္ဃန်းကျွန်း. Township: Thingangyun. District: Yangon East"
369,369,သုံးခြောက်ကိုး,Restaurant (Beer Pub),ဘားနှင့် ဖျော်ဖြေရေး,1-Oct,1^10,"1/10 Than Thu Mar Road, Ward-29 Thuwunna, Thingangyun, Yangon","၁^၁၀, သံသုမာလမ်း, သု၀ဏ္ဏ(၂၉)ရပ်ကွက်, သင်္ဃန်းကျွန်း",Thingangyun,သင်္ဃန်းကျွန်း,Yangon East,ရန်ကုန်အရှေ့ပိုင်း,Yangon,ရန်ကုန်,11431.0,16.821447,96.203578,,4.9,517,,Yangon,"Name: 369 (သုံးခြောက်ကိုး). Category: Restaurant (Beer Pub). House Number: 1-Oct. Address: ၁^၁၀, သံသုမာလမ်း, သု၀ဏ္ဏ(၂၉)ရပ်ကွက်, သင်္ဃန်းကျွန်း. Township: Thingangyun. District: Yangon East"
410,369 Restaurant,369 Restaurant,Restaurant,စားသောက်ဆိုင်,,,"Mikyaung Kan (1) Ward (TGGN), Thingangyun","Mikyaung Kan (1) Ward (TGGN), Thingangyun",Thingangyun,,Yangon East,ရန်ကုန်အရှေ့ပိုင်း,Yangon,ရန်ကုန်,,16.8218,96.1818,,4,40,,Yangon,"Name: 369 Restaurant. Category: Restaurant. Address: Mikyaung Kan (1) Ward (TGGN), Thingangyun. Township: Thingangyun. District: Yangon East"
967,5Star,ဖိုက်ဗ်စတား,Pharmacy,ဆေးဆိုင်,,,Thingangyun,Thingangyun,Thingangyun,,Yangon East,ရန်ကုန်အရှေ့ပိုင်း,Yangon,ရန်ကုန်,,16.828517,96.197493,,4.7,511,,Yangon,Name: 5Star (ဖိုက်ဗ်စတား). Category: Pharmacy. Address: Thingangyun. Township: Thingangyun. District: Yangon East
809,7 Mart,ဆဲလ်ဗင်းမတ်,Shop,အထွေထွေအမျိုးအစား,,,Thingangyun,Thingangyun,Thingangyun,,Yangon East,ရန်ကုန်အရှေ့ပိုင်း,Yangon,ရန်ကုန်,,16.815194,96.192073,,4.9,37,,Yangon,Name: 7 Mart (ဆဲလ်ဗင်းမတ်). Category: Shop. Address: Thingangyun. Township: Thingangyun. District: Yangon East
40,7 Street,ရလမ်း,Pre School,ကျောင်းနှင့် တက္ကသိုလ်,294,294,"294 Ngamoeyeik 7th Street, Nga Moe Yeik Ward, Thingangyun, Yangon","၂၉၄, ငမိုးရိပ်၇လမ်း, ငမိုးရိပ်ရပ်ကွက်, သင်္ဃန်းကျွန်း",Thingangyun,သင်္ဃန်းကျွန်း,Yangon East,ရန်ကုန်အရှေ့ပိုင်း,Yangon,ရန်ကုန်,11431.0,16.843803,96.20243,,4,130,,Yangon,"Name: 7 Street (ရလမ်း). Category: Pre School. House Number: 294. Address: ၂၉၄, ငမိုးရိပ်၇လမ်း, ငမိုးရိပ်ရပ်ကွက်, သင်္ဃန်းကျွန်း. Township: Thingangyun. District: Yangon East"
1316,7-Day,ဆဲဗင်းဒေး,Shop,အထွေထွေအမျိုးအစား,,,Thingangyun,Thingangyun,Thingangyun,,Yangon East,ရန်ကုန်အရှေ့ပိုင်း,Yangon,ရန်ကုန်,,16.825279,96.196833,,4.6,358,,Yangon,Name: 7-Day (ဆဲဗင်းဒေး). Category: Shop. Address: Thingangyun. Township: Thingangyun. District: Yangon East
411,8 DAY HOTEL,8 DAY HOTEL,Hotel,ဟိုတယ်နှင့် တည်းခိုခန်း,,,"No.299,Waizayandar Road,16\3 Ward (TGGN),Thingangyun","No.299,Waizayandar Road,16\3 Ward (TGGN),Thingangyun",Thingangyun,,Yangon East,ရန်ကုန်အရှေ့ပိုင်း,Yangon,ရန်ကုန်,,16.8301,96.1797,,4.1,43,,Yangon,"Name: 8 DAY HOTEL. Category: Hotel. Address: No.299,Waizayandar Road,16\3 Ward (TGGN),Thingangyun. Township: Thingangyun. District: Yangon East"
58,8 Days Hotel,အိတ်ဒေးစ်ဟိုတယ်,Hotel,ဟိုတယ်နှင့် တည်းခိုခန်း,299,299,"299 Wai Za Yan Tar Road, Ward-16\3, Thingangyun, Yangon","၂၉၉, ၀ေဇယန္တာလမ်း, (၁၆^၃)ရပ်ကွက်, သင်္ဃန်းကျွန်း",Thingangyun,သင်္ဃန်းကျွန်း,Yangon East,ရန်ကုန်အရှေ့ပိုင်း,Yangon,ရန်ကုန်,11431.0,16.8301,96.1797,,4.8,184,,Yangon,"Name: 8 Days Hotel (အိတ်ဒေးစ်ဟိုတယ်). Category: Hotel. House Number: 299. Address: ၂၉၉, ၀ေဇယန္တာလမ်း, (၁၆^၃)ရပ်ကွက်, သင်္ဃန်းကျွန်း. Township: Thingangyun. District: Yangon East"
1831,8888 Museum,၈၈၈၈ သမိုင်းပြတိုက်(ယာယီ),Museum,ပြတိုက်နှင့် ယဉ်ကျေးမှု,,,Thingangyun,Thingangyun,Thingangyun,,Yangon East,ရန်ကုန်အရှေ့ပိုင်း,Yangon,ရန်ကုန်,,16.835696,96.186534,,4.1,103,,Yangon,Name: 8888 Museum (၈၈၈၈ သမိုင်းပြတိုက်(ယာယီ)). Category: Museum. Address: Thingangyun. Township: Thingangyun. District: Yangon East
798,9 Star,နိုင်းစတား,Shop,အထွေထွေအမျိုးအစား,,,Thingangyun,Thingangyun,Thingangyun,,Yangon East,ရန်ကုန်အရှေ့ပိုင်း,Yangon,ရန်ကုန်,,16.827895,96.209329,,4.8,604,,Yangon,Name: 9 Star (နိုင်းစတား). Category: Shop. Address: Thingangyun. Township: Thingangyun. District: Yangon East
148,9 plus,နိုင်းပလက်စ်,Car Accessories Shop,အထွေထွေအမျိုးအစား,90,90,"90 Lay Daung Kan Road, Lay Daunkan Ward, Thingangyun, Yangon","၉၀, လေးထောင့်ကန်လမ်း, လေးဒေါင့်ကန်ရပ်ကွက်, သင်္ဃန်းကျွန်း",Thingangyun,သင်္ဃန်းကျွန်း,Yangon East,ရန်ကုန်အရှေ့ပိုင်း,Yangon,ရန်ကုန်,11431.0,16.836753,96.199361,,4.8,454,,Yangon,"Name: 9 plus (နိုင်းပလက်စ်). Category: Car Accessories Shop. House Number: 90. Address: ၉၀, လေးထောင့်ကန်လမ်း, လေးဒေါင့်ကန်ရပ်ကွက်, သင်္ဃန်းကျွန်း. Township: Thingangyun. District: Yangon East"
777,99,၉၉,Shop,အထွေထွေအမျိုးအစား,,,Thingangyun,Thingangyun,Thingangyun,,Yangon East,ရန်ကုန်အရှေ့ပိုင်း,Yangon,ရန်ကုန်,,16.841944,96.204939,,4.7,541,,Yangon,Name: 99 (၉၉). Category: Shop. Address: Thingangyun. Township: Thingangyun. District: Yangon East
146,99,၉၉,Bags Shop,အထွေထွေအမျိုးအစား,1,1,"1 Lay Daung Kan Road, Lay Daunkan Ward, Thingangyun, Yangon","၁, လေးထောင့်ကန်လမ်း, လေးဒေါင့်ကန်ရပ်ကွက်, သင်္ဃန်းကျွန်း",Thingangyun,သင်္ဃန်းကျွန်း,Yangon East,ရန်ကုန်အရှေ့ပိုင်း,Yangon,ရန်ကုန်,11431.0,16.841776,96.204565,,4.6,448,,Yangon,"Name: 99 (၉၉). Category: Bags Shop. House Number: 1. Address: ၁, လေးထောင့်ကန်လမ်း, လေးဒေါင့်ကန်ရပ်ကွက်, သင်္ဃန်းကျွန်း. Township: Thingangyun. District: Yangon East"
797,999,၉၉၉,Shop,အထွေထွေအမျိုးအစား,,,Thingangyun,Thingangyun,Thingangyun,,Yangon East,ရန်ကုန်အရှေ့ပိုင်း,Yangon,ရန်ကုန်,,16.821185,96.204859,,4.7,601,,Yangon,Name: 999 (၉၉၉). Category: Shop. Address: Thingangyun. Township: Thingangyun. District: Yangon East
1848,A Htin Ka Ya,အထင်ကရ,Repair Facility,ပြုပြင်ရေးလုပ်ငန်း,,,Thingangyun,Thingangyun,Thingangyun,,Yangon East,ရန်ကုန်အရှေ့ပိုင်း,Yangon,ရန်ကုန်,,16.83549,96.186747,,4.8,154,,Yangon,Name: A Htin Ka Ya (အထင်ကရ). Category: Repair Facility. Address: Thingangyun. Township: Thingangyun. District: Yangon East
412,A Htin Ka Ya,A Htin Ka Ya,Cafe,ကဖေးနှင့် လက်ဖက်ရည်ဆိုင်,,,"Kyi Pwar Yae Ward (TGGN), Thingangyun","Kyi Pwar Yae Ward (TGGN), Thingangyun",Thingangyun,,Yangon East,ရန်ကုန်အရှေ့ပိုင်း,Yangon,ရန်ကုန်,,16.839,96.2076,,4.2,46,,Yangon,"Name: A Htin Ka Ya. Category: Cafe. Address: Kyi Pwar Yae Ward (TGGN), Thingangyun. Township: Thingangyun. District: Yangon East"
1025,A Lin Thit,အလင်းသစ်,Repair Facility,ပြုပြင်ရေးလုပ်ငန်း,,,Thingangyun,Thingangyun,Thingangyun,,Yangon East,ရန်ကုန်အရှေ့ပိုင်း,Yangon,ရန်ကုန်,,16.825523,96.196724,,4.5,85,,Yangon,Name: A Lin Thit (အလင်းသစ်). Category: Repair Facility. Address: Thingangyun. Township: Thingangyun. District: Yangon East
1387,A Lin Thit,အလင်းသစ်,Shop,အထွေထွေအမျိုးအစား,,,Thingangyun,Thingangyun,Thingangyun,,Yangon East,ရန်ကုန်အရှေ့ပိုင်း,Yangon,ရန်ကုန်,,16.832645,96.20355,,4.7,571,,Yangon,Name: A Lin Thit (အလင်းသစ်). Category: Shop. Address: Thingangyun. Township: Thingangyun. District: Yangon East
2018,A Lin Yaung,အလင်းရောင်,Shop,အထွေထွေအမျိုးအစား,,,Thingangyun,Thingangyun,Thingangyun,,Yangon East,ရန်ကုန်အရှေ့ပိုင်း,Yangon,ရန်ကုန်,,16.832749,96.194762,,4.8,64,,Yangon,Name: A Lin Yaung (အလင်းရောင်). Category: Shop. Address: Thingangyun. Township: Thingangyun. District: Yangon East
1719,A Lin Yaung Htun,အလင်းရောင်ထွန်း,Shop,အထွေထွေအမျိုးအစား,,,Thingangyun,Thingangyun,Thingangyun,,Yangon East,ရန်ကုန်အရှေ့ပိုင်း,Yangon,ရန်ကုန်,,16.828827,96.20705,,4.9,367,,Yangon,Name: A Lin Yaung Htun (အလင်းရောင်ထွန်း). Category: Shop. Address: Thingangyun. Township: Thingangyun. District: Yangon East
1009,A Linn Young,အလင်းရောင်,Library,အထွေထွေအမျိုးအစား,,,Thingangyun,Thingangyun,Thingangyun,,Yangon East,ရန်ကုန်အရှေ့ပိုင်း,Yangon,ရန်ကုန်,,16.836606,96.20781,,4.9,37,,Yangon,Name: A Linn Young (အလင်းရောင်). Category: Library. Address: Thingangyun. Township: Thingangyun. District: Yangon East
1912,A Mae Eain,အမေ့အိမ်,School,ကျောင်းနှင့် တက္ကသိုလ်,,,Thingangyun,Thingangyun,Thingangyun,,Yangon East,ရန်ကုန်အရှေ့ပိုင်း,Yangon,ရန်ကုန်,,16.835635,96.186691,,4.2,346,,Yangon,Name: A Mae Eain (အမေ့အိမ်). Category: School. Address: Thingangyun. Township: Thingangyun. District: Yangon East
413,A Mae Thar,A Mae Thar,Restaurant,စားသောက်ဆိုင်,,,"BTF Ward (TGGN), Thingangyun","BTF Ward (TGGN), Thingangyun",Thingangyun,,Yangon East,ရန်ကုန်အရှေ့ပိုင်း,Yangon,ရန်ကုန်,,16.8448,96.2078,,4.3,49,,Yangon,"Name: A Mae Thar. Category: Restaurant. Address: BTF Ward (TGGN), Thingangyun. Township: Thingangyun. District: Yangon East"
1717,A Maeh Eain,အမေ့အိမ်,Shop,အထွေထွေအမျိုးအစား,,,Thingangyun,Thingangyun,Thingangyun,,Yangon East,ရန်ကုန်အရှေ့ပိုင်း,Yangon,ရန်ကုန်,,16.841467,96.202801,,4.7,361,,Yangon,Name: A Maeh Eain (အမေ့အိမ်). Category: Shop. Address: Thingangyun. Township: Thingangyun. District: Yangon East
1278,A Mwar Nyi Naung,အမွှာညီနောင်,Shop,အထွေထွေအမျိုးအစား,,,Thingangyun,Thingangyun,Thingangyun,,Yangon East,ရန်ကုန်အရှေ့ပိုင်း,Yangon,ရန်ကုန်,,16.84184,96.200407,,4.8,244,,Yangon,Name: A Mwar Nyi Naung (အမွှာညီနောင်). Category: Shop. Address: Thingangyun. Township: Thingangyun. District: Yangon East
1061,A Myae Thar,အမေ့သား,Repair Facility,ပြုပြင်ရေးလုပ်ငန်း,,,Thingangyun,Thingangyun,Thingangyun,,Yangon East,ရန်ကုန်အရှေ့ပိုင်း,Yangon,ရန်ကုန်,,16.838143,96.207788,,4.1,193,,Yangon,Name: A Myae Thar (အမေ့သား). Category: Repair Facility. Address: Thingangyun. Township: Thingangyun. District: Yangon East
968,A Myae Yeik,အမေ့ရိပ်,Pharmacy,ဆေးဆိုင်,,,Thingangyun,Thingangyun,Thingangyun,,Yangon East,ရန်ကုန်အရှေ့ပိုင်း,Yangon,ရန်ကုန်,,16.828927,96.204448,,4.8,514,,Yangon,Name: A Myae Yeik (အမေ့ရိပ်). Category: Pharmacy. Address: Thingangyun. Township: Thingangyun. District: Yangon East
1317,A Nhine Mae,အနှုိင်းမဲ့,Shop,အထွေထွေအမျိုးအစား,,,Thingangyun,Thingangyun,Thingangyun,,Yangon East,ရန်ကုန်အရှေ့ပိုင်း,Yangon,ရန်ကုန်,,16.834439,96.204957,,4.7,361,,Yangon,Name: A Nhine Mae (အနှုိင်းမဲ့). Category: Shop. Address: Thingangyun. Township: Thingangyun. District: Yangon East
1006,A Pyone Thit,အပြုံးသစ်,Dentist,အထွေထွေအမျိုးအစား,,,Thingangyun,Thingangyun,Thingangyun,,Yangon East,ရန်ကုန်အရှေ့ပိုင်း,Yangon,ရန်ကုန်,,16.84259,96.202781,,4.6,28,,Yangon,Name: A Pyone Thit (အပြုံးသစ်). Category: Dentist. Address: Thingangyun. Township: Thingangyun. District: Yangon East
414,A Yone Oo,A Yone Oo,Hospital,ဆေးရုံနှင့် ဆေးခန်း,,,"Supaing Ward (TGGN), Thingangyun","Supaing Ward (TGGN), Thingangyun",Thingangyun,,Yangon East,ရန်ကုန်အရှေ့ပိုင်း,Yangon,ရန်ကုန်,,16.8183,96.1979,,4.4,52,,Yangon,"Name: A Yone Oo. Category: Hospital. Address: Supaing Ward (TGGN), Thingangyun. Township: Thingangyun. District: Yangon East"
1463,A Zin Phu,အေ ဇင်ဖြူ,Shop,အထွေထွေအမျိုးအစား,,,Thingangyun,Thingangyun,Thingangyun,,Yangon East,ရန်ကုန်အရှေ့ပိုင်း,Yangon,ရန်ကုန်,,16.835379,96.200253,,4.3,199,,Yangon,Name: A Zin Phu (အေ ဇင်ဖြူ). Category: Shop. Address: Thingangyun. Township: Thingangyun. District: Yangon East
1268,A&R,အေအန်အာ,Shop,အထွေထွေအမျိုးအစား,,,Thingangyun,Thingangyun,Thingangyun,,Yangon East,ရန်ကုန်အရှေ့ပိုင်း,Yangon,ရန်ကုန်,,16.82475,96.19701,,4.8,214,,Yangon,Name: A&R (အေအန်အာ). Category: Shop. Address: Thingangyun. Township: Thingangyun. District: Yangon East
1073,A&S,အေအန်အက်(စ်),Restaurant,စားသောက်ဆိုင်,,,Thingangyun,Thingangyun,Thingangyun,,Yangon East,ရန်ကုန်အရှေ့ပိုင်း,Yangon,ရန်ကုန်,,16.840798,96.202307,,4.3,229,,Yangon,Name: A&S (အေအန်အက်(စ်)). Category: Restaurant. Address: Thingangyun. Township: Thingangyun. District: Yangon East
810,A-1,အေ၀မ်း,Shop,အထွေထွေအမျိုးအစား,,,Thingangyun,Thingangyun,Thingangyun,,Yangon East,ရန်ကုန်အရှေ့ပိုင်း,Yangon,ရန်ကုန်,,16.840127,96.202972,,4,40,,Yangon,Name: A-1 (အေ၀မ်း). Category: Shop. Address: Thingangyun. Township: Thingangyun. District: Yangon East
725,A-1,အေ၀မ်း,Shop,အထွေထွေအမျိုးအစား,,,Thingangyun,Thingangyun,Thingangyun,,Yangon East,ရန်ကုန်အရှေ့ပိုင်း,Yangon,ရန်ကုန်,,16.844434,96.202526,,4.5,385,,Yangon,Name: A-1 (အေ၀မ်း). Category: Shop. Address: Thingangyun. Township: Thingangyun. District: Yangon East
293,A1,အေဝမ်း,Car Tryer & Battery,အထွေထွေအမျိုးအစား,293/8,293^8,"293/8 Than Thu Mar Road, Supaing Ward, Thingangyun, Yangon","၂၉၃^၈, သံသုမာလမ်း, စုပေါင်းရပ်ကွက်, သင်္ဃန်းကျွန်း",Thingangyun,သင်္ဃန်းကျွန်း,Yangon East,ရန်ကုန်အရှေ့ပိုင်း,Yangon,ရန်ကုန်,11431.0,16.819478,96.199759,,4.3,289,,Yangon,"Name: A1 (အေဝမ်း). Category: Car Tryer & Battery. House Number: 293/8. Address: ၂၉၃^၈, သံသုမာလမ်း, စုပေါင်းရပ်ကွက်, သင်္ဃန်းကျွန်း. Township: Thingangyun. District: Yangon East"
257,A1,အေဝမ်း,Rice Shop,အထွေထွေအမျိုးအစား,913,913,"913 Lay Daung Kan Road, Nga Moe Yeik Ward, Thingangyun, Yangon","၉၁၃, လေးထောင့်ကန်လမ်း, ငမိုးရိပ်ရပ်ကွက်, သင်္ဃန်းကျွန်း",Thingangyun,သင်္ဃန်းကျွန်း,Yangon East,ရန်ကုန်အရှေ့ပိုင်း,Yangon,ရန်ကုန်,11431.0,16.840378,96.202499,,4.7,181,,Yangon,"Name: A1 (အေဝမ်း). Category: Rice Shop. House Number: 913. Address: ၉၁၃, လေးထောင့်ကန်လမ်း, ငမိုးရိပ်ရပ်ကွက်, သင်္ဃန်းကျွန်း. Township: Thingangyun. District: Yangon East"
8,AAA,အေအေအေ,Pharmacy,ဆေးဆိုင်,24 A,24at,"24 A Thu Mingalar Road, Nanwin Kone Ward, Thingangyun, Yangon","၂၄အေ, သုမင်္ဂလာလမ်း, နနွင်းကုန်းရပ်ကွက်, သင်္ဃန်းကျွန်း",Thingangyun,သင်္ဃန်းကျွန်း,Yangon East,ရန်ကုန်အရှေ့ပိုင်း,Yangon,ရန်ကုန်,11431.0,16.826778,96.187315,,4.8,34,,Yangon,"Name: AAA (အေအေအေ). Category: Pharmacy. House Number: 24 A. Address: ၂၄အေ, သုမင်္ဂလာလမ်း, နနွင်းကုန်းရပ်ကွက်, သင်္ဃန်းကျွန်း. Township: Thingangyun. District: Yangon East"
149,AAA,အေအေအေ,Car Accessories Shop,အထွေထွေအမျိုးအစား,53,53,"53 Lay Daung Kan Road, Lay Daunkan Ward, Thingangyun, Yangon","၅၃, လေးထောင့်ကန်လမ်း, လေးဒေါင့်ကန်ရပ်ကွက်, သင်္ဃန်းကျွန်း",Thingangyun,သင်္ဃန်းကျွန်း,Yangon East,ရန်ကုန်အရှေ့ပိုင်း,Yangon,ရန်ကုန်,11431.0,16.835688,96.198351,,4.9,457,,Yangon,"Name: AAA (အေအေအေ). Category: Car Accessories Shop. House Number: 53. Address: ၅၃, လေးထောင့်ကန်လမ်း, လေးဒေါင့်ကန်ရပ်ကွက်, သင်္ဃန်းကျွန်း. Township: Thingangyun. District: Yangon East"
415,ABC Convenience Store (Kamar Kyi St),ABC Convenience Store (Kamar Kyi St),Store,စျေးနှင့် ကုန်စုံဆိုင်,,,"Yangon Thit Ward (TGGN), Thingangyun","Yangon Thit Ward (TGGN), Thingangyun",Thingangyun,,Yangon East,ရန်ကုန်အရှေ့ပိုင်း,Yangon,ရန်ကုန်,,16.8256,96.2085,,4.5,55,,Yangon,"Name: ABC Convenience Store (Kamar Kyi St). Category: Store. Address: Yangon Thit Ward (TGGN), Thingangyun. Township: Thingangyun. District: Yangon East"
416,ABC Convenience Store (Thiri Mingalar Rd),ABC Convenience Store (Thiri Mingalar Rd),Store,စျေးနှင့် ကုန်စုံဆိုင်,,,"Sa Ka Ward (TGGN), Thingangyun","Sa Ka Ward (TGGN), Thingangyun",Thingangyun,,Yangon East,ရန်ကုန်အရှေ့ပိုင်း,Yangon,ရန်ကုန်,,16.832,96.1927,,4.6,58,,Yangon,"Name: ABC Convenience Store (Thiri Mingalar Rd). Category: Store. Address: Sa Ka Ward (TGGN), Thingangyun. Township: Thingangyun. District: Yangon East"
1967,ACE,အေစီအီး,Shop,အထွေထွေအမျိုးအစား,,,Thingangyun,Thingangyun,Thingangyun,,Yangon East,ရန်ကုန်အရှေ့ပိုင်း,Yangon,ရန်ကုန်,,16.835533,96.186322,,4.7,511,,Yangon,Name: ACE (အေစီအီး). Category: Shop. Address: Thingangyun. Township: Thingangyun. District: Yangon East
327,AGD Bank,အေဂျီဒီဘဏ်,Bank,ဘဏ်နှင့် ငွေကြေးဝန်ဆောင်မှု,164,164,"164 Than Thu Mar Road, Ward-24 Thuwunna, Thingangyun, Yangon","၁၆၄, သံသုမာလမ်း, သု၀ဏ္ဏ(၂၄)ရပ်ကွက်, သင်္ဃန်းကျွန်း",Thingangyun,သင်္ဃန်းကျွန်း,Yangon East,ရန်ကုန်အရှေ့ပိုင်း,Yangon,ရန်ကုန်,11431.0,16.81664,96.195267,,4.7,391,,Yangon,"Name: AGD Bank (အေဂျီဒီဘဏ်). Category: Bank. House Number: 164. Address: ၁၆၄, သံသုမာလမ်း, သု၀ဏ္ဏ(၂၄)ရပ်ကွက်, သင်္ဃန်းကျွန်း. Township: Thingangyun. District: Yangon East"
417,AGD Thingangyun Branch,AGD Thingangyun Branch,Bank,ဘဏ်နှင့် ငွေကြေးဝန်ဆောင်မှု,,,"No.259, Lay Daunt Kan Street, Thingangyun Township, Yangon.","No.259, Lay Daunt Kan Street, Thingangyun Township, Yangon.",Thingangyun,,Yangon East,ရန်ကုန်အရှေ့ပိုင်း,Yangon,ရန်ကုန်,,16.8252,96.1854,,4.7,61,,Yangon,"Name: AGD Thingangyun Branch. Category: Bank. Address: No.259, Lay Daunt Kan Street, Thingangyun Township, Yangon.. Township: Thingangyun. District: Yangon East"
418,AKK Shopping Centre,AKK Shopping Centre,Super Market & Shopping Mall,စျေးနှင့် ကုန်စုံဆိုင်,,,"Lay Daunt Kan Rd., U San Phay Ward,","Lay Daunt Kan Rd., U San Phay Ward,",Thingangyun,,Yangon East,ရန်ကုန်အရှေ့ပိုင်း,Yangon,ရန်ကုန်,,16.8293,96.1915,,4.8,64,,Yangon,"Name: AKK Shopping Centre. Category: Super Market & Shopping Mall. Address: Lay Daunt Kan Rd., U San Phay Ward,. Township: Thingangyun. District: Yangon East"
53,AM,အေအမ်,Food Center,စားသောက်ဆိုင်,29,29,"29 Than Thu Mar Road, Bawa Myint Ward, Thingangyun, Yangon","၂၉, သံသုမာလမ်း, ဘ၀မြင့်ရပ်ကွက်, သင်္ဃန်းကျွန်း",Thingangyun,သင်္ဃန်းကျွန်း,Yangon East,ရန်ကုန်အရှေ့ပိုင်း,Yangon,ရန်ကုန်,11431.0,16.845345,96.201371,,4.3,169,,Yangon,"Name: AM (အေအမ်). Category: Food Center. House Number: 29. Address: ၂၉, သံသုမာလမ်း, ဘ၀မြင့်ရပ်ကွက်, သင်္ဃန်းကျွန်း. Township: Thingangyun. District: Yangon East"
1864,AM,အေအမ်,Restaurant,စားသောက်ဆိုင်,,,Thingangyun,Thingangyun,Thingangyun,,Yangon East,ရန်ကုန်အရှေ့ပိုင်း,Yangon,ရန်ကုန်,,16.845318,96.201446,,4.4,202,,Yangon,Name: AM (အေအမ်). Category: Restaurant. Address: Thingangyun. Township: Thingangyun. District: Yangon East
895,ANGELINA,အိန်ဂျလီနာ,Shop,အထွေထွေအမျိုးအစား,,,Thingangyun,Thingangyun,Thingangyun,,Yangon East,ရန်ကုန်အရှေ့ပိုင်း,Yangon,ရန်ကုန်,,16.825744,96.186492,,4.5,295,,Yangon,Name: ANGELINA (အိန်ဂျလီနာ). Category: Shop. Address: Thingangyun. Township: Thingangyun. District: Yangon East
1176,ASIA GOLDEN LION INT'L LTD.,အာရှဂိုဒန်းလိုင်းယွန်းအင်တာနေရှင်နယ်လီမိတက်,Company,ရုံးခန်းနှင့် လူနေအိမ်ရာ,,,Thingangyun,Thingangyun,Thingangyun,,Yangon East,ရန်ကုန်အရှေ့ပိုင်း,Yangon,ရန်ကုန်,,16.82736,96.18883,,4.6,538,,Yangon,Name: ASIA GOLDEN LION INT'L LTD. (အာရှဂိုဒန်းလိုင်းယွန်းအင်တာနေရှင်နယ်လီမိတက်). Category: Company. Address: Thingangyun. Township: Thingangyun. District: Yangon East
420,ASIAN SMILE HOTEL,ASIAN SMILE HOTEL,Hotel,ဟိုတယ်နှင့် တည်းခိုခန်း,,,"No.324,Thanthumar Road,Supaing Ward (TGGN),Thingangyun","No.324,Thanthumar Road,Supaing Ward (TGGN),Thingangyun",Thingangyun,,Yangon East,ရန်ကုန်အရှေ့ပိုင်း,Yangon,ရန်ကုန်,,16.8186,96.1983,,4,70,,Yangon,"Name: ASIAN SMILE HOTEL. Category: Hotel. Address: No.324,Thanthumar Road,Supaing Ward (TGGN),Thingangyun. Township: Thingangyun. District: Yangon East"
330,AYA Bank,ဧရာဝတီဘဏ်,Bank,ဘဏ်နှင့် ငွေကြေးဝန်ဆောင်မှု,1-Dec,43477,"1/12 Than Thu Mar Road, Ward-24 Thuwunna, Thingangyun, Yangon","၄၃၄၇၇, သံသုမာလမ်း, သု၀ဏ္ဏ(၂၄)ရပ်ကွက်, သင်္ဃန်းကျွန်း",Thingangyun,သင်္ဃန်းကျွန်း,Yangon East,ရန်ကုန်အရှေ့ပိုင်း,Yangon,ရန်ကုန်,11431.0,16.817605,96.19733,,4,400,,Yangon,"Name: AYA Bank (ဧရာဝတီဘဏ်). Category: Bank. House Number: 1-Dec. Address: ၄၃၄၇၇, သံသုမာလမ်း, သု၀ဏ္ဏ(၂၄)ရပ်ကွက်, သင်္ဃန်းကျွန်း. Township: Thingangyun. District: Yangon East"
154,AYA Bank_Thingangyun (Yankin Branch),ဧရာဝတီဘဏ်-သင်္ကန်း(ရန်ကင်းဘဏ်ခွဲ),Bank,ဘဏ်နှင့် ငွေကြေးဝန်ဆောင်မှု,42,42,"42 Lay Daung Kan Road, Lay Daunkan Ward, Thingangyun, Yangon","၄၂, လေးထောင့်ကန်လမ်း, လေးဒေါင့်ကန်ရပ်ကွက်, သင်္ဃန်းကျွန်း",Thingangyun,သင်္ဃန်းကျွန်း,Yangon East,ရန်ကုန်အရှေ့ပိုင်း,Yangon,ရန်ကုန်,11431.0,16.839452,96.202213,,4.4,472,,Yangon,"Name: AYA Bank_Thingangyun (Yankin Branch) (ဧရာဝတီဘဏ်-သင်္ကန်း(ရန်ကင်းဘဏ်ခွဲ)). Category: Bank. House Number: 42. Address: ၄၂, လေးထောင့်ကန်လမ်း, လေးဒေါင့်ကန်ရပ်ကွက်, သင်္ဃန်းကျွန်း. Township: Thingangyun. District: Yangon East"
423,AYA Yangon (39) Yadanar Road Branch,AYA Yangon (39) Yadanar Road Branch,Bank,ဘဏ်နှင့် ငွေကြေးဝန်ဆောင်မှု,,,"No (768) Ground Floor, Yandanar Road, Thingangyun Township, Yangon Division.","No (768) Ground Floor, Yandanar Road, Thingangyun Township, Yangon Division.",Thingangyun,,Yangon East,ရန်ကုန်အရှေ့ပိုင်း,Yangon,ရန်ကုန်,,16.8363,96.1842,,4.3,79,,Yangon,"Name: AYA Yangon (39) Yadanar Road Branch. Category: Bank. Address: No (768) Ground Floor, Yandanar Road, Thingangyun Township, Yangon Division.. Township: Thingangyun. District: Yangon East"
424,AYA Yangon (44) Thingangyun Lay Dauk Kan Branch,AYA Yangon (44) Thingangyun Lay Dauk Kan Branch,Bank,ဘဏ်နှင့် ငွေကြေးဝန်ဆောင်မှု,,,"No. 41, Lay Dauk Kan Road, Lay Dauk Kan Ward, Thingangyan Tsp, Yangon Divison.","No. 41, Lay Dauk Kan Road, Lay Dauk Kan Ward, Thingangyan Tsp, Yangon Divison.",Thingangyun,,Yangon East,ရန်ကုန်အရှေ့ပိုင်း,Yangon,ရန်ကုန်,,16.8394,96.2022,,4.4,82,,Yangon,"Name: AYA Yangon (44) Thingangyun Lay Dauk Kan Branch. Category: Bank. Address: No. 41, Lay Dauk Kan Road, Lay Dauk Kan Ward, Thingangyan Tsp, Yangon Divison.. Township: Thingangyun. District: Yangon East"
425,AYA Yangon(10) Thuwana Branch,AYA Yangon(10) Thuwana Branch,Bank,ဘဏ်နှင့် ငွေကြေးဝန်ဆောင်မှု,,,"No. 12, Than Thu Mar Road, Than Thu Mar Housing, Thuwana, Thingangyun Tsp., Yangon Division.","No. 12, Than Thu Mar Road, Than Thu Mar Housing, Thuwana, Thingangyun Tsp., Yangon Division.",Thingangyun,,Yangon East,ရန်ကုန်အရှေ့ပိုင်း,Yangon,ရန်ကုန်,,16.8181,96.1981,,4.5,85,,Yangon,"Name: AYA Yangon(10) Thuwana Branch. Category: Bank. Address: No. 12, Than Thu Mar Road, Than Thu Mar Housing, Thuwana, Thingangyun Tsp., Yangon Division.. Township: Thingangyun. District: Yangon East"
426,AYA Yangon(27)Thingangyun Branch,AYA Yangon(27)Thingangyun Branch,Bank,ဘဏ်နှင့် ငွေကြေးဝန်ဆောင်မှု,,,"No (1) , Waizayantar Road, Ground Floor, Mi Chaung Kan (1), Thingangyun Township, Yangon.","No (1) , Waizayantar Road, Ground Floor, Mi Chaung Kan (1), Thingangyun Township, Yangon.",Thingangyun,,Yangon East,ရန်ကုန်အရှေ့ပိုင်း,Yangon,ရန်ကုန်,,16.8223,96.1818,,4.6,88,,Yangon,"Name: AYA Yangon(27)Thingangyun Branch. Category: Bank. Address: No (1) , Waizayantar Road, Ground Floor, Mi Chaung Kan (1), Thingangyun Township, Yangon.. Township: Thingangyun. District: Yangon East"
1850,AZ,အေဇက်,Repair Facility,ပြုပြင်ရေးလုပ်ငန်း,,,Thingangyun,Thingangyun,Thingangyun,,Yangon East,ရန်ကုန်အရှေ့ပိုင်း,Yangon,ရန်ကုန်,,16.844805,96.199947,,4,160,,Yangon,Name: AZ (အေဇက်). Category: Repair Facility. Address: Thingangyun. Township: Thingangyun. District: Yangon East
1192,"AceCook Myanmar Co., Ltd.",အေ့စ်ကွတ်မြန်မာကုမ္ပဏီလီမိတက်,Company,ရုံးခန်းနှင့် လူနေအိမ်ရာ,,,Thingangyun,Thingangyun,Thingangyun,,Yangon East,ရန်ကုန်အရှေ့ပိုင်း,Yangon,ရန်ကုန်,,16.820906,96.197837,,4.2,586,,Yangon,"Name: AceCook Myanmar Co., Ltd. (အေ့စ်ကွတ်မြန်မာကုမ္ပဏီလီမိတက်). Category: Company. Address: Thingangyun. Township: Thingangyun. District: Yangon East"
1175,"Acleda MFI Myanmar Co., Ltd.",အေစီလီဒါအမ်အက်ဖ်အိုင်မြန်မာကုမ္ပဏီလီမိတက်,Company,ရုံးခန်းနှင့် လူနေအိမ်ရာ,,,Thingangyun,Thingangyun,Thingangyun,,Yangon East,ရန်ကုန်အရှေ့ပိုင်း,Yangon,ရန်ကုန်,,16.834871,96.20757,,4.5,535,,Yangon,"Name: Acleda MFI Myanmar Co., Ltd. (အေစီလီဒါအမ်အက်ဖ်အိုင်မြန်မာကုမ္ပဏီလီမိတက်). Category: Company. Address: Thingangyun. Township: Thingangyun. District: Yangon East"
68,Acleda Mfi Myanmar,အေကယ်ဒါ အမ်အက်ဖ်အိုင် မြန်မာ,Company,ရုံးခန်းနှင့် လူနေအိမ်ရာ,257,257,"257 Than Thu Mar Road, (Nga/Ka) Ward, Thingangyun, Yangon","၂၅၇, သံသုမာလမ်း, (င^က)ရပ်ကွက်, သင်္ဃန်းကျွန်း",Thingangyun,သင်္ဃန်းကျွန်း,Yangon East,ရန်ကုန်အရှေ့ပိုင်း,Yangon,ရန်ကုန်,11431.0,16.834933,96.207519,,4.8,214,,Yangon,"Name: Acleda Mfi Myanmar (အေကယ်ဒါ အမ်အက်ဖ်အိုင် မြန်မာ). Category: Company. House Number: 257. Address: ၂၅၇, သံသုမာလမ်း, (င^က)ရပ်ကွက်, သင်္ဃန်းကျွန်း. Township: Thingangyun. District: Yangon East"
2017,Adam Design System,အဒမ် ဒဇိုင်း စစ်စတန်,Shop,အထွေထွေအမျိုးအစား,,,Thingangyun,Thingangyun,Thingangyun,,Yangon East,ရန်ကုန်အရှေ့ပိုင်း,Yangon,ရန်ကုန်,,16.835733,96.186522,,4.7,61,,Yangon,Name: Adam Design System (အဒမ် ဒဇိုင်း စစ်စတန်). Category: Shop. Address: Thingangyun. Township: Thingangyun. District: Yangon East
1185,Affinity Quality Test Services Company Limited,အတ်ဖတ်နတီကွာလတီတတ်စ်ဆားဗစ်စ်ကုမ္ပဏီလီမိတက်,Company,ရုံးခန်းနှင့် လူနေအိမ်ရာ,,,Thingangyun,Thingangyun,Thingangyun,,Yangon East,ရန်ကုန်အရှေ့ပိုင်း,Yangon,ရန်ကုန်,,16.82815,96.19033,,4.5,565,,Yangon,Name: Affinity Quality Test Services Company Limited (အတ်ဖတ်နတီကွာလတီတတ်စ်ဆားဗစ်စ်ကုမ္ပဏီလီမိတက်). Category: Company. Address: Thingangyun. Township: Thingangyun. District: Yangon East
830,Ah Mann,အားမာန်,Shop,အထွေထွေအမျိုးအစား,,,Thingangyun,Thingangyun,Thingangyun,,Yangon East,ရန်ကုန်အရှေ့ပိုင်း,Yangon,ရန်ကုန်,,16.826151,96.207098,,4,100,,Yangon,Name: Ah Mann (အားမာန်). Category: Shop. Address: Thingangyun. Township: Thingangyun. District: Yangon East
731,Akane Japanese Language Shool,အကိန်းဂျပန်ဘာသာကျောင်း,School,ကျောင်းနှင့် တက္ကသိုလ်,,,Thingangyun,Thingangyun,Thingangyun,,Yangon East,ရန်ကုန်အရှေ့ပိုင်း,Yangon,ရန်ကုန်,,16.814217,96.210202,,4.1,403,,Yangon,Name: Akane Japanese Language Shool (အကိန်းဂျပန်ဘာသာကျောင်း). Category: School. Address: Thingangyun. Township: Thingangyun. District: Yangon East
1063,Akar Soe,အာကာစိုး,Repair Facility,ပြုပြင်ရေးလုပ်ငန်း,,,Thingangyun,Thingangyun,Thingangyun,,Yangon East,ရန်ကုန်အရှေ့ပိုင်း,Yangon,ရန်ကုန်,,16.842485,96.199896,,4.3,199,,Yangon,Name: Akar Soe (အာကာစိုး). Category: Repair Facility. Address: Thingangyun. Township: Thingangyun. District: Yangon East
1464,Akari May,ဧကရီမေ,Shop,အထွေထွေအမျိုးအစား,,,Thingangyun,Thingangyun,Thingangyun,,Yangon East,ရန်ကုန်အရှေ့ပိုင်း,Yangon,ရန်ကုန်,,16.840176,96.200881,,4.4,202,,Yangon,Name: Akari May (ဧကရီမေ). Category: Shop. Address: Thingangyun. Township: Thingangyun. District: Yangon East
736,"Alaxy Synergy Group Co., Ltd.",အဲလက်စီ စနန်ဂျီ ဂရု ကုမ္ပဏီ,Company,ရုံးခန်းနှင့် လူနေအိမ်ရာ,,,Thingangyun,Thingangyun,Thingangyun,,Yangon East,ရန်ကုန်အရှေ့ပိုင်း,Yangon,ရန်ကုန်,,16.82528,96.212485,,4.6,418,,Yangon,"Name: Alaxy Synergy Group Co., Ltd. (အဲလက်စီ စနန်ဂျီ ဂရု ကုမ္ပဏီ). Category: Company. Address: Thingangyun. Township: Thingangyun. District: Yangon East"
590,Alin Gabar,Alin Gabar,Shop,အထွေထွေအမျိုးအစား,,,"Ward 25 Thuwunna (TGGN), Thingangyun","Ward 25 Thuwunna (TGGN), Thingangyun",Thingangyun,,Yangon East,ရန်ကုန်အရှေ့ပိုင်း,Yangon,ရန်ကုန်,,16.8213,96.2027,,4,580,,Yangon,"Name: Alin Gabar. Category: Shop. Address: Ward 25 Thuwunna (TGGN), Thingangyun. Township: Thingangyun. District: Yangon East"
69,Alin Gar,အင်္လကာ,Car Repair Facility,ပြုပြင်ရေးလုပ်ငန်း,6,6,"6 Than Thu Mar Road, (Nga/Ka) Ward, Thingangyun, Yangon","၆, သံသုမာလမ်း, (င^က)ရပ်ကွက်, သင်္ဃန်းကျွန်း",Thingangyun,သင်္ဃန်းကျွန်း,Yangon East,ရန်ကုန်အရှေ့ပိုင်း,Yangon,ရန်ကုန်,11431.0,16.832191,96.207972,,4.9,217,,Yangon,"Name: Alin Gar (အင်္လကာ). Category: Car Repair Facility. House Number: 6. Address: ၆, သံသုမာလမ်း, (င^က)ရပ်ကွက်, သင်္ဃန်းကျွန်း. Township: Thingangyun. District: Yangon East"
1026,Alin Kar,အလင်္ကာ,Repair Facility,ပြုပြင်ရေးလုပ်ငန်း,,,Thingangyun,Thingangyun,Thingangyun,,Yangon East,ရန်ကုန်အရှေ့ပိုင်း,Yangon,ရန်ကုန်,,16.832304,96.208505,,4.6,88,,Yangon,Name: Alin Kar (အလင်္ကာ). Category: Repair Facility. Address: Thingangyun. Township: Thingangyun. District: Yangon East
1462,Allfyll,အောလ်ဖလ်,Shop,အထွေထွေအမျိုးအစား,,,Thingangyun,Thingangyun,Thingangyun,,Yangon East,ရန်ကုန်အရှေ့ပိုင်း,Yangon,ရန်ကုန်,,16.832513,96.207934,,4.2,196,,Yangon,Name: Allfyll (အောလ်ဖလ်). Category: Shop. Address: Thingangyun. Township: Thingangyun. District: Yangon East
1941,Alu-guardian,အေအယ်ယူဂာဒီယမ်,Shop,အထွေထွေအမျိုးအစား,,,Thingangyun,Thingangyun,Thingangyun,,Yangon East,ရန်ကုန်အရှေ့ပိုင်း,Yangon,ရန်ကုန်,,16.834198,96.196811,,4.1,433,,Yangon,Name: Alu-guardian (အေအယ်ယူဂာဒီယမ်). Category: Shop. Address: Thingangyun. Township: Thingangyun. District: Yangon East
3,Amae Eain,အမေ့အိမ်,Private School,ကိုယ်ပိုင်ကျောင်း,A2,at 2,"A2 Thu Mingalar Road, Kyaikasan West Ward, Thingangyun, Yangon","အေ ၂, သုမင်္ဂလာလမ်း, ကျိုက္ကဆံရပ်ကွက်, သင်္ဃန်းကျွန်း",Thingangyun,သင်္ဃန်းကျွန်း,Yangon East,ရန်ကုန်အရှေ့ပိုင်း,Yangon,ရန်ကုန်,11431.0,16.835528,96.186695,,4.3,19,,Yangon,"Name: Amae Eain (အမေ့အိမ်). Category: Private School. House Number: A2. Address: အေ ၂, သုမင်္ဂလာလမ်း, ကျိုက္ကဆံရပ်ကွက်, သင်္ဃန်းကျွန်း. Township: Thingangyun. District: Yangon East"
894,Amara,အမရာ,Shop,အထွေထွေအမျိုးအစား,,,Thingangyun,Thingangyun,Thingangyun,,Yangon East,ရန်ကုန်အရှေ့ပိုင်း,Yangon,ရန်ကုန်,,16.844134,96.202477,,4.4,292,,Yangon,Name: Amara (အမရာ). Category: Shop. Address: Thingangyun. Township: Thingangyun. District: Yangon East
1,Amazing,အမေးဇင်း,Fashion (Sport General),ဖက်ရှင်စတိုး,A1 004,at0rf; 004,"A1 004 Thu Mingalar Road, Kyaikasan West Ward, Thingangyun, Yangon","အေ၀မ်း ၀၀၄, သုမင်္ဂလာလမ်း, ကျိုက္ကဆံရပ်ကွက်, သင်္ဃန်းကျွန်း",Thingangyun,သင်္ဃန်းကျွန်း,Yangon East,ရန်ကုန်အရှေ့ပိုင်း,Yangon,ရန်ကုန်,11431.0,16.835653,96.18667,,4.1,13,,Yangon,"Name: Amazing (အမေးဇင်း). Category: Fashion (Sport General). House Number: A1 004. Address: အေ၀မ်း ၀၀၄, သုမင်္ဂလာလမ်း, ကျိုက္ကဆံရပ်ကွက်, သင်္ဃန်းကျွန်း. Township: Thingangyun. District: Yangon East"
1983,Amazing,အမေးဇင်း,Shop,အထွေထွေအမျိုးအစား,,,Thingangyun,Thingangyun,Thingangyun,,Yangon East,ရန်ကုန်အရှေ့ပိုင်း,Yangon,ရန်ကုန်,,16.835794,96.186478,,4.3,559,,Yangon,Name: Amazing (အမေးဇင်း). Category: Shop. Address: Thingangyun. Township: Thingangyun. District: Yangon East
1619,Amazing House,အမေးဇင်းဟောက်စ်,Shop,အထွေထွေအမျိုးအစား,,,Thingangyun,Thingangyun,Thingangyun,,Yangon East,ရန်ကုန်အရှေ့ပိုင်း,Yangon,ရန်ကုန်,,16.833761,96.178687,,4.9,67,,Yangon,Name: Amazing House (အမေးဇင်းဟောက်စ်). Category: Shop. Address: Thingangyun. Township: Thingangyun. District: Yangon East
151,Amici,အမီစီ,Company,ရုံးခန်းနှင့် လူနေအိမ်ရာ,71,71,"71 Lay Daung Kan Road, Lay Daunkan Ward, Thingangyun, Yangon","၇၁, လေးထောင့်ကန်လမ်း, လေးဒေါင့်ကန်ရပ်ကွက်, သင်္ဃန်းကျွန်း",Thingangyun,သင်္ဃန်းကျွန်း,Yangon East,ရန်ကုန်အရှေ့ပိုင်း,Yangon,ရန်ကုန်,11431.0,16.83773,96.200381,,4.1,463,,Yangon,"Name: Amici (အမီစီ). Category: Company. House Number: 71. Address: ၇၁, လေးထောင့်ကန်လမ်း, လေးဒေါင့်ကန်ရပ်ကွက်, သင်္ဃန်းကျွန်း. Township: Thingangyun. District: Yangon East"
1919,Amigos,အမီးဂော့,Company,ရုံးခန်းနှင့် လူနေအိမ်ရာ,,,Thingangyun,Thingangyun,Thingangyun,,Yangon East,ရန်ကုန်အရှေ့ပိုင်း,Yangon,ရန်ကုန်,,16.844645,96.199812,,4.9,367,,Yangon,Name: Amigos (အမီးဂော့). Category: Company. Address: Thingangyun. Township: Thingangyun. District: Yangon East
87,Amigos Co.; Ltd,အေမီကို,Company,ရုံးခန်းနှင့် လူနေအိမ်ရာ,4,4,"4 Yadanar Road, Bawa Myint Ward, Thingangyun, Yangon","၄, ရတနာလမ်း, ဘ၀မြင့်ရပ်ကွက်, သင်္ဃန်းကျွန်း",Thingangyun,သင်္ဃန်းကျွန်း,Yangon East,ရန်ကုန်အရှေ့ပိုင်း,Yangon,ရန်ကုန်,11431.0,16.844645,96.199782,,4.7,271,,Yangon,"Name: Amigos Co.; Ltd (အေမီကို). Category: Company. House Number: 4. Address: ၄, ရတနာလမ်း, ဘ၀မြင့်ရပ်ကွက်, သင်္ဃန်းကျွန်း. Township: Thingangyun. District: Yangon East"
419,Ananda Myittar Pagoda,အနန္ဒာမေတ္တာစေတီ,Pagoda,ဘာသာရေးနေရာ,,,"Yangon Thit Ward (TGGN), Thingangyun","Yangon Thit Ward (TGGN), Thingangyun",Thingangyun,,Yangon East,ရန်ကုန်အရှေ့ပိုင်း,Yangon,ရန်ကုန်,,16.8255,96.2124,,4.9,67,,Yangon,"Name: Ananda Myittar Pagoda (အနန္ဒာမေတ္တာစေတီ). Category: Pagoda. Address: Yangon Thit Ward (TGGN), Thingangyun. Township: Thingangyun. District: Yangon East"
1920,"Andaman Eight Co., Ltd.",အန်ဒမမ်အိတ်ကုမ္ပဏီလီမိတက်,Company,ရုံးခန်းနှင့် လူနေအိမ်ရာ,,,Thingangyun,Thingangyun,Thingangyun,,Yangon East,ရန်ကုန်အရှေ့ပိုင်း,Yangon,ရန်ကုန်,,16.838466,96.200538,,4,370,,Yangon,"Name: Andaman Eight Co., Ltd. (အန်ဒမမ်အိတ်ကုမ္ပဏီလီမိတက်). Category: Company. Address: Thingangyun. Township: Thingangyun. District: Yangon East"
1987,Angel,အိန်ဂျယ်,Shop,အထွေထွေအမျိုးအစား,,,Thingangyun,Thingangyun,Thingangyun,,Yangon East,ရန်ကုန်အရှေ့ပိုင်း,Yangon,ရန်ကုန်,,16.837632,96.200406,,4.7,571,,Yangon,Name: Angel (အိန်ဂျယ်). Category: Shop. Address: Thingangyun. Township: Thingangyun. District: Yangon East
1399,Angel,အိန်ဂျယ်(လ်),Shop,အထွေထွေအမျိုးအစား,,,Thingangyun,Thingangyun,Thingangyun,,Yangon East,ရန်ကုန်အရှေ့ပိုင်း,Yangon,ရန်ကုန်,,16.840306,96.200975,,4.9,607,,Yangon,Name: Angel (အိန်ဂျယ်(လ်)). Category: Shop. Address: Thingangyun. Township: Thingangyun. District: Yangon East
758,Anime Centre,အနမီစင်တာ,Shop,အထွေထွေအမျိုးအစား,,,Thingangyun,Thingangyun,Thingangyun,,Yangon East,ရန်ကုန်အရှေ့ပိုင်း,Yangon,ရန်ကုန်,,16.837769,96.200549,,4.8,484,,Yangon,Name: Anime Centre (အနမီစင်တာ). Category: Shop. Address: Thingangyun. Township: Thingangyun. District: Yangon East
1198,Apex,အေးပက်စ်,Shop,အထွေထွေအမျိုးအစား,,,Thingangyun,Thingangyun,Thingangyun,,Yangon East,ရန်ကုန်အရှေ့ပိုင်း,Yangon,ရန်ကုန်,,16.827798,96.20765,,4.8,604,,Yangon,Name: Apex (အေးပက်စ်). Category: Shop. Address: Thingangyun. Township: Thingangyun. District: Yangon East
1129,Ar Yone Oo,အရုဏ်ဦး,Hospital/Polyclinic,ဆေးရုံနှင့် ဆေးခန်း,,,Thingangyun,Thingangyun,Thingangyun,,Yangon East,ရန်ကုန်အရှေ့ပိုင်း,Yangon,ရန်ကုန်,,16.825842,96.20674,,4.9,397,,Yangon,Name: Ar Yone Oo (အရုဏ်ဦး). Category: Hospital/Polyclinic. Address: Thingangyun. Township: Thingangyun. District: Yangon East
371,Ar Yone Oo,အာရုံဦး,Clinic,ဆေးရုံနှင့် ဆေးခန်း,T 7,wD7,"T 7 Than Thu Mar Road, Ward-29 Thuwunna, Thingangyun, Yangon","တီ၇, သံသုမာလမ်း, သု၀ဏ္ဏ(၂၉)ရပ်ကွက်, သင်္ဃန်းကျွန်း",Thingangyun,သင်္ဃန်းကျွန်း,Yangon East,ရန်ကုန်အရှေ့ပိုင်း,Yangon,ရန်ကုန်,11431.0,16.82541,96.206966,,4.1,523,,Yangon,"Name: Ar Yone Oo (အာရုံဦး). Category: Clinic. House Number: T 7. Address: တီ၇, သံသုမာလမ်း, သု၀ဏ္ဏ(၂၉)ရပ်ကွက်, သင်္ဃန်းကျွန်း. Township: Thingangyun. District: Yangon East"
2029,Ariyan,အာရိယန်,Nightlife,ဘားနှင့် ဖျော်ဖြေရေး,,,Thingangyun,Thingangyun,Thingangyun,,Yangon East,ရန်ကုန်အရှေ့ပိုင်း,Yangon,ရန်ကုန်,,16.836662,96.185659,,4.9,97,,Yangon,Name: Ariyan (အာရိယန်). Category: Nightlife. Address: Thingangyun. Township: Thingangyun. District: Yangon East
1908,Arkar Tha,အာကာသ,School,ကျောင်းနှင့် တက္ကသိုလ်,,,Thingangyun,Thingangyun,Thingangyun,,Yangon East,ရန်ကုန်အရှေ့ပိုင်း,Yangon,ရန်ကုန်,,16.835394,96.186798,,4.8,334,,Yangon,Name: Arkar Tha (အာကာသ). Category: School. Address: Thingangyun. Township: Thingangyun. District: Yangon East
152,Arr Yone Oo,အရုဏ်ဦး,Rice Shop,အထွေထွေအမျိုးအစား,26,26,"26 Lay Daung Kan Road, Lay Daunkan Ward, Thingangyun, Yangon","၂၆, လေးထောင့်ကန်လမ်း, လေးဒေါင့်ကန်ရပ်ကွက်, သင်္ဃန်းကျွန်း",Thingangyun,သင်္ဃန်းကျွန်း,Yangon East,ရန်ကုန်အရှေ့ပိုင်း,Yangon,ရန်ကုန်,11431.0,16.840882,96.203654,,4.2,466,,Yangon,"Name: Arr Yone Oo (အရုဏ်ဦး). Category: Rice Shop. House Number: 26. Address: ၂၆, လေးထောင့်ကန်လမ်း, လေးဒေါင့်ကန်ရပ်ကွက်, သင်္ဃန်းကျွန်း. Township: Thingangyun. District: Yangon East"
1942,Arr Yone Oo,အရုဏ်ဦး,Shop,အထွေထွေအမျိုးအစား,,,Thingangyun,Thingangyun,Thingangyun,,Yangon East,ရန်ကုန်အရှေ့ပိုင်း,Yangon,ရန်ကုန်,,16.840835,96.203691,,4.2,436,,Yangon,Name: Arr Yone Oo (အရုဏ်ဦး). Category: Shop. Address: Thingangyun. Township: Thingangyun. District: Yangon East
1157,Arts of Knowlege,အာ့အော့(ဖ်)နောလိတ်(အ်),School,ကျောင်းနှင့် တက္ကသိုလ်,,,Thingangyun,Thingangyun,Thingangyun,,Yangon East,ရန်ကုန်အရှေ့ပိုင်း,Yangon,ရန်ကုန်,,16.837378,96.201768,,4.7,481,,Yangon,Name: Arts of Knowlege (အာ့အော့(ဖ်)နောလိတ်(အ်)). Category: School. Address: Thingangyun. Township: Thingangyun. District: Yangon East
1240,Asia,အာရှ,Shop,အထွေထွေအမျိုးအစား,,,Thingangyun,Thingangyun,Thingangyun,,Yangon East,ရန်ကုန်အရှေ့ပိုင်း,Yangon,ရန်ကုန်,,16.82844,96.197185,,4,130,,Yangon,Name: Asia (အာရှ). Category: Shop. Address: Thingangyun. Township: Thingangyun. District: Yangon East
666,Asian Smile,အေးရှားစမိုင်း,Hotel/Motel,ဟိုတယ်နှင့် တည်းခိုခန်း,,,Thingangyun,Thingangyun,Thingangyun,,Yangon East,ရန်ကုန်အရှေ့ပိုင်း,Yangon,ရန်ကုန်,,16.81861,96.198234,,4.6,208,,Yangon,Name: Asian Smile (အေးရှားစမိုင်း). Category: Hotel/Motel. Address: Thingangyun. Township: Thingangyun. District: Yangon East
59,Asian Smile Hotel,အေးရှန်းစမိုင်းဟိုတယ်,Hotel,ဟိုတယ်နှင့် တည်းခိုခန်း,324,324,"324 Thanthumar Road, Supaing Ward, Thingangyun, Yangon","၃၂၄, သံသုမာလမ်း, စုပေါင်းရပ်ကွက်, သင်္ဃန်းကျွန်း",Thingangyun,သင်္ဃန်းကျွန်း,Yangon East,ရန်ကုန်အရှေ့ပိုင်း,Yangon,ရန်ကုန်,11431.0,16.8186,96.1983,,4.9,187,,Yangon,"Name: Asian Smile Hotel (အေးရှန်းစမိုင်းဟိုတယ်). Category: Hotel. House Number: 324. Address: ၃၂၄, သံသုမာလမ်း, စုပေါင်းရပ်ကွက်, သင်္ဃန်းကျွန်း. Township: Thingangyun. District: Yangon East"
2020,August,သြဂုတ်,Café/Pub,ဘားနှင့် ဖျော်ဖြေရေး,,,Thingangyun,Thingangyun,Thingangyun,,Yangon East,ရန်ကုန်အရှေ့ပိုင်း,Yangon,ရန်ကုန်,,16.841239,96.196125,,4,70,,Yangon,Name: August (သြဂုတ်). Category: Café/Pub. Address: Thingangyun. Township: Thingangyun. District: Yangon East
1992,Aung,အောင်,Shop,အထွေထွေအမျိုးအစား,,,Thingangyun,Thingangyun,Thingangyun,,Yangon East,ရန်ကုန်အရှေ့ပိုင်း,Yangon,ရန်ကုန်,,16.832479,96.195011,,4.2,586,,Yangon,Name: Aung (အောင်). Category: Shop. Address: Thingangyun. Township: Thingangyun. District: Yangon East
1790,Aung,အောင်,Café/Pub,ဘားနှင့် ဖျော်ဖြေရေး,,,Thingangyun,Thingangyun,Thingangyun,,Yangon East,ရန်ကုန်အရှေ့ပိုင်း,Yangon,ရန်ကုန်,,16.843806,96.202171,,4,580,,Yangon,Name: Aung (အောင်). Category: Café/Pub. Address: Thingangyun. Township: Thingangyun. District: Yangon East
1199,Aung,အောင်,Shop,အထွေထွေအမျိုးအစား,,,Thingangyun,Thingangyun,Thingangyun,,Yangon East,ရန်ကုန်အရှေ့ပိုင်း,Yangon,ရန်ကုန်,,16.828516,96.197577,,4.9,607,,Yangon,Name: Aung (အောင်). Category: Shop. Address: Thingangyun. Township: Thingangyun. District: Yangon East
969,Aung,အောင်,Pharmacy,ဆေးဆိုင်,,,Thingangyun,Thingangyun,Thingangyun,,Yangon East,ရန်ကုန်အရှေ့ပိုင်း,Yangon,ရန်ကုန်,,16.831403,96.208602,,4.9,517,,Yangon,Name: Aung (အောင်). Category: Pharmacy. Address: Thingangyun. Township: Thingangyun. District: Yangon East
705,Aung,အောင်,Hospital/Polyclinic,ဆေးရုံနှင့် ဆေးခန်း,,,Thingangyun,Thingangyun,Thingangyun,,Yangon East,ရန်ကုန်အရှေ့ပိုင်း,Yangon,ရန်ကုန်,,16.824374,96.195028,,4.5,325,,Yangon,Name: Aung (အောင်). Category: Hospital/Polyclinic. Address: Thingangyun. Township: Thingangyun. District: Yangon East
759,Aung,အောင်,Shop,အထွေထွေအမျိုးအစား,,,Thingangyun,Thingangyun,Thingangyun,,Yangon East,ရန်ကုန်အရှေ့ပိုင်း,Yangon,ရန်ကုန်,,16.826686,96.209832,,4.9,487,,Yangon,Name: Aung (အောင်). Category: Shop. Address: Thingangyun. Township: Thingangyun. District: Yangon East
119,Aung,အောင်,Photo Studio,အထွေထွေအမျိုးအစား,33,33,"33 Lay Daung Kan Road, Bo Kan Nyunt Ward, Thingangyun, Yangon","၃၃, လေးထောင့်ကန်လမ်း, ဗိုလ်ကံညွန့်ရပ်ကွက်, သင်္ဃန်းကျွန်း",Thingangyun,သင်္ဃန်းကျွန်း,Yangon East,ရန်ကုန်အရှေ့ပိုင်း,Yangon,ရန်ကုန်,11431.0,16.832504,96.194954,,4.9,367,,Yangon,"Name: Aung (အောင်). Category: Photo Studio. House Number: 33. Address: ၃၃, လေးထောင့်ကန်လမ်း, ဗိုလ်ကံညွန့်ရပ်ကွက်, သင်္ဃန်းကျွန်း. Township: Thingangyun. District: Yangon East"
1839,Aung,အောင်,Repair Facility,ပြုပြင်ရေးလုပ်ငန်း,,,Thingangyun,Thingangyun,Thingangyun,,Yangon East,ရန်ကုန်အရှေ့ပိုင်း,Yangon,ရန်ကုန်,,16.838559,96.191699,,4.9,127,,Yangon,Name: Aung (အောင်). Category: Repair Facility. Address: Thingangyun. Township: Thingangyun. District: Yangon East
1245,Aung  Family,အောင်မိသားစု,Shop,အထွေထွေအမျိုးအစား,,,Thingangyun,Thingangyun,Thingangyun,,Yangon East,ရန်ကုန်အရှေ့ပိုင်း,Yangon,ရန်ကုန်,,16.844004,96.201219,,4.5,145,,Yangon,Name: Aung  Family (အောင်မိသားစု). Category: Shop. Address: Thingangyun. Township: Thingangyun. District: Yangon East
970,Aung Aung,အောင်အောင်,Pharmacy,ဆေးဆိုင်,,,Thingangyun,Thingangyun,Thingangyun,,Yangon East,ရန်ကုန်အရှေ့ပိုင်း,Yangon,ရန်ကုန်,,16.828911,96.197429,,4,520,,Yangon,Name: Aung Aung (အောင်အောင်). Category: Pharmacy. Address: Thingangyun. Township: Thingangyun. District: Yangon East
1667,Aung Aung,အောင်အောင်,Shop,အထွေထွေအမျိုးအစား,,,Thingangyun,Thingangyun,Thingangyun,,Yangon East,ရန်ကုန်အရှေ့ပိုင်း,Yangon,ရန်ကုန်,,16.835115,96.181787,,4.7,211,,Yangon,Name: Aung Aung (အောင်အောင်). Category: Shop. Address: Thingangyun. Township: Thingangyun. District: Yangon East
49,Aung Brother,အောင်ဘရားသား,"Aluminium,Glass & Steel",ဆောက်လုပ်ရေးနှင့် ဟာ့ဒ်ဝဲ,32,32,"32 Than Thu Mar Road, Bawa Myint Ward, Thingangyun, Yangon","၃၂, သံသုမာလမ်း, ဘ၀မြင့်ရပ်ကွက်, သင်္ဃန်းကျွန်း",Thingangyun,သင်္ဃန်းကျွန်း,Yangon East,ရန်ကုန်အရှေ့ပိုင်း,Yangon,ရန်ကုန်,11431.0,16.845143,96.20157,,4.9,157,,Yangon,"Name: Aung Brother (အောင်ဘရားသား). Category: Aluminium,Glass & Steel. House Number: 32. Address: ၃၂, သံသုမာလမ်း, ဘ၀မြင့်ရပ်ကွက်, သင်္ဃန်းကျွန်း. Township: Thingangyun. District: Yangon East"
1995,Aung Chan Thar,အောင်ချမ်းသာ,Shop,အထွေထွေအမျိုးအစား,,,Thingangyun,Thingangyun,Thingangyun,,Yangon East,ရန်ကုန်အရှေ့ပိုင်း,Yangon,ရန်ကုန်,,16.84076,96.195601,,4.5,595,,Yangon,Name: Aung Chan Thar (အောင်ချမ်းသာ). Category: Shop. Address: Thingangyun. Township: Thingangyun. District: Yangon East
1200,Aung Chan Thar,အောင်ချမ်းသာ,Shop,အထွေထွေအမျိုးအစား,,,Thingangyun,Thingangyun,Thingangyun,,Yangon East,ရန်ကုန်အရှေ့ပိုင်း,Yangon,ရန်ကုန်,,16.82996,96.202245,,4,10,,Yangon,Name: Aung Chan Thar (အောင်ချမ်းသာ). Category: Shop. Address: Thingangyun. Township: Thingangyun. District: Yangon East
42,Aung Htake Tan,အောင်ထိပ်တန်း,Traditional Clinic,ဆေးရုံနှင့် ဆေးခန်း,307,307,"307 Ngamoeyeik 7th Street, Nga Moe Yeik Ward, Thingangyun, Yangon","၃၀၇, ငမိုးရိပ်၇လမ်း, ငမိုးရိပ်ရပ်ကွက်, သင်္ဃန်းကျွန်း",Thingangyun,သင်္ဃန်းကျွန်း,Yangon East,ရန်ကုန်အရှေ့ပိုင်း,Yangon,ရန်ကုန်,11431.0,16.84377,96.202647,,4.2,136,,Yangon,"Name: Aung Htake Tan (အောင်ထိပ်တန်း). Category: Traditional Clinic. House Number: 307. Address: ၃၀၇, ငမိုးရိပ်၇လမ်း, ငမိုးရိပ်ရပ်ကွက်, သင်္ဃန်းကျွန်း. Township: Thingangyun. District: Yangon East"
1791,Aung Kaung Htet,အောင်ကောင်းထက်,Café/Pub,ဘားနှင့် ဖျော်ဖြေရေး,,,Thingangyun,Thingangyun,Thingangyun,,Yangon East,ရန်ကုန်အရှေ့ပိုင်း,Yangon,ရန်ကုန်,,16.839606,96.207796,,4.1,583,,Yangon,Name: Aung Kaung Htet (အောင်ကောင်းထက်). Category: Café/Pub. Address: Thingangyun. Township: Thingangyun. District: Yangon East
421,"Aung Kaung Kyaw Group Co.,Ltd","Aung Kaung Kyaw Group Co.,Ltd",Office Building,ရုံးခန်းနှင့် လူနေအိမ်ရာ,,,"3rd Flr, AKK Shopping Mall,Lay Daung Kan Rd.,Bo Kan Nyunt Ward (TGGN),Thingangyun","3rd Flr, AKK Shopping Mall,Lay Daung Kan Rd.,Bo Kan Nyunt Ward (TGGN),Thingangyun",Thingangyun,,Yangon East,ရန်ကုန်အရှေ့ပိုင်း,Yangon,ရန်ကုန်,,16.8293,96.1916,,4.1,73,,Yangon,"Name: Aung Kaung Kyaw Group Co.,Ltd. Category: Office Building. Address: 3rd Flr, AKK Shopping Mall,Lay Daung Kan Rd.,Bo Kan Nyunt Ward (TGGN),Thingangyun. Township: Thingangyun. District: Yangon East"
1792,Aung Kyaw Htay,အောင်ကျော်ဌေး,Café/Pub,ဘားနှင့် ဖျော်ဖြေရေး,,,Thingangyun,Thingangyun,Thingangyun,,Yangon East,ရန်ကုန်အရှေ့ပိုင်း,Yangon,ရန်ကုန်,,16.842341,96.200633,,4.2,586,,Yangon,Name: Aung Kyaw Htay (အောင်ကျော်ဌေး). Category: Café/Pub. Address: Thingangyun. Township: Thingangyun. District: Yangon East
365,Aung Kyaw Khant,အောင်ကျော်ခန့်,Hair Style,အလှပြင်နှင့် အပ်ချုပ်ဆိုင်,345,345,"345 Than Thu Mar Road, Ward-25 Thuwunna, Thingangyun, Yangon","၃၄၅, သံသုမာလမ်း, သု၀ဏ္ဏ(၂၅)ရပ်ကွက်, သင်္ဃန်းကျွန်း",Thingangyun,သင်္ဃန်းကျွန်း,Yangon East,ရန်ကုန်အရှေ့ပိုင်း,Yangon,ရန်ကုန်,11431.0,16.821293,96.202595,,4.5,505,,Yangon,"Name: Aung Kyaw Khant (အောင်ကျော်ခန့်). Category: Hair Style. House Number: 345. Address: ၃၄၅, သံသုမာလမ်း, သု၀ဏ္ဏ(၂၅)ရပ်ကွက်, သင်္ဃန်းကျွန်း. Township: Thingangyun. District: Yangon East"
935,Aung Kyaw Thu,အောင်ကျော်သူ,Café/Pub,ဘားနှင့် ဖျော်ဖြေရေး,,,Thingangyun,Thingangyun,Thingangyun,,Yangon East,ရန်ကုန်အရှေ့ပိုင်း,Yangon,ရန်ကုန်,,16.825506,96.186292,,4.5,415,,Yangon,Name: Aung Kyaw Thu (အောင်ကျော်သူ). Category: Café/Pub. Address: Thingangyun. Township: Thingangyun. District: Yangon East
129,Aung La Yaung,အောင်လရောင်,Car Air-Con Sale & Service,ပြုပြင်ရေးလုပ်ငန်း,52,52,"52 Than Thu Mar Road, Kyi Pwar Yae Ward, Thingangyun, Yangon","၅၂, သံသုမာလမ်း, ကြီးပွားရေးရပ်ကွက်, သင်္ဃန်းကျွန်း",Thingangyun,သင်္ဃန်းကျွန်း,Yangon East,ရန်ကုန်အရှေ့ပိုင်း,Yangon,ရန်ကုန်,11431.0,16.839511,96.207259,,4.9,397,,Yangon,"Name: Aung La Yaung (အောင်လရောင်). Category: Car Air-Con Sale & Service. House Number: 52. Address: ၅၂, သံသုမာလမ်း, ကြီးပွားရေးရပ်ကွက်, သင်္ဃန်းကျွန်း. Township: Thingangyun. District: Yangon East"
919,Aung Mobile,အောင် မိုဘိုင်းလ်,Shop,အထွေထွေအမျိုးအစား,,,Thingangyun,Thingangyun,Thingangyun,,Yangon East,ရန်ကုန်အရှေ့ပိုင်း,Yangon,ရန်ကုန်,,16.84399,96.202935,,4.9,367,,Yangon,Name: Aung Mobile (အောင် မိုဘိုင်းလ်). Category: Shop. Address: Thingangyun. Township: Thingangyun. District: Yangon East
258,Aung Myanmar,အောင်မြန်မာ,Pharmacy,ဆေးဆိုင်,906,906,"906 Lay Daung Kan Road, Nga Moe Yeik Ward, Thingangyun, Yangon","၉၀၆, လေးထောင့်ကန်လမ်း, ငမိုးရိပ်ရပ်ကွက်, သင်္ဃန်းကျွန်း",Thingangyun,သင်္ဃန်းကျွန်း,Yangon East,ရန်ကုန်အရှေ့ပိုင်း,Yangon,ရန်ကုန်,11431.0,16.840076,96.202188,,4.8,184,,Yangon,"Name: Aung Myanmar (အောင်မြန်မာ). Category: Pharmacy. House Number: 906. Address: ၉၀၆, လေးထောင့်ကန်လမ်း, ငမိုးရိပ်ရပ်ကွက်, သင်္ဃန်းကျွန်း. Township: Thingangyun. District: Yangon East"
1822,Aung Myanmar,အောင်မြန်မာ,Café/Pub,ဘားနှင့် ဖျော်ဖြေရေး,,,Thingangyun,Thingangyun,Thingangyun,,Yangon East,ရန်ကုန်အရှေ့ပိုင်း,Yangon,ရန်ကုန်,,16.834036,96.180728,,4.2,76,,Yangon,Name: Aung Myanmar (အောင်မြန်မာ). Category: Café/Pub. Address: Thingangyun. Township: Thingangyun. District: Yangon East
799,Aung Myin Thu,အောင်မြင်သူ,Shop,အထွေထွေအမျိုးအစား,,,Thingangyun,Thingangyun,Thingangyun,,Yangon East,ရန်ကုန်အရှေ့ပိုင်း,Yangon,ရန်ကုန်,,16.815004,96.191578,,4.9,607,,Yangon,Name: Aung Myin Thu (အောင်မြင်သူ). Category: Shop. Address: Thingangyun. Township: Thingangyun. District: Yangon East
328,Aung Myin Thu,အောင်သူရ,Sign Board Shop,အထွေထွေအမျိုးအစား,2-Aug,43504,"2/8 Than Thu Mar Road, Ward-24 Thuwunna, Thingangyun, Yangon","၄၃၅၀၄, သံသုမာလမ်း, သု၀ဏ္ဏ(၂၄)ရပ်ကွက်, သင်္ဃန်းကျွန်း",Thingangyun,သင်္ဃန်းကျွန်း,Yangon East,ရန်ကုန်အရှေ့ပိုင်း,Yangon,ရန်ကုန်,11431.0,16.815045,96.191598,,4.8,394,,Yangon,"Name: Aung Myin Thu (အောင်သူရ). Category: Sign Board Shop. House Number: 2-Aug. Address: ၄၃၅၀၄, သံသုမာလမ်း, သု၀ဏ္ဏ(၂၄)ရပ်ကွက်, သင်္ဃန်းကျွန်း. Township: Thingangyun. District: Yangon East"
1793,Aung Myint Myat,အောင်မြင့်မြတ်,Café/Pub,ဘားနှင့် ဖျော်ဖြေရေး,,,Thingangyun,Thingangyun,Thingangyun,,Yangon East,ရန်ကုန်အရှေ့ပိုင်း,Yangon,ရန်ကုန်,,16.823784,96.199275,,4.3,589,,Yangon,Name: Aung Myint Myat (အောင်မြင့်မြတ်). Category: Café/Pub. Address: Thingangyun. Township: Thingangyun. District: Yangon East
1349,Aung Myint Myat,အောင်မြင့်မြတ်,Shop,အထွေထွေအမျိုးအစား,,,Thingangyun,Thingangyun,Thingangyun,,Yangon East,ရန်ကုန်အရှေ့ပိုင်း,Yangon,ရန်ကုန်,,16.837597,96.206942,,4.9,457,,Yangon,Name: Aung Myint Myat (အောင်မြင့်မြတ်). Category: Shop. Address: Thingangyun. Township: Thingangyun. District: Yangon East
1865,Aung Myint Myat,အောင်မြင့်မြတ်,Restaurant,စားသောက်ဆိုင်,,,Thingangyun,Thingangyun,Thingangyun,,Yangon East,ရန်ကုန်အရှေ့ပိုင်း,Yangon,ရန်ကုန်,,16.833016,96.195057,,4.5,205,,Yangon,Name: Aung Myint Myat (အောင်မြင့်မြတ်). Category: Restaurant. Address: Thingangyun. Township: Thingangyun. District: Yangon East
1027,Aung Myint Zaw,အောင်မြင့်ဇော်,Repair Facility,ပြုပြင်ရေးလုပ်ငန်း,,,Thingangyun,Thingangyun,Thingangyun,,Yangon East,ရန်ကုန်အရှေ့ပိုင်း,Yangon,ရန်ကုန်,,16.830198,96.208176,,4.7,91,,Yangon,Name: Aung Myint Zaw (အောင်မြင့်ဇော်). Category: Repair Facility. Address: Thingangyun. Township: Thingangyun. District: Yangon East
936,Aung Nan Thit,အောင်နန်းသစ်,Café/Pub,ဘားနှင့် ဖျော်ဖြေရေး,,,Thingangyun,Thingangyun,Thingangyun,,Yangon East,ရန်ကုန်အရှေ့ပိုင်း,Yangon,ရန်ကုန်,,16.843383,96.204127,,4.6,418,,Yangon,Name: Aung Nan Thit (အောင်နန်းသစ်). Category: Café/Pub. Address: Thingangyun. Township: Thingangyun. District: Yangon East
329,Aung Nyein Chan Tar,အေးငြိမ်းချမ်းသာ,Photocopy,အထွေထွေအမျိုးအစား,164,164,"164 Than Thu Mar Road, Ward-24 Thuwunna, Thingangyun, Yangon","၁၆၄, သံသုမာလမ်း, သု၀ဏ္ဏ(၂၄)ရပ်ကွက်, သင်္ဃန်းကျွန်း",Thingangyun,သင်္ဃန်းကျွန်း,Yangon East,ရန်ကုန်အရှေ့ပိုင်း,Yangon,ရန်ကုန်,11431.0,16.81673,96.195499,,4.9,397,,Yangon,"Name: Aung Nyein Chan Tar (အေးငြိမ်းချမ်းသာ). Category: Photocopy. House Number: 164. Address: ၁၆၄, သံသုမာလမ်း, သု၀ဏ္ဏ(၂၄)ရပ်ကွက်, သင်္ဃန်းကျွန်း. Township: Thingangyun. District: Yangon East"
372,Aung Pyae Phyo,အောင်ပြည့်ဖြိုး,Store,စျေးနှင့် ကုန်စုံဆိုင်,1/18,1^18,"1/18 Than Thu Mar Road, Ward-29 Thuwunna, Thingangyun, Yangon","၁^၁၈, သံသုမာလမ်း, သု၀ဏ္ဏ(၂၉)ရပ်ကွက်, သင်္ဃန်းကျွန်း",Thingangyun,သင်္ဃန်းကျွန်း,Yangon East,ရန်ကုန်အရှေ့ပိုင်း,Yangon,ရန်ကုန်,11431.0,16.821745,96.203911,,4.2,526,,Yangon,"Name: Aung Pyae Phyo (အောင်ပြည့်ဖြိုး). Category: Store. House Number: 1/18. Address: ၁^၁၈, သံသုမာလမ်း, သု၀ဏ္ဏ(၂၉)ရပ်ကွက်, သင်္ဃန်းကျွန်း. Township: Thingangyun. District: Yangon East"
937,Aung Pyae Son,အောင်ပြည့်စုံ,Café/Pub,ဘားနှင့် ဖျော်ဖြေရေး,,,Thingangyun,Thingangyun,Thingangyun,,Yangon East,ရန်ကုန်အရှေ့ပိုင်း,Yangon,ရန်ကုန်,,16.82679,96.2088,,4.7,421,,Yangon,Name: Aung Pyae Son (အောင်ပြည့်စုံ). Category: Café/Pub. Address: Thingangyun. Township: Thingangyun. District: Yangon East
1400,Aung Pyae Sone,အောင်ပြည့်စုံ,Shop,အထွေထွေအမျိုးအစား,,,Thingangyun,Thingangyun,Thingangyun,,Yangon East,ရန်ကုန်အရှေ့ပိုင်း,Yangon,ရန်ကုန်,,16.828547,96.197068,,4,10,,Yangon,Name: Aung Pyae Sone (အောင်ပြည့်စုံ). Category: Shop. Address: Thingangyun. Township: Thingangyun. District: Yangon East
153,Aung Sae,အောင်စေ,Lubricants,အထွေထွေအမျိုးအစား,51,51,"51 Lay Daung Kan Road, Lay Daunkan Ward, Thingangyun, Yangon","၅၁, လေးထောင့်ကန်လမ်း, လေးဒေါင့်ကန်ရပ်ကွက်, သင်္ဃန်းကျွန်း",Thingangyun,သင်္ဃန်းကျွန်း,Yangon East,ရန်ကုန်အရှေ့ပိုင်း,Yangon,ရန်ကုန်,11431.0,16.834114,96.196674,,4.3,469,,Yangon,"Name: Aung Sae (အောင်စေ). Category: Lubricants. House Number: 51. Address: ၅၁, လေးထောင့်ကန်လမ်း, လေးဒေါင့်ကန်ရပ်ကွက်, သင်္ဃန်းကျွန်း. Township: Thingangyun. District: Yangon East"
1620,Aung Sat Kyar,အောင်စင်္ကြာ,Shop,အထွေထွေအမျိုးအစား,,,Thingangyun,Thingangyun,Thingangyun,,Yangon East,ရန်ကုန်အရှေ့ပိုင်း,Yangon,ရန်ကုန်,,16.834246,96.18076,,4,70,,Yangon,Name: Aung Sat Kyar (အောင်စင်္ကြာ). Category: Shop. Address: Thingangyun. Township: Thingangyun. District: Yangon East
1401,Aung Sat Kyar,အောင်စင်္ကြာ,Shop,အထွေထွေအမျိုးအစား,,,Thingangyun,Thingangyun,Thingangyun,,Yangon East,ရန်ကုန်အရှေ့ပိုင်း,Yangon,ရန်ကုန်,,16.84167,96.201127,,4.1,13,,Yangon,Name: Aung Sat Kyar (အောင်စင်္ကြာ). Category: Shop. Address: Thingangyun. Township: Thingangyun. District: Yangon East
670,Aung Ta Gon,အောင်တံခွန်,Restaurant,စားသောက်ဆိုင်,,,Thingangyun,Thingangyun,Thingangyun,,Yangon East,ရန်ကုန်အရှေ့ပိုင်း,Yangon,ရန်ကုန်,,16.82476,96.212436,,4,220,,Yangon,Name: Aung Ta Gon (အောင်တံခွန်). Category: Restaurant. Address: Thingangyun. Township: Thingangyun. District: Yangon East
1394,Aung Ta Ya Phu,အောင်သရဖူ,Shop,အထွေထွေအမျိုးအစား,,,Thingangyun,Thingangyun,Thingangyun,,Yangon East,ရန်ကုန်အရှေ့ပိုင်း,Yangon,ရန်ကုန်,,16.842811,96.20292,,4.4,592,,Yangon,Name: Aung Ta Ya Phu (အောင်သရဖူ). Category: Shop. Address: Thingangyun. Township: Thingangyun. District: Yangon East
1491,Aung Thapyay,အောင်သပြေ,Repair Facility,ပြုပြင်ရေးလုပ်ငန်း,,,Thingangyun,Thingangyun,Thingangyun,,Yangon East,ရန်ကုန်အရှေ့ပိုင်း,Yangon,ရန်ကုန်,,16.835036,96.181331,,4.1,283,,Yangon,Name: Aung Thapyay (အောင်သပြေ). Category: Repair Facility. Address: Thingangyun. Township: Thingangyun. District: Yangon East
1975,Aung Thapyay,အောင်သပြေ,Shop,အထွေထွေအမျိုးအစား,,,Thingangyun,Thingangyun,Thingangyun,,Yangon East,ရန်ကုန်အရှေ့ပိုင်း,Yangon,ရန်ကုန်,,16.836851,96.199567,,4.5,535,,Yangon,Name: Aung Thapyay (အောင်သပြေ). Category: Shop. Address: Thingangyun. Township: Thingangyun. District: Yangon East
1017,Aung Thathti,အောင်သိဒ္ဓိ,Repair Facility,ပြုပြင်ရေးလုပ်ငန်း,,,Thingangyun,Thingangyun,Thingangyun,,Yangon East,ရန်ကုန်အရှေ့ပိုင်း,Yangon,ရန်ကုန်,,16.825472,96.209047,,4.7,61,,Yangon,Name: Aung Thathti (အောင်သိဒ္ဓိ). Category: Repair Facility. Address: Thingangyun. Township: Thingangyun. District: Yangon East
591,Aung Thidi,Aung Thidi,Shop,အထွေထွေအမျိုးအစား,,,"Ward 29 Thuwunna (TGGN), Thingangyun","Ward 29 Thuwunna (TGGN), Thingangyun",Thingangyun,,Yangon East,ရန်ကုန်အရှေ့ပိုင်း,Yangon,ရန်ကုန်,,16.8241,96.2064,,4.1,583,,Yangon,"Name: Aung Thidi. Category: Shop. Address: Ward 29 Thuwunna (TGGN), Thingangyun. Township: Thingangyun. District: Yangon East"
760,Aung Thiri,အောင်သီရိ,Shop,အထွေထွေအမျိုးအစား,,,Thingangyun,Thingangyun,Thingangyun,,Yangon East,ရန်ကုန်အရှေ့ပိုင်း,Yangon,ရန်ကုန်,,16.825134,96.209669,,4,490,,Yangon,Name: Aung Thiri (အောင်သီရိ). Category: Shop. Address: Thingangyun. Township: Thingangyun. District: Yangon East
634,Aung Thit Sar,အောင်သစ္စာ,Pharmacy,ဆေးဆိုင်,,,Thingangyun,Thingangyun,Thingangyun,,Yangon East,ရန်ကုန်အရှေ့ပိုင်း,Yangon,ရန်ကုန်,,16.819484,96.206485,,4.4,112,,Yangon,Name: Aung Thit Sar (အောင်သစ္စာ). Category: Pharmacy. Address: Thingangyun. Township: Thingangyun. District: Yangon East
761,Aung Thura,အောင်သူရ,Shop,အထွေထွေအမျိုးအစား,,,Thingangyun,Thingangyun,Thingangyun,,Yangon East,ရန်ကုန်အရှေ့ပိုင်း,Yangon,ရန်ကုန်,,16.81503,96.191645,,4.1,493,,Yangon,Name: Aung Thura (အောင်သူရ). Category: Shop. Address: Thingangyun. Township: Thingangyun. District: Yangon East
422,Aung Yadana Hospital,Aung Yadana Hospital,Hospital,ဆေးရုံနှင့် ဆေးခန်း,,,",Waiza Yan Tar Rd.,16\2 Ward (TGGN),Thingangyun",",Waiza Yan Tar Rd.,16\2 Ward (TGGN),Thingangyun",Thingangyun,,Yangon East,ရန်ကုန်အရှေ့ပိုင်း,Yangon,ရန်ကုန်,,16.8326,96.1792,,4.2,76,,Yangon,"Name: Aung Yadana Hospital. Category: Hospital. Address: ,Waiza Yan Tar Rd.,16\2 Ward (TGGN),Thingangyun. Township: Thingangyun. District: Yangon East"
60,Aung Yadana Hospital (Private),အောင်ရတနာဆေးရုံ,Hospital,ဆေးရုံနှင့် ဆေးခန်း,524,524,"524 Wai Za Yan Tar Road, Ward-16\2, Thingangyun, Yangon","၅၂၄, ၀ေဇယန္တာလမ်း, (၁၆^၂)ရပ်ကွက်, သင်္ဃန်းကျွန်း",Thingangyun,သင်္ဃန်းကျွန်း,Yangon East,ရန်ကုန်အရှေ့ပိုင်း,Yangon,ရန်ကုန်,11431.0,16.832577,96.17941,,4,190,,Yangon,"Name: Aung Yadana Hospital (Private) (အောင်ရတနာဆေးရုံ). Category: Hospital. House Number: 524. Address: ၅၂၄, ၀ေဇယန္တာလမ်း, (၁၆^၂)ရပ်ကွက်, သင်္ဃန်းကျွန်း. Township: Thingangyun. District: Yangon East"
1943,Aung Zabu,အောင်ဇမ္ဗူ,Shop,အထွေထွေအမျိုးအစား,,,Thingangyun,Thingangyun,Thingangyun,,Yangon East,ရန်ကုန်အရှေ့ပိုင်း,Yangon,ရန်ကုန်,,16.83619,96.185888,,4.3,439,,Yangon,Name: Aung Zabu (အောင်ဇမ္ဗူ). Category: Shop. Address: Thingangyun. Township: Thingangyun. District: Yangon East
1028,Aung Zaw,အောင်ဇော်,Repair Facility,ပြုပြင်ရေးလုပ်ငန်း,,,Thingangyun,Thingangyun,Thingangyun,,Yangon East,ရန်ကုန်အရှေ့ပိုင်း,Yangon,ရန်ကုန်,,16.838259,96.207687,,4.8,94,,Yangon,Name: Aung Zaw (အောင်ဇော်). Category: Repair Facility. Address: Thingangyun. Township: Thingangyun. District: Yangon East
856,Aung Zay Ya,အောင်ဇေယျ,Shop,အထွေထွေအမျိုးအစား,,,Thingangyun,Thingangyun,Thingangyun,,Yangon East,ရန်ကုန်အရှေ့ပိုင်း,Yangon,ရန်ကုန်,,16.827834,96.209277,,4.6,178,,Yangon,Name: Aung Zay Ya (အောင်ဇေယျ). Category: Shop. Address: Thingangyun. Township: Thingangyun. District: Yangon East
671,Auto Boss,အော်တိုဘော့စ်,Restaurant,စားသောက်ဆိုင်,,,Thingangyun,Thingangyun,Thingangyun,,Yangon East,ရန်ကုန်အရှေ့ပိုင်း,Yangon,ရန်ကုန်,,16.815396,96.207163,,4.1,223,,Yangon,Name: Auto Boss (အော်တိုဘော့စ်). Category: Restaurant. Address: Thingangyun. Township: Thingangyun. District: Yangon East
1843,Auto Man,အော်တိုမန်း,Repair Facility,ပြုပြင်ရေးလုပ်ငန်း,,,Thingangyun,Thingangyun,Thingangyun,,Yangon East,ရန်ကုန်အရှေ့ပိုင်း,Yangon,ရန်ကုန်,,16.834372,96.196305,,4.3,139,,Yangon,Name: Auto Man (အော်တိုမန်း). Category: Repair Facility. Address: Thingangyun. Township: Thingangyun. District: Yangon East
155,Ayarwaddy,ဧရာဝတီ,Cotton & Silk,အထွေထွေအမျိုးအစား,18,18,"18 Lay Daung Kan Road, Lay Daunkan Ward, Thingangyun, Yangon","၁၈, လေးထောင့်ကန်လမ်း, လေးဒေါင့်ကန်ရပ်ကွက်, သင်္ဃန်းကျွန်း",Thingangyun,သင်္ဃန်းကျွန်း,Yangon East,ရန်ကုန်အရှေ့ပိုင်း,Yangon,ရန်ကုန်,11431.0,16.841283,96.204144,,4.5,475,,Yangon,"Name: Ayarwaddy (ဧရာဝတီ). Category: Cotton & Silk. House Number: 18. Address: ၁၈, လေးထောင့်ကန်လမ်း, လေးဒေါင့်ကန်ရပ်ကွက်, သင်္ဃန်းကျွန်း. Township: Thingangyun. District: Yangon East"
50,Ayarwaddy,ဧရာဝတီ,Electronic Shop,လျှပ်စစ်ပစ္စည်းဆိုင်,32,32,"32 Than Thu Mar Road, Bawa Myint Ward, Thingangyun, Yangon","၃၂, သံသုမာလမ်း, ဘ၀မြင့်ရပ်ကွက်, သင်္ဃန်းကျွန်း",Thingangyun,သင်္ဃန်းကျွန်း,Yangon East,ရန်ကုန်အရှေ့ပိုင်း,Yangon,ရန်ကုန်,11431.0,16.845147,96.201549,,4,160,,Yangon,"Name: Ayarwaddy (ဧရာဝတီ). Category: Electronic Shop. House Number: 32. Address: ၃၂, သံသုမာလမ်း, ဘ၀မြင့်ရပ်ကွက်, သင်္ဃန်းကျွန်း. Township: Thingangyun. District: Yangon East"
259,Aye,အေး,Clinic,ဆေးရုံနှင့် ဆေးခန်း,919,919,"919 Lay Daung Kan Road, Nga Moe Yeik Ward, Thingangyun, Yangon","၉၁၉, လေးထောင့်ကန်လမ်း, ငမိုးရိပ်ရပ်ကွက်, သင်္ဃန်းကျွန်း",Thingangyun,သင်္ဃန်းကျွန်း,Yangon East,ရန်ကုန်အရှေ့ပိုင်း,Yangon,ရန်ကုန်,11431.0,16.840754,96.202885,,4.9,187,,Yangon,"Name: Aye (အေး). Category: Clinic. House Number: 919. Address: ၉၁၉, လေးထောင့်ကန်လမ်း, ငမိုးရိပ်ရပ်ကွက်, သင်္ဃန်းကျွန်း. Township: Thingangyun. District: Yangon East"
156,Aye Aye Win,အေးအေးဝင်း,Retail Outlet,စျေးနှင့် ကုန်စုံဆိုင်,20,20,"20 Lay Daung Kan Road, Lay Daunkan Ward, Thingangyun, Yangon","၂၀, လေးထောင့်ကန်လမ်း, လေးဒေါင့်ကန်ရပ်ကွက်, သင်္ဃန်းကျွန်း",Thingangyun,သင်္ဃန်းကျွန်း,Yangon East,ရန်ကုန်အရှေ့ပိုင်း,Yangon,ရန်ကုန်,11431.0,16.841185,96.204002,,4.6,478,,Yangon,"Name: Aye Aye Win (အေးအေးဝင်း). Category: Retail Outlet. House Number: 20. Address: ၂၀, လေးထောင့်ကန်လမ်း, လေးဒေါင့်ကန်ရပ်ကွက်, သင်္ဃန်းကျွန်း. Township: Thingangyun. District: Yangon East"
1108,Aye Chan Myittar,အေးချမ်းမေတ္တာ,Hospital/Polyclinic,ဆေးရုံနှင့် ဆေးခန်း,,,Thingangyun,Thingangyun,Thingangyun,,Yangon East,ရန်ကုန်အရှေ့ပိုင်း,Yangon,ရန်ကုန်,,16.822191,96.197091,,4.8,334,,Yangon,Name: Aye Chan Myittar (အေးချမ်းမေတ္တာ). Category: Hospital/Polyclinic. Address: Thingangyun. Township: Thingangyun. District: Yangon East
651,Aye La Min,အေးလမင်း,Repair Facility,ပြုပြင်ရေးလုပ်ငန်း,,,Thingangyun,Thingangyun,Thingangyun,,Yangon East,ရန်ကုန်အရှေ့ပိုင်း,Yangon,ရန်ကုန်,,16.829285,96.184627,,4.1,163,,Yangon,Name: Aye La Min (အေးလမင်း). Category: Repair Facility. Address: Thingangyun. Township: Thingangyun. District: Yangon East
1849,Aye Lamin,အေးလမင်း,Repair Facility,ပြုပြင်ရေးလုပ်ငန်း,,,Thingangyun,Thingangyun,Thingangyun,,Yangon East,ရန်ကုန်အရှေ့ပိုင်း,Yangon,ရန်ကုန်,,16.836526,96.186145,,4.9,157,,Yangon,Name: Aye Lamin (အေးလမင်း). Category: Repair Facility. Address: Thingangyun. Township: Thingangyun. District: Yangon East
157,B&B,ဘီဘီ,Restaurant (Cafeteria),ကဖေးနှင့် လက်ဖက်ရည်ဆိုင်,47,47,"47 Lay Daung Kan Road, Lay Daunkan Ward, Thingangyun, Yangon","၄၇, လေးထောင့်ကန်လမ်း, လေးဒေါင့်ကန်ရပ်ကွက်, သင်္ဃန်းကျွန်း",Thingangyun,သင်္ဃန်းကျွန်း,Yangon East,ရန်ကုန်အရှေ့ပိုင်း,Yangon,ရန်ကုန်,11431.0,16.839134,96.201814,,4.7,481,,Yangon,"Name: B&B (ဘီဘီ). Category: Restaurant (Cafeteria). House Number: 47. Address: ၄၇, လေးထောင့်ကန်လမ်း, လေးဒေါင့်ကန်ရပ်ကွက်, သင်္ဃန်းကျွန်း. Township: Thingangyun. District: Yangon East"
693,B&B D-Station,ဘီအန်ဘီ ဒီစတေရှင်,Restaurant,စားသောက်ဆိုင်,,,Thingangyun,Thingangyun,Thingangyun,,Yangon East,ရန်ကုန်အရှေ့ပိုင်း,Yangon,ရန်ကုန်,,16.839162,96.202014,,4.3,289,,Yangon,Name: B&B D-Station (ဘီအန်ဘီ ဒီစတေရှင်). Category: Restaurant. Address: Thingangyun. Township: Thingangyun. District: Yangon East
730,B.E.H.S ( 4 ),အ.ထ.က (၄),School,ကျောင်းနှင့် တက္ကသိုလ်,,,Thingangyun,Thingangyun,Thingangyun,,Yangon East,ရန်ကုန်အရှေ့ပိုင်း,Yangon,ရန်ကုန်,,16.839337,96.202162,,4,400,,Yangon,Name: B.E.H.S ( 4 ) (အ.ထ.က (၄)). Category: School. Address: Thingangyun. Township: Thingangyun. District: Yangon East
1151,B.E.H.S (2),အ.ထ.က (၂),School,ကျောင်းနှင့် တက္ကသိုလ်,,,Thingangyun,Thingangyun,Thingangyun,,Yangon East,ရန်ကုန်အရှေ့ပိုင်း,Yangon,ရန်ကုန်,,16.82897,96.18228,,4.1,463,,Yangon,Name: B.E.H.S (2) (အ.ထ.က (၂)). Category: School. Address: Thingangyun. Township: Thingangyun. District: Yangon East
578,B.E.H.S (2) (Thingangyun),အ.ထ.က (၂),School,ကျောင်းနှင့် တက္ကသိုလ်,,,"Pyi Tharyar St.,(Za-Gwe/North) Ward","Pyi Tharyar St.,(Za-Gwe/North) Ward",Thingangyun,,Yangon East,ရန်ကုန်အရှေ့ပိုင်း,Yangon,ရန်ကုန်,,16.8288,96.1822,,4.8,544,,Yangon,"Name: B.E.H.S (2) (Thingangyun) (အ.ထ.က (၂)). Category: School. Address: Pyi Tharyar St.,(Za-Gwe/North) Ward. Township: Thingangyun. District: Yangon East"
1152,B.E.H.S (3),အ.ထ.က (၃),School,ကျောင်းနှင့် တက္ကသိုလ်,,,Thingangyun,Thingangyun,Thingangyun,,Yangon East,ရန်ကုန်အရှေ့ပိုင်း,Yangon,ရန်ကုန်,,16.829957,96.203,,4.2,466,,Yangon,Name: B.E.H.S (3) (အ.ထ.က (၃)). Category: School. Address: Thingangyun. Township: Thingangyun. District: Yangon East
579,B.E.H.S (3) (Thingangyun),အ.ထ.က (၃),School,ကျောင်းနှင့် တက္ကသိုလ်,,,"U Ba Han St.,(Ga-Gyi) Ward","U Ba Han St.,(Ga-Gyi) Ward",Thingangyun,,Yangon East,ရန်ကုန်အရှေ့ပိုင်း,Yangon,ရန်ကုန်,,16.8303,96.203,,4.9,547,,Yangon,"Name: B.E.H.S (3) (Thingangyun) (အ.ထ.က (၃)). Category: School. Address: U Ba Han St.,(Ga-Gyi) Ward. Township: Thingangyun. District: Yangon East"
580,B.E.H.S (4) (Thingangyun),အ.ထ.က (၄),School,ကျောင်းနှင့် တက္ကသိုလ်,,,"Pyi Daw Aye St.,Lay Daunt Kan Ward","Pyi Daw Aye St.,Lay Daunt Kan Ward",Thingangyun,,Yangon East,ရန်ကုန်အရှေ့ပိုင်း,Yangon,ရန်ကုန်,,16.8389,96.2032,,4,550,,Yangon,"Name: B.E.H.S (4) (Thingangyun) (အ.ထ.က (၄)). Category: School. Address: Pyi Daw Aye St.,Lay Daunt Kan Ward. Township: Thingangyun. District: Yangon East"
581,B.E.H.S (Thuwunna) (Thingangyun),B.E.H.S (Thuwunna) (Thingangyun),School,ကျောင်းနှင့် တက္ကသိုလ်,,,"Than Thu Mar Rd.,Thuwana/25 Ward","Than Thu Mar Rd.,Thuwana/25 Ward",Thingangyun,,Yangon East,ရန်ကုန်အရှေ့ပိုင်း,Yangon,ရန်ကုန်,,16.8208,96.2015,,4.1,553,,Yangon,"Name: B.E.H.S (Thuwunna) (Thingangyun). Category: School. Address: Than Thu Mar Rd.,Thuwana/25 Ward. Township: Thingangyun. District: Yangon East"
582,B.E.M.S (4) (Thingangyun),B.E.M.S (4) (Thingangyun),School,ကျောင်းနှင့် တက္ကသိုလ်,,,"Thudat Thana St.,16/2 Ward","Thudat Thana St.,16/2 Ward",Thingangyun,,Yangon East,ရန်ကုန်အရှေ့ပိုင်း,Yangon,ရန်ကုန်,,16.8308,96.1927,,4.2,556,,Yangon,"Name: B.E.M.S (4) (Thingangyun). Category: School. Address: Thudat Thana St.,16/2 Ward. Township: Thingangyun. District: Yangon East"
572,B.E.P.S (13) (Thingangyun),B.E.P.S (13) (Thingangyun),School,ကျောင်းနှင့် တက္ကသိုလ်,,,"Nga/Ka Ward (TGGN), Thingangyun","Nga/Ka Ward (TGGN), Thingangyun",Thingangyun,,Yangon East,ရန်ကုန်အရှေ့ပိုင်း,Yangon,ရန်ကုန်,,16.8328,96.2033,,4.2,526,,Yangon,"Name: B.E.P.S (13) (Thingangyun). Category: School. Address: Nga/Ka Ward (TGGN), Thingangyun. Township: Thingangyun. District: Yangon East"
727,B.E.P.S (16),အ.မ.က (၁၆),School,ကျောင်းနှင့် တက္ကသိုလ်,,,Thingangyun,Thingangyun,Thingangyun,,Yangon East,ရန်ကုန်အရှေ့ပိုင်း,Yangon,ရန်ကုန်,,16.823633,96.207927,,4.7,391,,Yangon,Name: B.E.P.S (16) (အ.မ.က (၁၆)). Category: School. Address: Thingangyun. Township: Thingangyun. District: Yangon East
583,B.E.P.S (17) (Thingangyun),အ.မ.က(၁၇),School,ကျောင်းနှင့် တက္ကသိုလ်,,,"Ward 24 Thuwunna (TGGN), Thingangyun","Ward 24 Thuwunna (TGGN), Thingangyun",Thingangyun,,Yangon East,ရန်ကုန်အရှေ့ပိုင်း,Yangon,ရန်ကုန်,,16.8146,96.1957,,4.3,559,,Yangon,"Name: B.E.P.S (17) (Thingangyun) (အ.မ.က(၁၇)). Category: School. Address: Ward 24 Thuwunna (TGGN), Thingangyun. Township: Thingangyun. District: Yangon East"
584,B.E.P.S (21) (Thingangyun),အ.မ.က (၂၁),School,ကျောင်းနှင့် တက္ကသိုလ်,,,"Lay Daunt Kan Rd.,Kyee Pwar Yay Ward","Lay Daunt Kan Rd.,Kyee Pwar Yay Ward",Thingangyun,,Yangon East,ရန်ကုန်အရှေ့ပိုင်း,Yangon,ရန်ကုန်,,16.8444,96.2083,,4.4,562,,Yangon,"Name: B.E.P.S (21) (Thingangyun) (အ.မ.က (၂၁)). Category: School. Address: Lay Daunt Kan Rd.,Kyee Pwar Yay Ward. Township: Thingangyun. District: Yangon East"
728,B.E.P.S (3),အ.မ.က (၃),School,ကျောင်းနှင့် တက္ကသိုလ်,,,Thingangyun,Thingangyun,Thingangyun,,Yangon East,ရန်ကုန်အရှေ့ပိုင်း,Yangon,ရန်ကုန်,,16.844676,96.203489,,4.8,394,,Yangon,Name: B.E.P.S (3) (အ.မ.က (၃)). Category: School. Address: Thingangyun. Township: Thingangyun. District: Yangon East
585,B.E.P.S (31) (Thingangyun),အ.မ.က (၃၁),School,ကျောင်းနှင့် တက္ကသိုလ်,,,"Lay Daunt Kan Rd.,Thu Mingalar Housing,Sel Thein Ward","Lay Daunt Kan Rd.,Thu Mingalar Housing,Sel Thein Ward",Thingangyun,,Yangon East,ရန်ကုန်အရှေ့ပိုင်း,Yangon,ရန်ကုန်,,16.8244,96.1915,,4.5,565,,Yangon,"Name: B.E.P.S (31) (Thingangyun) (အ.မ.က (၃၁)). Category: School. Address: Lay Daunt Kan Rd.,Thu Mingalar Housing,Sel Thein Ward. Township: Thingangyun. District: Yangon East"
586,B.E.P.S (38) (Thingangyun),B.E.P.S (38) (Thingangyun),School,ကျောင်းနှင့် တက္ကသိုလ်,,,"Sel Taung Pyae Pagoda St.,(Za-Gwe/North) Ward","Sel Taung Pyae Pagoda St.,(Za-Gwe/North) Ward",Thingangyun,,Yangon East,ရန်ကုန်အရှေ့ပိုင်း,Yangon,ရန်ကုန်,,16.8281,96.1827,,4.6,568,,Yangon,"Name: B.E.P.S (38) (Thingangyun). Category: School. Address: Sel Taung Pyae Pagoda St.,(Za-Gwe/North) Ward. Township: Thingangyun. District: Yangon East"
587,B.E.P.S (41) (Thingangyun),အ.မ.က (၄၁),School,ကျောင်းနှင့် တက္ကသိုလ်,,,"Gant Gaw Yeikthar St., Corner of Zawtika 1st St., 16/4 Ward,","Gant Gaw Yeikthar St., Corner of Zawtika 1st St., 16/4 Ward,",Thingangyun,,Yangon East,ရန်ကုန်အရှေ့ပိုင်း,Yangon,ရန်ကုန်,,16.8297,96.1874,,4.7,571,,Yangon,"Name: B.E.P.S (41) (Thingangyun) (အ.မ.က (၄၁)). Category: School. Address: Gant Gaw Yeikthar St., Corner of Zawtika 1st St., 16/4 Ward,. Township: Thingangyun. District: Yangon East"
573,B.E.P.S (42) (Thingangyun),B.E.P.S (42) (Thingangyun),School,ကျောင်းနှင့် တက္ကသိုလ်,,,"Nga/Ka Ward (TGGN), Thingangyun","Nga/Ka Ward (TGGN), Thingangyun",Thingangyun,,Yangon East,ရန်ကုန်အရှေ့ပိုင်း,Yangon,ရန်ကုန်,,16.8326,96.2051,,4.3,529,,Yangon,"Name: B.E.P.S (42) (Thingangyun). Category: School. Address: Nga/Ka Ward (TGGN), Thingangyun. Township: Thingangyun. District: Yangon East"
574,B.E.P.S (6) (Thingangyun),B.E.P.S (6) (Thingangyun),School,ကျောင်းနှင့် တက္ကသိုလ်,,,"Kha Ward (TGGN), Thingangyun","Kha Ward (TGGN), Thingangyun",Thingangyun,,Yangon East,ရန်ကုန်အရှေ့ပိုင်း,Yangon,ရန်ကုန်,,16.8279,96.1972,,4.4,532,,Yangon,"Name: B.E.P.S (6) (Thingangyun). Category: School. Address: Kha Ward (TGGN), Thingangyun. Township: Thingangyun. District: Yangon East"
729,B.E.P.S (7),အ.မ.က (၇),School,ကျောင်းနှင့် တက္ကသိုလ်,,,Thingangyun,Thingangyun,Thingangyun,,Yangon East,ရန်ကုန်အရှေ့ပိုင်း,Yangon,ရန်ကုန်,,16.827795,96.211497,,4.9,397,,Yangon,Name: B.E.P.S (7) (အ.မ.က (၇)). Category: School. Address: Thingangyun. Township: Thingangyun. District: Yangon East
88,BNK,ဘီအမ်ကေ,Microfinance,ဘဏ်နှင့် ငွေကြေးဝန်ဆောင်မှု,13,13,"13 Yadanar Road, Bawa Myint Ward, Thingangyun, Yangon","၁၃, ရတနာလမ်း, ဘ၀မြင့်ရပ်ကွက်, သင်္ဃန်းကျွန်း",Thingangyun,သင်္ဃန်းကျွန်း,Yangon East,ရန်ကုန်အရှေ့ပိုင်း,Yangon,ရန်ကုန်,11431.0,16.841472,96.196341,,4.8,274,,Yangon,"Name: BNK (ဘီအမ်ကေ). Category: Microfinance. House Number: 13. Address: ၁၃, ရတနာလမ်း, ဘ၀မြင့်ရပ်ကွက်, သင်္ဃန်းကျွန်း. Township: Thingangyun. District: Yangon East"
1465,Ba Yin Ma,ဘုရင်မ,Shop,အထွေထွေအမျိုးအစား,,,Thingangyun,Thingangyun,Thingangyun,,Yangon East,ရန်ကုန်အရှေ့ပိုင်း,Yangon,ရန်ကုန်,,16.835582,96.207863,,4.5,205,,Yangon,Name: Ba Yin Ma (ဘုရင်မ). Category: Shop. Address: Thingangyun. Township: Thingangyun. District: Yangon East
373,Ba Yint Naung,ဘုရင့်နောင်,Car Accessories Shop,အထွေထွေအမျိုးအစား,1-Jul,1^7,"1/7 Than Thu Mar Road, Ward-29 Thuwunna, Thingangyun, Yangon","၁^၇, သံသုမာလမ်း, သု၀ဏ္ဏ(၂၉)ရပ်ကွက်, သင်္ဃန်းကျွန်း",Thingangyun,သင်္ဃန်းကျွန်း,Yangon East,ရန်ကုန်အရှေ့ပိုင်း,Yangon,ရန်ကုန်,11431.0,16.821336,96.203219,,4.3,529,,Yangon,"Name: Ba Yint Naung (ဘုရင့်နောင်). Category: Car Accessories Shop. House Number: 1-Jul. Address: ၁^၇, သံသုမာလမ်း, သု၀ဏ္ဏ(၂၉)ရပ်ကွက်, သင်္ဃန်းကျွန်း. Township: Thingangyun. District: Yangon East"
1145,Baby Genius,ဘေဘီဂျီးနီရပ်စ်,School,ကျောင်းနှင့် တက္ကသိုလ်,,,Thingangyun,Thingangyun,Thingangyun,,Yangon East,ရန်ကုန်အရှေ့ပိုင်း,Yangon,ရန်ကုန်,,16.830948,96.207927,,4.5,445,,Yangon,Name: Baby Genius (ဘေဘီဂျီးနီရပ်စ်). Category: School. Address: Thingangyun. Township: Thingangyun. District: Yangon East
1279,Baby Lone,ဘေဘီလုံး,Shop,အထွေထွေအမျိုးအစား,,,Thingangyun,Thingangyun,Thingangyun,,Yangon East,ရန်ကုန်အရှေ့ပိုင်း,Yangon,ရန်ကုန်,,16.82277,96.197197,,4.9,247,,Yangon,Name: Baby Lone (ဘေဘီလုံး). Category: Shop. Address: Thingangyun. Township: Thingangyun. District: Yangon East
428,Bamboo Grove,Bamboo Grove,Restaurant,စားသောက်ဆိုင်,,,"Mikyaung Kan (2) Ward (TGGN), Thingangyun","Mikyaung Kan (2) Ward (TGGN), Thingangyun",Thingangyun,,Yangon East,ရန်ကုန်အရှေ့ပိုင်း,Yangon,ရန်ကုန်,,16.8307,96.1791,,4.8,94,,Yangon,"Name: Bamboo Grove. Category: Restaurant. Address: Mikyaung Kan (2) Ward (TGGN), Thingangyun. Township: Thingangyun. District: Yangon East"
1402,Bar Bu,ဘာဘူ,Shop,အထွေထွေအမျိုးအစား,,,Thingangyun,Thingangyun,Thingangyun,,Yangon East,ရန်ကုန်အရှေ့ပိုင်း,Yangon,ရန်ကုန်,,16.8285,96.197185,,4.2,16,,Yangon,Name: Bar Bu (ဘာဘူ). Category: Shop. Address: Thingangyun. Township: Thingangyun. District: Yangon East
429,Bauk Htaw Railway Station,Bauk Htaw Railway Station,Railway Station,အထွေထွေအမျိုးအစား,,,"Mikyaung Kan (2) Ward (TGGN), Thingangyun","Mikyaung Kan (2) Ward (TGGN), Thingangyun",Thingangyun,,Yangon East,ရန်ကုန်အရှေ့ပိုင်း,Yangon,ရန်ကုန်,,16.8295,96.1762,,4.9,97,,Yangon,"Name: Bauk Htaw Railway Station. Category: Railway Station. Address: Mikyaung Kan (2) Ward (TGGN), Thingangyun. Township: Thingangyun. District: Yangon East"
427,Baw Ga Market,Baw Ga Market,Market,စျေးနှင့် ကုန်စုံဆိုင်,,,"Za (South) Ward (TGGN), Thingangyun","Za (South) Ward (TGGN), Thingangyun",Thingangyun,,Yangon East,ရန်ကုန်အရှေ့ပိုင်း,Yangon,ရန်ကုန်,,16.8267,96.1824,,4.7,91,,Yangon,"Name: Baw Ga Market. Category: Market. Address: Za (South) Ward (TGGN), Thingangyun. Township: Thingangyun. District: Yangon East"
1861,Bawa Myint,ဘ၀မြင့်,Hotel/Motel,ဟိုတယ်နှင့် တည်းခိုခန်း,,,Thingangyun,Thingangyun,Thingangyun,,Yangon East,ရန်ကုန်အရှေ့ပိုင်း,Yangon,ရန်ကုန်,,16.837061,96.199814,,4.1,193,,Yangon,Name: Bawa Myint (ဘ၀မြင့်). Category: Hotel/Motel. Address: Thingangyun. Township: Thingangyun. District: Yangon East
158,Bawa Myint,ဘဝမြင့်,Guest House,ဟိုတယ်နှင့် တည်းခိုခန်း,41,41,"41 Yamonnar Road, Zayar Thiri Ward, Dawbon, Yangon","၄၁, ယမုံနာလမ်း, ဇေယျာသီရိရပ်ကွက်, ဒေါပုံ",Dawbon,a'gykH,Yangon East,ရန်ကုန်အရှေ့ပိုင်း,Yangon,ရန်ကုန်,11431.0,16.837126,96.199747,,4.8,484,,Yangon,"Name: Bawa Myint (ဘဝမြင့်). Category: Guest House. House Number: 41. Address: ၄၁, ယမုံနာလမ်း, ဇေယျာသီရိရပ်ကွက်, ဒေါပုံ. Township: Dawbon. District: Yangon East"
1104,BeFit,ဘီဖစ်ထ်,Sports Center,ပန်းခြံနှင့် အားကစား,,,Thingangyun,Thingangyun,Thingangyun,,Yangon East,ရန်ကုန်အရှေ့ပိုင်း,Yangon,ရန်ကုန်,,16.828908,96.207903,,4.4,322,,Yangon,Name: BeFit (ဘီဖစ်ထ်). Category: Sports Center. Address: Thingangyun. Township: Thingangyun. District: Yangon East
592,Beautiful Girl,Beautiful Girl,Shop,အထွေထွေအမျိုးအစား,,,"Ward 25 Thuwunna (TGGN), Thingangyun","Ward 25 Thuwunna (TGGN), Thingangyun",Thingangyun,,Yangon East,ရန်ကုန်အရှေ့ပိုင်း,Yangon,ရန်ကုန်,,16.8212,96.2026,,4.2,586,,Yangon,"Name: Beautiful Girl. Category: Shop. Address: Ward 25 Thuwunna (TGGN), Thingangyun. Township: Thingangyun. District: Yangon East"
848,Beauty  Diary,ဗျူးတီးဒိုင်းယာရီ,Shop,အထွေထွေအမျိုးအစား,,,Thingangyun,Thingangyun,Thingangyun,,Yangon East,ရန်ကုန်အရှေ့ပိုင်း,Yangon,ရန်ကုန်,,16.840337,96.203222,,4.8,154,,Yangon,Name: Beauty  Diary (ဗျူးတီးဒိုင်းယာရီ). Category: Shop. Address: Thingangyun. Township: Thingangyun. District: Yangon East
1466,Beauty  Place,ဗြူးတီးပလေ့(စ်),Shop,အထွေထွေအမျိုးအစား,,,Thingangyun,Thingangyun,Thingangyun,,Yangon East,ရန်ကုန်အရှေ့ပိုင်း,Yangon,ရန်ကုန်,,16.841118,96.2006,,4.6,208,,Yangon,Name: Beauty  Place (ဗြူးတီးပလေ့(စ်)). Category: Shop. Address: Thingangyun. Township: Thingangyun. District: Yangon East
896,Beauty Choice,ဗျူးတီးချွိုက်,Shop,အထွေထွေအမျိုးအစား,,,Thingangyun,Thingangyun,Thingangyun,,Yangon East,ရန်ကုန်အရှေ့ပိုင်း,Yangon,ရန်ကုန်,,16.81794,96.198143,,4.6,298,,Yangon,Name: Beauty Choice (ဗျူးတီးချွိုက်). Category: Shop. Address: Thingangyun. Township: Thingangyun. District: Yangon East
374,Beauty Chouce,ဗြူးတီးချိုက်(စ်),Beauty Salon,အလှပြင်နှင့် အပ်ချုပ်ဆိုင်,2-Feb,43498,"2/2 Than Thu Mar Road, Ward-29 Thuwunna, Thingangyun, Yangon","၄၃၄၉၈, သံသုမာလမ်း, သု၀ဏ္ဏ(၂၉)ရပ်ကွက်, သင်္ဃန်းကျွန်း",Thingangyun,သင်္ဃန်းကျွန်း,Yangon East,ရန်ကုန်အရှေ့ပိုင်း,Yangon,ရန်ကုန်,11431.0,16.818058,96.19814,,4.4,532,,Yangon,"Name: Beauty Chouce (ဗြူးတီးချိုက်(စ်)). Category: Beauty Salon. House Number: 2-Feb. Address: ၄၃၄၉၈, သံသုမာလမ်း, သု၀ဏ္ဏ(၂၉)ရပ်ကွက်, သင်္ဃန်းကျွန်း. Township: Thingangyun. District: Yangon East"
294,Beauty Forest,ဗြူးတီးဖောရက်,Beauty Salon,အလှပြင်နှင့် အပ်ချုပ်ဆိုင်,290,290,"290 Than Thu Mar Road, Supaing Ward, Thingangyun, Yangon","၂၉၀, သံသုမာလမ်း, စုပေါင်းရပ်ကွက်, သင်္ဃန်းကျွန်း",Thingangyun,သင်္ဃန်းကျွန်း,Yangon East,ရန်ကုန်အရှေ့ပိုင်း,Yangon,ရန်ကုန်,11431.0,16.819572,96.199932,,4.4,292,,Yangon,"Name: Beauty Forest (ဗြူးတီးဖောရက်). Category: Beauty Salon. House Number: 290. Address: ၂၉၀, သံသုမာလမ်း, စုပေါင်းရပ်ကွက်, သင်္ဃန်းကျွန်း. Township: Thingangyun. District: Yangon East"
1467,Beauty Queen,ဗြူးတီးကွီး,Shop,အထွေထွေအမျိုးအစား,,,Thingangyun,Thingangyun,Thingangyun,,Yangon East,ရန်ကုန်အရှေ့ပိုင်း,Yangon,ရန်ကုန်,,16.825181,96.196893,,4.7,211,,Yangon,Name: Beauty Queen (ဗြူးတီးကွီး). Category: Shop. Address: Thingangyun. Township: Thingangyun. District: Yangon East
1468,Beautyful Girl,ဗျူးတီးဖွတ်လ်ဂားလ်,Shop,အထွေထွေအမျိုးအစား,,,Thingangyun,Thingangyun,Thingangyun,,Yangon East,ရန်ကုန်အရှေ့ပိုင်း,Yangon,ရန်ကုန်,,16.82519,96.208714,,4.8,214,,Yangon,Name: Beautyful Girl (ဗျူးတီးဖွတ်လ်ဂားလ်). Category: Shop. Address: Thingangyun. Township: Thingangyun. District: Yangon East
762,"Best Battery Co., Ltd.",ဘတ်စ်ဘထရီ,Shop,အထွေထွေအမျိုးအစား,,,Thingangyun,Thingangyun,Thingangyun,,Yangon East,ရန်ကုန်အရှေ့ပိုင်း,Yangon,ရန်ကုန်,,16.822324,96.181802,,4.2,496,,Yangon,"Name: Best Battery Co., Ltd. (ဘတ်စ်ဘထရီ). Category: Shop. Address: Thingangyun. Township: Thingangyun. District: Yangon East"
672,Best Friends Forever,ဘက်ဖရန့်ဖော်အဲဗားလ်,Restaurant,စားသောက်ဆိုင်,,,Thingangyun,Thingangyun,Thingangyun,,Yangon East,ရန်ကုန်အရှေ့ပိုင်း,Yangon,ရန်ကုန်,,16.829286,96.186775,,4.2,226,,Yangon,Name: Best Friends Forever (ဘက်ဖရန့်ဖော်အဲဗားလ်). Category: Restaurant. Address: Thingangyun. Township: Thingangyun. District: Yangon East
593,Best One Mobile,Best One Mobile,Shop,အထွေထွေအမျိုးအစား,,,"Bo Kan Nyunt Ward (TGGN), Thingangyun","Bo Kan Nyunt Ward (TGGN), Thingangyun",Thingangyun,,Yangon East,ရန်ကုန်အရှေ့ပိုင်း,Yangon,ရန်ကုန်,,16.8294,96.191,,4.3,589,,Yangon,"Name: Best One Mobile. Category: Shop. Address: Bo Kan Nyunt Ward (TGGN), Thingangyun. Township: Thingangyun. District: Yangon East"
331,Bigther,ဗစ်တာ,Tank Shop,အထွေထွေအမျိုးအစား,163,163,"163 Than Thu Mar Road, Ward-24 Thuwunna, Thingangyun, Yangon","၁၆၃, သံသုမာလမ်း, သု၀ဏ္ဏ(၂၄)ရပ်ကွက်, သင်္ဃန်းကျွန်း",Thingangyun,သင်္ဃန်းကျွန်း,Yangon East,ရန်ကုန်အရှေ့ပိုင်း,Yangon,ရန်ကုန်,11431.0,16.816538,96.195149,,4.1,403,,Yangon,"Name: Bigther (ဗစ်တာ). Category: Tank Shop. House Number: 163. Address: ၁၆၃, သံသုမာလမ်း, သု၀ဏ္ဏ(၂၄)ရပ်ကွက်, သင်္ဃန်းကျွန်း. Township: Thingangyun. District: Yangon East"
130,Bingo,ဘင်ဂို,Restaurant (BBQ),စားသောက်ဆိုင်,48,48,"48 Than Thu Mar Road, Kyi Pwar Yae Ward, Thingangyun, Yangon","၄၈, သံသုမာလမ်း, ကြီးပွားရေးရပ်ကွက်, သင်္ဃန်းကျွန်း",Thingangyun,သင်္ဃန်းကျွန်း,Yangon East,ရန်ကုန်အရှေ့ပိုင်း,Yangon,ရန်ကုန်,11431.0,16.838172,96.207345,,4,400,,Yangon,"Name: Bingo (ဘင်ဂို). Category: Restaurant (BBQ). House Number: 48. Address: ၄၈, သံသုမာလမ်း, ကြီးပွားရေးရပ်ကွက်, သင်္ဃန်းကျွန်း. Township: Thingangyun. District: Yangon East"
1403,Black Hole,ဘလက်ဟိုး(လ်),Shop,အထွေထွေအမျိုးအစား,,,Thingangyun,Thingangyun,Thingangyun,,Yangon East,ရန်ကုန်အရှေ့ပိုင်း,Yangon,ရန်ကုန်,,16.829394,96.207618,,4.3,19,,Yangon,Name: Black Hole (ဘလက်ဟိုး(လ်)). Category: Shop. Address: Thingangyun. Township: Thingangyun. District: Yangon East
1246,Blessing,ဘလက်စင်,Shop,အထွေထွေအမျိုးအစား,,,Thingangyun,Thingangyun,Thingangyun,,Yangon East,ရန်ကုန်အရှေ့ပိုင်း,Yangon,ရန်ကုန်,,16.841555,96.201237,,4.6,148,,Yangon,Name: Blessing (ဘလက်စင်). Category: Shop. Address: Thingangyun. Township: Thingangyun. District: Yangon East
430,Blue Ocean,Blue Ocean,Restaurant,စားသောက်ဆိုင်,,,"Nga Moe Yeik Ward (TGGN), Thingangyun","Nga Moe Yeik Ward (TGGN), Thingangyun",Thingangyun,,Yangon East,ရန်ကုန်အရှေ့ပိုင်း,Yangon,ရန်ကုန်,,16.8395,96.2017,,4,100,,Yangon,"Name: Blue Ocean. Category: Restaurant. Address: Nga Moe Yeik Ward (TGGN), Thingangyun. Township: Thingangyun. District: Yangon East"
260,Blue Ocean,ဗလူးအိုးရှင်း,Restaurant (Sea Food),စားသောက်ဆိုင်,899,899,"899 Lay Daung Kan Road, Nga Moe Yeik Ward, Thingangyun, Yangon","၈၉၉, လေးထောင့်ကန်လမ်း, ငမိုးရိပ်ရပ်ကွက်, သင်္ဃန်းကျွန်း",Thingangyun,သင်္ဃန်းကျွန်း,Yangon East,ရန်ကုန်အရှေ့ပိုင်း,Yangon,ရန်ကုန်,11431.0,16.839555,96.201668,,4,190,,Yangon,"Name: Blue Ocean (ဗလူးအိုးရှင်း). Category: Restaurant (Sea Food). House Number: 899. Address: ၈၉၉, လေးထောင့်ကန်လမ်း, ငမိုးရိပ်ရပ်ကွက်, သင်္ဃန်းကျွန်း. Township: Thingangyun. District: Yangon East"
698,Blue Ocean,ဘလူးအိုးရှင်း,Restaurant,စားသောက်ဆိုင်,,,Thingangyun,Thingangyun,Thingangyun,,Yangon East,ရန်ကုန်အရှေ့ပိုင်း,Yangon,ရန်ကုန်,,16.839565,96.201669,,4.8,304,,Yangon,Name: Blue Ocean (ဘလူးအိုးရှင်း). Category: Restaurant. Address: Thingangyun. Township: Thingangyun. District: Yangon East
431,Bo Gyoke Village,Bo Gyoke Village,Residence,ရုံးခန်းနှင့် လူနေအိမ်ရာ,,,"Kamar Kyi Rd.,Yangon Thit Ward (TGGN),Thingangyun","Kamar Kyi Rd.,Yangon Thit Ward (TGGN),Thingangyun",Thingangyun,,Yangon East,ရန်ကုန်အရှေ့ပိုင်း,Yangon,ရန်ကုန်,,16.8193,96.2162,,4.1,103,,Yangon,"Name: Bo Gyoke Village. Category: Residence. Address: Kamar Kyi Rd.,Yangon Thit Ward (TGGN),Thingangyun. Township: Thingangyun. District: Yangon East"
57,Bo San,ဘိုဆန်း,Printing Shop,အထွေထွေအမျိုးအစား,26,26,"26 Than Thu Mar Road, Bawa Myint Ward, Thingangyun, Yangon","၂၆, သံသုမာလမ်း, ဘ၀မြင့်ရပ်ကွက်, သင်္ဃန်းကျွန်း",Thingangyun,သင်္ဃန်းကျွန်း,Yangon East,ရန်ကုန်အရှေ့ပိုင်း,Yangon,ရန်ကုန်,11431.0,16.845453,96.201222,,4.7,181,,Yangon,"Name: Bo San (ဘိုဆန်း). Category: Printing Shop. House Number: 26. Address: ၂၆, သံသုမာလမ်း, ဘ၀မြင့်ရပ်ကွက်, သင်္ဃန်းကျွန်း. Township: Thingangyun. District: Yangon East"
295,Body Fit GYM,ဘော်ဒီဖစ်,Gym,ပန်းခြံနှင့် အားကစား,5,5,"5 Than Thu Mar Road, Supaing Ward, Thingangyun, Yangon","၅, သံသုမာလမ်း, စုပေါင်းရပ်ကွက်, သင်္ဃန်းကျွန်း",Thingangyun,သင်္ဃန်းကျွန်း,Yangon East,ရန်ကုန်အရှေ့ပိုင်း,Yangon,ရန်ကုန်,11431.0,16.818393,96.197827,,4.5,295,,Yangon,"Name: Body Fit GYM (ဘော်ဒီဖစ်). Category: Gym. House Number: 5. Address: ၅, သံသုမာလမ်း, စုပေါင်းရပ်ကွက်, သင်္ဃန်းကျွန်း. Township: Thingangyun. District: Yangon East"
1469,Boma,ဘိုမ,Shop,အထွေထွေအမျိုးအစား,,,Thingangyun,Thingangyun,Thingangyun,,Yangon East,ရန်ကုန်အရှေ့ပိုင်း,Yangon,ရန်ကုန်,,16.828524,96.198537,,4.9,217,,Yangon,Name: Boma (ဘိုမ). Category: Shop. Address: Thingangyun. Township: Thingangyun. District: Yangon East
1374,Boss Choice Computer,ဘော့စ်ချွိုက်ကွန်ပျူတာ,Shop,အထွေထွေအမျိုးအစား,,,Thingangyun,Thingangyun,Thingangyun,,Yangon East,ရန်ကုန်အရှေ့ပိုင်း,Yangon,ရန်ကုန်,,16.830724,96.207869,,4.4,532,,Yangon,Name: Boss Choice Computer (ဘော့စ်ချွိုက်ကွန်ပျူတာ). Category: Shop. Address: Thingangyun. Township: Thingangyun. District: Yangon East
1309,Bottoms Up,ဘော်တွန်အပ်ပ်,Shop,အထွေထွေအမျိုးအစား,,,Thingangyun,Thingangyun,Thingangyun,,Yangon East,ရန်ကုန်အရှေ့ပိုင်း,Yangon,ရန်ကုန်,,16.82866,96.18797,,4.9,337,,Yangon,Name: Bottoms Up (ဘော်တွန်အပ်ပ်). Category: Shop. Address: Thingangyun. Township: Thingangyun. District: Yangon East
1537,Bright Colour,ဘရိုက်ကာလာ,School,ကျောင်းနှင့် တက္ကသိုလ်,,,Thingangyun,Thingangyun,Thingangyun,,Yangon East,ရန်ကုန်အရှေ့ပိုင်း,Yangon,ရန်ကုန်,,16.831164,96.182068,,4.7,421,,Yangon,Name: Bright Colour (ဘရိုက်ကာလာ). Category: School. Address: Thingangyun. Township: Thingangyun. District: Yangon East
1318,Bright Star (3),ဘရိုက်စတား(၃),Shop,အထွေထွေအမျိုးအစား,,,Thingangyun,Thingangyun,Thingangyun,,Yangon East,ရန်ကုန်အရှေ့ပိုင်း,Yangon,ရန်ကုန်,,16.842203,96.202334,,4.8,364,,Yangon,Name: Bright Star (3) (ဘရိုက်စတား(၃)). Category: Shop. Address: Thingangyun. Township: Thingangyun. District: Yangon East
1913,Brilliant Stars,ဘီလိယန်စတား အင်တာနေရှင်နယ် ကျောင်း,School,ကျောင်းနှင့် တက္ကသိုလ်,,,Thingangyun,Thingangyun,Thingangyun,,Yangon East,ရန်ကုန်အရှေ့ပိုင်း,Yangon,ရန်ကုန်,,16.840035,96.202755,,4.3,349,,Yangon,Name: Brilliant Stars (ဘီလိယန်စတား အင်တာနေရှင်နယ် ကျောင်း). Category: School. Address: Thingangyun. Township: Thingangyun. District: Yangon East
1404,Brother,ဘရားသား,Shop,အထွေထွေအမျိုးအစား,,,Thingangyun,Thingangyun,Thingangyun,,Yangon East,ရန်ကုန်အရှေ့ပိုင်း,Yangon,ရန်ကုန်,,16.829051,96.201179,,4.4,22,,Yangon,Name: Brother (ဘရားသား). Category: Shop. Address: Thingangyun. Township: Thingangyun. District: Yangon East
432,Butar Market,Butar Market,Market,စျေးနှင့် ကုန်စုံဆိုင်,,,"Kha Ward (TGGN), Thingangyun","Kha Ward (TGGN), Thingangyun",Thingangyun,,Yangon East,ရန်ကုန်အရှေ့ပိုင်း,Yangon,ရန်ကုန်,,16.8288,96.1974,,4.2,106,,Yangon,"Name: Butar Market. Category: Market. Address: Kha Ward (TGGN), Thingangyun. Township: Thingangyun. District: Yangon East"
1365,C & C Laundry Service,စီအန်စီလောင်ဒရီဆားဗစ်,Shop,အထွေထွေအမျိုးအစား,,,Thingangyun,Thingangyun,Thingangyun,,Yangon East,ရန်ကုန်အရှေ့ပိုင်း,Yangon,ရန်ကုန်,,16.843314,96.201925,,4.5,505,,Yangon,Name: C & C Laundry Service (စီအန်စီလောင်ဒရီဆားဗစ်). Category: Shop. Address: Thingangyun. Township: Thingangyun. District: Yangon East
1783,C & N,စီအန်အမ်,Shop,အထွေထွေအမျိုးအစား,,,Thingangyun,Thingangyun,Thingangyun,,Yangon East,ရန်ကုန်အရှေ့ပိုင်း,Yangon,ရန်ကုန်,,16.829887,96.200746,,4.3,559,,Yangon,Name: C & N (စီအန်အမ်). Category: Shop. Address: Thingangyun. Township: Thingangyun. District: Yangon East
1835,CB ATM,စီဘီ အေတီအမ်,Bank,ဘဏ်နှင့် ငွေကြေးဝန်ဆောင်မှု,,,Thingangyun,Thingangyun,Thingangyun,,Yangon East,ရန်ကုန်အရှေ့ပိုင်း,Yangon,ရန်ကုန်,,16.833486,96.187547,,4.5,115,,Yangon,Name: CB ATM (စီဘီ အေတီအမ်). Category: Bank. Address: Thingangyun. Township: Thingangyun. District: Yangon East
998,CB Bank,စီဘီဘဏ်,Bank,ဘဏ်နှင့် ငွေကြေးဝန်ဆောင်မှု,,,Thingangyun,Thingangyun,Thingangyun,,Yangon East,ရန်ကုန်အရှေ့ပိုင်း,Yangon,ရန်ကုန်,,16.832279,96.198691,,4.8,604,,Yangon,Name: CB Bank (စီဘီဘဏ်). Category: Bank. Address: Thingangyun. Township: Thingangyun. District: Yangon East
997,CB Bank,စီဘီဘဏ်,Bank,ဘဏ်နှင့် ငွေကြေးဝန်ဆောင်မှု,,,Thingangyun,Thingangyun,Thingangyun,,Yangon East,ရန်ကုန်အရှေ့ပိုင်း,Yangon,ရန်ကုန်,,16.825589,96.208822,,4.7,601,,Yangon,Name: CB Bank (စီဘီဘဏ်). Category: Bank. Address: Thingangyun. Township: Thingangyun. District: Yangon East
84,CB Bank,စီဘီဘဏ်,Bank,ဘဏ်နှင့် ငွေကြေးဝန်ဆောင်မှု,G9,*sD9,"G9 Lay Daung Kan Road, (Sa Kha) Ward, Thingangyun, Yangon","ဂျီ၉, လေးထောင့်ကန်လမ်း, (ဆ^ခ)ရပ်ကွက်, သင်္ဃန်းကျွန်း",Thingangyun,သင်္ဃန်းကျွန်း,Yangon East,ရန်ကုန်အရှေ့ပိုင်း,Yangon,ရန်ကုန်,11431.0,16.83646,96.198379,,4.4,262,,Yangon,"Name: CB Bank (စီဘီဘဏ်). Category: Bank. House Number: G9. Address: ဂျီ၉, လေးထောင့်ကန်လမ်း, (ဆ^ခ)ရပ်ကွက်, သင်္ဃန်းကျွန်း. Township: Thingangyun. District: Yangon East"
433,CB Bank (Thingangyun),CB Bank (Thingangyun),Bank,ဘဏ်နှင့် ငွေကြေးဝန်ဆောင်မှု,,,"Lay Daunkan Ward (TGGN), Thingangyun","Lay Daunkan Ward (TGGN), Thingangyun",Thingangyun,,Yangon East,ရန်ကုန်အရှေ့ပိုင်း,Yangon,ရန်ကုန်,,16.8364,96.1988,,4.3,109,,Yangon,"Name: CB Bank (Thingangyun). Category: Bank. Address: Lay Daunkan Ward (TGGN), Thingangyun. Township: Thingangyun. District: Yangon East"
434,CB Bank Thingangkuun (Wai Za Yan Tar Road) Branch,CB Bank Thingangkuun (Wai Za Yan Tar Road) Branch,Bank,ဘဏ်နှင့် ငွေကြေးဝန်ဆောင်မှု,,,"No.(9/A),Corner of Wai Za Yan Tar Road and Aung Thapyay Road,Za (South) Ward (TGGN),Thingangyun","No.(9/A),Corner of Wai Za Yan Tar Road and Aung Thapyay Road,Za (South) Ward (TGGN),Thingangyun",Thingangyun,,Yangon East,ရန်ကုန်အရှေ့ပိုင်း,Yangon,ရန်ကုန်,,16.8228,96.1818,,4.4,112,,Yangon,"Name: CB Bank Thingangkuun (Wai Za Yan Tar Road) Branch. Category: Bank. Address: No.(9/A),Corner of Wai Za Yan Tar Road and Aung Thapyay Road,Za (South) Ward (TGGN),Thingangyun. Township: Thingangyun. District: Yangon East"
435,CB Bank Thuwunna Branch,CB Bank Thuwunna Branch,Bank,ဘဏ်နှင့် ငွေကြေးဝန်ဆောင်မှု,,,"No.(4/6),Thanthumar Street,Ward 24 Thuwunna (TGGN),Thingangyun","No.(4/6),Thanthumar Street,Ward 24 Thuwunna (TGGN),Thingangyun",Thingangyun,,Yangon East,ရန်ကုန်အရှေ့ပိုင်း,Yangon,ရန်ကုန်,,16.8155,96.1924,,4.5,115,,Yangon,"Name: CB Bank Thuwunna Branch. Category: Bank. Address: No.(4/6),Thanthumar Street,Ward 24 Thuwunna (TGGN),Thingangyun. Township: Thingangyun. District: Yangon East"
1633,CC Mart,စီစီမတ်,Shop,အထွေထွေအမျိုးအစား,,,Thingangyun,Thingangyun,Thingangyun,,Yangon East,ရန်ကုန်အရှေ့ပိုင်း,Yangon,ရန်ကုန်,,16.833286,96.184866,,4.3,109,,Yangon,Name: CC Mart (စီစီမတ်). Category: Shop. Address: Thingangyun. Township: Thingangyun. District: Yangon East
2005,COSY,စီအိုအက်(စ်)ဝိုင်း,Shop,အထွေထွေအမျိုးအစား,,,Thingangyun,Thingangyun,Thingangyun,,Yangon East,ရန်ကုန်အရှေ့ပိုင်း,Yangon,ရန်ကုန်,,16.842556,96.197599,,4.5,25,,Yangon,Name: COSY (စီအိုအက်(စ်)ဝိုင်း). Category: Shop. Address: Thingangyun. Township: Thingangyun. District: Yangon East
660,CROWN,သရဖူ,Repair Facility,ပြုပြင်ရေးလုပ်ငန်း,,,Thingangyun,Thingangyun,Thingangyun,,Yangon East,ရန်ကုန်အရှေ့ပိုင်း,Yangon,ရန်ကုန်,,16.844777,96.202006,,4,190,,Yangon,Name: CROWN (သရဖူ). Category: Repair Facility. Address: Thingangyun. Township: Thingangyun. District: Yangon East
332,Central,စန်ထရယ်,Fashion (General),ဖက်ရှင်စတိုး,1-Oct,43475,"1/10 Than Thu Mar Road, Ward-24 Thuwunna, Thingangyun, Yangon","၄၃၄၇၅, သံသုမာလမ်း, သု၀ဏ္ဏ(၂၄)ရပ်ကွက်, သင်္ဃန်းကျွန်း",Thingangyun,သင်္ဃန်းကျွန်း,Yangon East,ရန်ကုန်အရှေ့ပိုင်း,Yangon,ရန်ကုန်,11431.0,16.817561,96.197256,,4.2,406,,Yangon,"Name: Central (စန်ထရယ်). Category: Fashion (General). House Number: 1-Oct. Address: ၄၃၄၇၅, သံသုမာလမ်း, သု၀ဏ္ဏ(၂၄)ရပ်ကွက်, သင်္ဃန်းကျွန်း. Township: Thingangyun. District: Yangon East"
839,Central Vision,စင်ထရယ် ဗားရှင်း,Shop,အထွေထွေအမျိုးအစား,,,Thingangyun,Thingangyun,Thingangyun,,Yangon East,ရန်ကုန်အရှေ့ပိုင်း,Yangon,ရန်ကုန်,,16.824062,96.207166,,4.9,127,,Yangon,Name: Central Vision (စင်ထရယ် ဗားရှင်း). Category: Shop. Address: Thingangyun. Township: Thingangyun. District: Yangon East
375,Ceragem,ခရီဂန်,Medical Centre,ဆေးရုံနှင့် ဆေးခန်း,T 7,wD7,"T 7 Than Thu Mar Road, Ward-29 Thuwunna, Thingangyun, Yangon","တီ၇, သံသုမာလမ်း, သု၀ဏ္ဏ(၂၉)ရပ်ကွက်, သင်္ဃန်းကျွန်း",Thingangyun,သင်္ဃန်းကျွန်း,Yangon East,ရန်ကုန်အရှေ့ပိုင်း,Yangon,ရန်ကုန်,11431.0,16.825237,96.206891,,4.5,535,,Yangon,"Name: Ceragem (ခရီဂန်). Category: Medical Centre. House Number: T 7. Address: တီ၇, သံသုမာလမ်း, သု၀ဏ္ဏ(၂၉)ရပ်ကွက်, သင်္ဃန်းကျွန်း. Township: Thingangyun. District: Yangon East"
89,Cest Bon,ကပ်စ်ဘွန်း,Restaurant (Hot Pot),စားသောက်ဆိုင်,8,8,"8 Yadanar Road, Bawa Myint Ward, Thingangyun, Yangon","၈, ရတနာလမ်း, ဘ၀မြင့်ရပ်ကွက်, သင်္ဃန်းကျွန်း",Thingangyun,သင်္ဃန်းကျွန်း,Yangon East,ရန်ကုန်အရှေ့ပိုင်း,Yangon,ရန်ကုန်,11431.0,16.841251,96.196089,,4.9,277,,Yangon,"Name: Cest Bon (ကပ်စ်ဘွန်း). Category: Restaurant (Hot Pot). House Number: 8. Address: ၈, ရတနာလမ်း, ဘ၀မြင့်ရပ်ကွက်, သင်္ဃန်းကျွန်း. Township: Thingangyun. District: Yangon East"
1396,Chal Chal,ခြယ်ခြယ်,Shop,အထွေထွေအမျိုးအစား,,,Thingangyun,Thingangyun,Thingangyun,,Yangon East,ရန်ကုန်အရှေ့ပိုင်း,Yangon,ရန်ကုန်,,16.843061,96.200744,,4.6,598,,Yangon,Name: Chal Chal (ခြယ်ခြယ်). Category: Shop. Address: Thingangyun. Township: Thingangyun. District: Yangon East
376,Chal Ye Mon,ချယ်ရီမွန်,Car Accessories Shop,အထွေထွေအမျိုးအစား,1-Sep,1^9,"1/9 Than Thu Mar Road, Ward-29 Thuwunna, Thingangyun, Yangon","၁^၉, သံသုမာလမ်း, သု၀ဏ္ဏ(၂၉)ရပ်ကွက်, သင်္ဃန်းကျွန်း",Thingangyun,သင်္ဃန်းကျွန်း,Yangon East,ရန်ကုန်အရှေ့ပိုင်း,Yangon,ရန်ကုန်,11431.0,16.821362,96.203309,,4.6,538,,Yangon,"Name: Chal Ye Mon (ချယ်ရီမွန်). Category: Car Accessories Shop. House Number: 1-Sep. Address: ၁^၉, သံသုမာလမ်း, သု၀ဏ္ဏ(၂၉)ရပ်ကွက်, သင်္ဃန်းကျွန်း. Township: Thingangyun. District: Yangon East"
1146,Champion,ချန်ပီယံ,School,ကျောင်းနှင့် တက္ကသိုလ်,,,Thingangyun,Thingangyun,Thingangyun,,Yangon East,ရန်ကုန်အရှေ့ပိုင်း,Yangon,ရန်ကုန်,,16.821332,96.197531,,4.6,448,,Yangon,Name: Champion (ချန်ပီယံ). Category: School. Address: Thingangyun. Township: Thingangyun. District: Yangon East
436,Chan Aye Yeik Thar Monastery,Chan Aye Yeik Thar Monastery,Monastery,ဘာသာရေးနေရာ,,,"Nga/Ka Ward (TGGN), Thingangyun","Nga/Ka Ward (TGGN), Thingangyun",Thingangyun,,Yangon East,ရန်ကုန်အရှေ့ပိုင်း,Yangon,ရန်ကုန်,,16.8329,96.2076,,4.6,118,,Yangon,"Name: Chan Aye Yeik Thar Monastery. Category: Monastery. Address: Nga/Ka Ward (TGGN), Thingangyun. Township: Thingangyun. District: Yangon East"
971,Chan Myae,ချမ်းမြေ့,Pharmacy,ဆေးဆိုင်,,,Thingangyun,Thingangyun,Thingangyun,,Yangon East,ရန်ကုန်အရှေ့ပိုင်း,Yangon,ရန်ကုန်,,16.832856,96.204082,,4.1,523,,Yangon,Name: Chan Myae (ချမ်းမြေ့). Category: Pharmacy. Address: Thingangyun. Township: Thingangyun. District: Yangon East
1547,Chan Myae,ချမ်းမြေ့,Shop,အထွေထွေအမျိုးအစား,,,Thingangyun,Thingangyun,Thingangyun,,Yangon East,ရန်ကုန်အရှေ့ပိုင်း,Yangon,ရန်ကုန်,,16.830701,96.182363,,4.7,451,,Yangon,Name: Chan Myae (ချမ်းမြေ့). Category: Shop. Address: Thingangyun. Township: Thingangyun. District: Yangon East
1280,Chan Nyein,ချမ်းငြိမ်း,Shop,အထွေထွေအမျိုးအစား,,,Thingangyun,Thingangyun,Thingangyun,,Yangon East,ရန်ကုန်အရှေ့ပိုင်း,Yangon,ရန်ကုန်,,16.841706,96.201116,,4,250,,Yangon,Name: Chan Nyein (ချမ်းငြိမ်း). Category: Shop. Address: Thingangyun. Township: Thingangyun. District: Yangon East
1548,Chan Thar,ချမ်းသာ,Shop,အထွေထွေအမျိုးအစား,,,Thingangyun,Thingangyun,Thingangyun,,Yangon East,ရန်ကုန်အရှေ့ပိုင်း,Yangon,ရန်ကုန်,,16.831505,96.182019,,4.8,454,,Yangon,Name: Chan Thar (ချမ်းသာ). Category: Shop. Address: Thingangyun. Township: Thingangyun. District: Yangon East
33,Chan Thar Myaing,ချမ်းသာမြိုင်,Clinic,ဆေးရုံနှင့် ဆေးခန်း,388,388,"388 Ngamoeyeik 6th Street, Nga Moe Yeik Ward, Thingangyun, Yangon","၃၈၈, ငမိုးရိပ်၆လမ်း, ငမိုးရိပ်ရပ်ကွက်, သင်္ဃန်းကျွန်း",Thingangyun,သင်္ဃန်းကျွန်း,Yangon East,ရန်ကုန်အရှေ့ပိုင်း,Yangon,ရန်ကုန်,11431.0,16.843405,96.20283,,4.3,109,,Yangon,"Name: Chan Thar Myaing (ချမ်းသာမြိုင်). Category: Clinic. House Number: 388. Address: ၃၈၈, ငမိုးရိပ်၆လမ်း, ငမိုးရိပ်ရပ်ကွက်, သင်္ဃန်းကျွန်း. Township: Thingangyun. District: Yangon East"
1074,Chan Thar San,ချမ်းသာစံ,Restaurant,စားသောက်ဆိုင်,,,Thingangyun,Thingangyun,Thingangyun,,Yangon East,ရန်ကုန်အရှေ့ပိုင်း,Yangon,ရန်ကုန်,,16.840493,96.200752,,4.4,232,,Yangon,Name: Chan Thar San (ချမ်းသာစံ). Category: Restaurant. Address: Thingangyun. Township: Thingangyun. District: Yangon East
897,Chaw Shwe Sin,ချောရွှေစင်,Shop,အထွေထွေအမျိုးအစား,,,Thingangyun,Thingangyun,Thingangyun,,Yangon East,ရန်ကုန်အရှေ့ပိုင်း,Yangon,ရန်ကုန်,,16.843803,96.202405,,4.7,301,,Yangon,Name: Chaw Shwe Sin (ချောရွှေစင်). Category: Shop. Address: Thingangyun. Township: Thingangyun. District: Yangon East
41,Chaw Shwe Sin,ချောရွှေစင်,Beauty Salon,အလှပြင်နှင့် အပ်ချုပ်ဆိုင်,309,309,"309 Ngamoeyeik 7th Street, Nga Moe Yeik Ward, Thingangyun, Yangon","၃၀၉, ငမိုးရိပ်၇လမ်း, ငမိုးရိပ်ရပ်ကွက်, သင်္ဃန်းကျွန်း",Thingangyun,သင်္ဃန်းကျွန်း,Yangon East,ရန်ကုန်အရှေ့ပိုင်း,Yangon,ရန်ကုန်,11431.0,16.843721,96.202594,,4.1,133,,Yangon,"Name: Chaw Shwe Sin (ချောရွှေစင်). Category: Beauty Salon. House Number: 309. Address: ၃၀၉, ငမိုးရိပ်၇လမ်း, ငမိုးရိပ်ရပ်ကွက်, သင်္ဃန်းကျွန်း. Township: Thingangyun. District: Yangon East"
594,Chaw Su Photo Studio,Chaw Su Photo Studio,Shop,အထွေထွေအမျိုးအစား,,,"Sa Ka Ward (TGGN), Thingangyun","Sa Ka Ward (TGGN), Thingangyun",Thingangyun,,Yangon East,ရန်ကုန်အရှေ့ပိုင်း,Yangon,ရန်ကုန်,,16.8323,96.1945,,4.4,592,,Yangon,"Name: Chaw Su Photo Studio. Category: Shop. Address: Sa Ka Ward (TGGN), Thingangyun. Township: Thingangyun. District: Yangon East"
1794,Cherry Moe,ချယ်ရီမိုး,Café/Pub,ဘားနှင့် ဖျော်ဖြေရေး,,,Thingangyun,Thingangyun,Thingangyun,,Yangon East,ရန်ကုန်အရှေ့ပိုင်း,Yangon,ရန်ကုန်,,16.842194,96.200777,,4.4,592,,Yangon,Name: Cherry Moe (ချယ်ရီမိုး). Category: Café/Pub. Address: Thingangyun. Township: Thingangyun. District: Yangon East
159,Chin Mai,ချင်းမိုင်,Restaurant (Burmese),စားသောက်ဆိုင်,54,54,"54 Lay Daung Kan Road, Lay Daunkan Ward, Thingangyun, Yangon","၅၄, လေးထောင့်ကန်လမ်း, လေးဒေါင့်ကန်ရပ်ကွက်, သင်္ဃန်းကျွန်း",Thingangyun,သင်္ဃန်းကျွန်း,Yangon East,ရန်ကုန်အရှေ့ပိုင်း,Yangon,ရန်ကုန်,11431.0,16.835868,96.198564,,4.9,487,,Yangon,"Name: Chin Mai (ချင်းမိုင်). Category: Restaurant (Burmese). House Number: 54. Address: ၅၄, လေးထောင့်ကန်လမ်း, လေးဒေါင့်ကန်ရပ်ကွက်, သင်္ဃန်းကျွန်း. Township: Thingangyun. District: Yangon East"
1944,Chinn Guu,ချင်းဂူ,Shop,အထွေထွေအမျိုးအစား,,,Thingangyun,Thingangyun,Thingangyun,,Yangon East,ရန်ကုန်အရှေ့ပိုင်း,Yangon,ရန်ကုန်,,16.838908,96.192839,,4.4,442,,Yangon,Name: Chinn Guu (ချင်းဂူ). Category: Shop. Address: Thingangyun. Township: Thingangyun. District: Yangon East
21,Chit Paing Thitsar,ချစ်ပိုင်သစ္စာ,Travels & Tours,ခရီးသွားလုပ်ငန်း,A3/004,at3^004,"A3/004 Thu Mingalar Road, Kyaikasan West Ward, Thingangyun, Yangon","အေ၃^၀၀၄, သုမင်္ဂလာလမ်း, ကျိုက္ကဆံရပ်ကွက်, သင်္ဃန်းကျွန်း",Thingangyun,သင်္ဃန်းကျွန်း,Yangon East,ရန်ကုန်အရှေ့ပိုင်း,Yangon,ရန်ကုန်,11431.0,16.835199,96.186888,,4.1,73,,Yangon,"Name: Chit Paing Thitsar (ချစ်ပိုင်သစ္စာ). Category: Travels & Tours. House Number: A3/004. Address: အေ၃^၀၀၄, သုမင်္ဂလာလမ်း, ကျိုက္ကဆံရပ်ကွက်, သင်္ဃန်းကျွန်း. Township: Thingangyun. District: Yangon East"
1984,Chit Paing Thitsar,ချစ်ပိုင် သစ္စာ,Shop,အထွေထွေအမျိုးအစား,,,Thingangyun,Thingangyun,Thingangyun,,Yangon East,ရန်ကုန်အရှေ့ပိုင်း,Yangon,ရန်ကုန်,,16.835237,96.186868,,4.4,562,,Yangon,Name: Chit Paing Thitsar (ချစ်ပိုင် သစ္စာ). Category: Shop. Address: Thingangyun. Township: Thingangyun. District: Yangon East
437,Chit Ta Ngal Chin,Chit Ta Ngal Chin,Cafe,ကဖေးနှင့် လက်ဖက်ရည်ဆိုင်,,,"Yangon Thit Ward (TGGN), Thingangyun","Yangon Thit Ward (TGGN), Thingangyun",Thingangyun,,Yangon East,ရန်ကုန်အရှေ့ပိုင်း,Yangon,ရန်ကုန်,,16.829,96.208,,4.7,121,,Yangon,"Name: Chit Ta Ngal Chin. Category: Cafe. Address: Yangon Thit Ward (TGGN), Thingangyun. Township: Thingangyun. District: Yangon East"
1797,Chit Thu Ngal Gyin,ချစ်သူငယ်ချင်း,Café/Pub,ဘားနှင့် ဖျော်ဖြေရေး,,,Thingangyun,Thingangyun,Thingangyun,,Yangon East,ရန်ကုန်အရှေ့ပိုင်း,Yangon,ရန်ကုန်,,16.832201,96.201899,,4.7,601,,Yangon,Name: Chit Thu Ngal Gyin (ချစ်သူငယ်ချင်း). Category: Café/Pub. Address: Thingangyun. Township: Thingangyun. District: Yangon East
1796,Chit Thu Ngal Gyin,ချစ်သူငယ်ချင်း,Café/Pub,ဘားနှင့် ဖျော်ဖြေရေး,,,Thingangyun,Thingangyun,Thingangyun,,Yangon East,ရန်ကုန်အရှေ့ပိုင်း,Yangon,ရန်ကုန်,,16.828903,96.207544,,4.6,598,,Yangon,Name: Chit Thu Ngal Gyin (ချစ်သူငယ်ချင်း). Category: Café/Pub. Address: Thingangyun. Township: Thingangyun. District: Yangon East
1795,Chit Thu Ngal Gyin,ချစ်သူငယ်ချင်း,Café/Pub,ဘားနှင့် ဖျော်ဖြေရေး,,,Thingangyun,Thingangyun,Thingangyun,,Yangon East,ရန်ကုန်အရှေ့ပိုင်း,Yangon,ရန်ကုန်,,16.828864,96.204068,,4.5,595,,Yangon,Name: Chit Thu Ngal Gyin (ချစ်သူငယ်ချင်း). Category: Café/Pub. Address: Thingangyun. Township: Thingangyun. District: Yangon East
1745,Cho Cho Htun,ချိုချိုထွန်း,Shop,အထွေထွေအမျိုးအစား,,,Thingangyun,Thingangyun,Thingangyun,,Yangon East,ရန်ကုန်အရှေ့ပိုင်း,Yangon,ရန်ကုန်,,16.829078,96.201867,,4.5,445,,Yangon,Name: Cho Cho Htun (ချိုချိုထွန်း). Category: Shop. Address: Thingangyun. Township: Thingangyun. District: Yangon East
1966,Cho Mon Ko,ချိုမွန်ကို,Shop,အထွေထွေအမျိုးအစား,,,Thingangyun,Thingangyun,Thingangyun,,Yangon East,ရန်ကုန်အရှေ့ပိုင်း,Yangon,ရန်ကုန်,,16.841006,96.195825,,4.6,508,,Yangon,Name: Cho Mon Ko (ချိုမွန်ကို). Category: Shop. Address: Thingangyun. Township: Thingangyun. District: Yangon East
1102,Choco Berry,ချိုကိုဘယ်ရီ,Restaurant,စားသောက်ဆိုင်,,,Thingangyun,Thingangyun,Thingangyun,,Yangon East,ရန်ကုန်အရှေ့ပိုင်း,Yangon,ရန်ကုန်,,16.841552,96.20128,,4.2,316,,Yangon,Name: Choco Berry (ချိုကိုဘယ်ရီ). Category: Restaurant. Address: Thingangyun. Township: Thingangyun. District: Yangon East
1319,Choice,ချွိုက်(စ်),Shop,အထွေထွေအမျိုးအစား,,,Thingangyun,Thingangyun,Thingangyun,,Yangon East,ရန်ကုန်အရှေ့ပိုင်း,Yangon,ရန်ကုန်,,16.843847,96.20098,,4.9,367,,Yangon,Name: Choice (ချွိုက်(စ်)). Category: Shop. Address: Thingangyun. Township: Thingangyun. District: Yangon East
811,Chu,ခြူး,Shop,အထွေထွေအမျိုးအစား,,,Thingangyun,Thingangyun,Thingangyun,,Yangon East,ရန်ကုန်အရှေ့ပိုင်း,Yangon,ရန်ကုန်,,16.839735,96.201831,,4.1,43,,Yangon,Name: Chu (ခြူး). Category: Shop. Address: Thingangyun. Township: Thingangyun. District: Yangon East
160,Chuu,ခြူး,Rice Shop,အထွေထွေအမျိုးအစား,38,38,"38 Lay Daung Kan Road, Lay Daunkan Ward, Thingangyun, Yangon","၃၈, လေးထောင့်ကန်လမ်း, လေးဒေါင့်ကန်ရပ်ကွက်, သင်္ဃန်းကျွန်း",Thingangyun,သင်္ဃန်းကျွန်း,Yangon East,ရန်ကုန်အရှေ့ပိုင်း,Yangon,ရန်ကုန်,11431.0,16.839609,96.202338,,4,490,,Yangon,"Name: Chuu (ခြူး). Category: Rice Shop. House Number: 38. Address: ၃၈, လေးထောင့်ကန်လမ်း, လေးဒေါင့်ကန်ရပ်ကွက်, သင်္ဃန်းကျွန်း. Township: Thingangyun. District: Yangon East"
595,City Express Convenience Store,City Express Convenience Store,Store,စျေးနှင့် ကုန်စုံဆိုင်,,,"Sa Ka Ward (TGGN), Thingangyun","Sa Ka Ward (TGGN), Thingangyun",Thingangyun,,Yangon East,ရန်ကုန်အရှေ့ပိုင်း,Yangon,ရန်ကုန်,,16.8313,96.1935,,4.5,595,,Yangon,"Name: City Express Convenience Store. Category: Store. Address: Sa Ka Ward (TGGN), Thingangyun. Township: Thingangyun. District: Yangon East"
1998,City Light,စီးတီးလိုက်,Shop,အထွေထွေအမျိုးအစား,,,Thingangyun,Thingangyun,Thingangyun,,Yangon East,ရန်ကုန်အရှေ့ပိုင်း,Yangon,ရန်ကုန်,,16.840697,96.195505,,4.8,604,,Yangon,Name: City Light (စီးတီးလိုက်). Category: Shop. Address: Thingangyun. Township: Thingangyun. District: Yangon East
86,City Light,စီးတီးလိုက်စ်,Electronic Shop,လျှပ်စစ်ပစ္စည်းဆိုင်,8,8,"8 Yadanar Road, (Sa Kha) Ward, Thingangyun, Yangon","၈, ရတနာလမ်း, (ဆ^ခ)ရပ်ကွက်, သင်္ဃန်းကျွန်း",Thingangyun,သင်္ဃန်းကျွန်း,Yangon East,ရန်ကုန်အရှေ့ပိုင်း,Yangon,ရန်ကုန်,11431.0,16.840666,96.19549,,4.6,268,,Yangon,"Name: City Light (စီးတီးလိုက်စ်). Category: Electronic Shop. House Number: 8. Address: ၈, ရတနာလမ်း, (ဆ^ခ)ရပ်ကွက်, သင်္ဃန်းကျွန်း. Township: Thingangyun. District: Yangon East"
438,City Mart (AKK Branch),City Mart (AKK Branch),Super Market & Shopping Mall,စျေးနှင့် ကုန်စုံဆိုင်,,,"G Flr, AKK Shopping Mall,Lay Daung Kan Rd.,","G Flr, AKK Shopping Mall,Lay Daung Kan Rd.,",Thingangyun,,Yangon East,ရန်ကုန်အရှေ့ပိုင်း,Yangon,ရန်ကုန်,,16.8293,96.1914,,4.8,124,,Yangon,"Name: City Mart (AKK Branch). Category: Super Market & Shopping Mall. Address: G Flr, AKK Shopping Mall,Lay Daung Kan Rd.,. Township: Thingangyun. District: Yangon East"
751,Classic,ကလပ်စစ်,Company,ရုံးခန်းနှင့် လူနေအိမ်ရာ,,,Thingangyun,Thingangyun,Thingangyun,,Yangon East,ရန်ကုန်အရှေ့ပိုင်း,Yangon,ရန်ကုန်,,16.817512,96.196255,,4.1,463,,Yangon,Name: Classic (ကလပ်စစ်). Category: Company. Address: Thingangyun. Township: Thingangyun. District: Yangon East
849,Co Co Health,ကိုကိုဟဲသီး,Shop,အထွေထွေအမျိုးအစား,,,Thingangyun,Thingangyun,Thingangyun,,Yangon East,ရန်ကုန်အရှေ့ပိုင်း,Yangon,ရန်ကုန်,,16.837463,96.199564,,4.9,157,,Yangon,Name: Co Co Health (ကိုကိုဟဲသီး). Category: Shop. Address: Thingangyun. Township: Thingangyun. District: Yangon East
1193,Colourland Paints,ကာလာလန်းပိန့်စ်,Company,ရုံးခန်းနှင့် လူနေအိမ်ရာ,,,Thingangyun,Thingangyun,Thingangyun,,Yangon East,ရန်ကုန်အရှေ့ပိုင်း,Yangon,ရန်ကုန်,,16.82891,96.18171,,4.3,589,,Yangon,Name: Colourland Paints (ကာလာလန်းပိန့်စ်). Category: Company. Address: Thingangyun. Township: Thingangyun. District: Yangon East
575,Construction Central Trading School (Thingangyun ),ဆောက်လုပ်ရေးဗဟိုသင်တန်းကျောင်း,School,ကျောင်းနှင့် တက္ကသိုလ်,,,"Ward 29 Thuwunna (TGGN), Thingangyun","Ward 29 Thuwunna (TGGN), Thingangyun",Thingangyun,,Yangon East,ရန်ကုန်အရှေ့ပိုင်း,Yangon,ရန်ကုန်,,16.8174,96.212,,4.5,535,,Yangon,"Name: Construction Central Trading School (Thingangyun ) (ဆောက်လုပ်ရေးဗဟိုသင်တန်းကျောင်း). Category: School. Address: Ward 29 Thuwunna (TGGN), Thingangyun. Township: Thingangyun. District: Yangon East"
1281,Cool City,ကူး(လ်)စီးတီး,Shop,အထွေထွေအမျိုးအစား,,,Thingangyun,Thingangyun,Thingangyun,,Yangon East,ရန်ကုန်အရှေ့ပိုင်း,Yangon,ရန်ကုန်,,16.840938,96.201024,,4.1,253,,Yangon,Name: Cool City (ကူး(လ်)စီးတီး). Category: Shop. Address: Thingangyun. Township: Thingangyun. District: Yangon East
1470,Cool Tone,ကိုး(လ်)တုန်း,Shop,အထွေထွေအမျိုးအစား,,,Thingangyun,Thingangyun,Thingangyun,,Yangon East,ရန်ကုန်အရှေ့ပိုင်း,Yangon,ရန်ကုန်,,16.834966,96.199892,,4,220,,Yangon,Name: Cool Tone (ကိုး(လ်)တုန်း). Category: Shop. Address: Thingangyun. Township: Thingangyun. District: Yangon East
296,Cosine,ကိုဆိုင်း,CCTV Sale,အထွေထွေအမျိုးအစား,208,208,"208 Than Thu Mar Road, Supaing Ward, Thingangyun, Yangon","၂၀၈, သံသုမာလမ်း, စုပေါင်းရပ်ကွက်, သင်္ဃန်းကျွန်း",Thingangyun,သင်္ဃန်းကျွန်း,Yangon East,ရန်ကုန်အရှေ့ပိုင်း,Yangon,ရန်ကုန်,11431.0,16.817614,96.196355,,4.6,298,,Yangon,"Name: Cosine (ကိုဆိုင်း). Category: CCTV Sale. House Number: 208. Address: ၂၀၈, သံသုမာလမ်း, စုပေါင်းရပ်ကွက်, သင်္ဃန်းကျွန်း. Township: Thingangyun. District: Yangon East"
90,Cosy,ကိုစီ,Beauty Salon,အလှပြင်နှင့် အပ်ချုပ်ဆိုင်,1,1,"1 Yadanar Road, Bawa Myint Ward, Thingangyun, Yangon","၁, ရတနာလမ်း, ဘ၀မြင့်ရပ်ကွက်, သင်္ဃန်းကျွန်း",Thingangyun,သင်္ဃန်းကျွန်း,Yangon East,ရန်ကုန်အရှေ့ပိုင်း,Yangon,ရန်ကုန်,11431.0,16.842599,96.197607,,4,280,,Yangon,"Name: Cosy (ကိုစီ). Category: Beauty Salon. House Number: 1. Address: ၁, ရတနာလမ်း, ဘ၀မြင့်ရပ်ကွက်, သင်္ဃန်းကျွန်း. Township: Thingangyun. District: Yangon East"
1370,Crime Pattern,ခရိုင်းပတ်တန်,Shop,အထွေထွေအမျိုးအစား,,,Thingangyun,Thingangyun,Thingangyun,,Yangon East,ရန်ကုန်အရှေ့ပိုင်း,Yangon,ရန်ကုန်,,16.82934,96.18338,,4,520,,Yangon,Name: Crime Pattern (ခရိုင်းပတ်တန်). Category: Shop. Address: Thingangyun. Township: Thingangyun. District: Yangon East
1058,Crystal,ခရစ်စတဲလ်,Repair Facility,ပြုပြင်ရေးလုပ်ငန်း,,,Thingangyun,Thingangyun,Thingangyun,,Yangon East,ရန်ကုန်အရှေ့ပိုင်း,Yangon,ရန်ကုန်,,16.828613,96.207452,,4.8,184,,Yangon,Name: Crystal (ခရစ်စတဲလ်). Category: Repair Facility. Address: Thingangyun. Township: Thingangyun. District: Yangon East
1604,Crystal,ခရစ်စတယ်,Shop,အထွေထွေအမျိုးအစား,,,Thingangyun,Thingangyun,Thingangyun,,Yangon East,ရန်ကုန်အရှေ့ပိုင်း,Yangon,ရန်ကုန်,,16.836353,96.18491,,4.4,22,,Yangon,Name: Crystal (ခရစ်စတယ်). Category: Shop. Address: Thingangyun. Township: Thingangyun. District: Yangon East
1471,Crystal,ခရစ်စတယ်လ်,Shop,အထွေထွေအမျိုးအစား,,,Thingangyun,Thingangyun,Thingangyun,,Yangon East,ရန်ကုန်အရှေ့ပိုင်း,Yangon,ရန်ကုန်,,16.8292,96.18285,,4.1,223,,Yangon,Name: Crystal (ခရစ်စတယ်လ်). Category: Shop. Address: Thingangyun. Township: Thingangyun. District: Yangon East
439,D Mart (3),D Mart (3),Store,စျေးနှင့် ကုန်စုံဆိုင်,,,"Supaing Ward (TGGN), Thingangyun","Supaing Ward (TGGN), Thingangyun",Thingangyun,,Yangon East,ရန်ကုန်အရှေ့ပိုင်း,Yangon,ရန်ကုန်,,16.8178,96.197,,4.9,127,,Yangon,"Name: D Mart (3). Category: Store. Address: Supaing Ward (TGGN), Thingangyun. Township: Thingangyun. District: Yangon East"
1282,DD,ဒီဒီ,Shop,အထွေထွေအမျိုးအစား,,,Thingangyun,Thingangyun,Thingangyun,,Yangon East,ရန်ကုန်အရှေ့ပိုင်း,Yangon,ရန်ကုန်,,16.825622,96.208712,,4.2,256,,Yangon,Name: DD (ဒီဒီ). Category: Shop. Address: Thingangyun. Township: Thingangyun. District: Yangon East
596,Daimond Stainless Steel,Daimond Stainless Steel,Shop,အထွေထွေအမျိုးအစား,,,"Sa Kha Ward (TGGN), Thingangyun","Sa Kha Ward (TGGN), Thingangyun",Thingangyun,,Yangon East,ရန်ကုန်အရှေ့ပိုင်း,Yangon,ရန်ကုန်,,16.8354,96.1977,,4.6,598,,Yangon,"Name: Daimond Stainless Steel. Category: Shop. Address: Sa Kha Ward (TGGN), Thingangyun. Township: Thingangyun. District: Yangon East"
1088,Daisy,ဒေစီ,Restaurant,စားသောက်ဆိုင်,,,Thingangyun,Thingangyun,Thingangyun,,Yangon East,ရန်ကုန်အရှေ့ပိုင်း,Yangon,ရန်ကုန်,,16.8275,96.18871,,4.8,274,,Yangon,Name: Daisy (ဒေစီ). Category: Restaurant. Address: Thingangyun. Township: Thingangyun. District: Yangon East
1480,Dana Toe,နတိုး,Community Center,အထွေထွေအမျိုးအစား,,,Thingangyun,Thingangyun,Thingangyun,,Yangon East,ရန်ကုန်အရှေ့ပိုင်း,Yangon,ရန်ကုန်,,16.83388,96.184,,4,250,,Yangon,Name: Dana Toe (နတိုး). Category: Community Center. Address: Thingangyun. Township: Thingangyun. District: Yangon East
972,Dana Toe,နတိုး,Pharmacy,ဆေးဆိုင်,,,Thingangyun,Thingangyun,Thingangyun,,Yangon East,ရန်ကုန်အရှေ့ပိုင်း,Yangon,ရန်ကုန်,,16.829754,96.199975,,4.2,526,,Yangon,Name: Dana Toe (နတိုး). Category: Pharmacy. Address: Thingangyun. Township: Thingangyun. District: Yangon East
826,Dar Doepyi,ဒါဒို့ပြည်,Shop,အထွေထွေအမျိုးအစား,,,Thingangyun,Thingangyun,Thingangyun,,Yangon East,ရန်ကုန်အရှေ့ပိုင်း,Yangon,ရန်ကုန်,,16.815674,96.193289,,4.6,88,,Yangon,Name: Dar Doepyi (ဒါဒို့ပြည်). Category: Shop. Address: Thingangyun. Township: Thingangyun. District: Yangon East
161,Daw Aye & Sons,ဒေါ်အေးနင့်သားများ,Optical,အထွေထွေအမျိုးအစား,74,74,"74 Lay Daung Kan Road, Lay Daunkan Ward, Thingangyun, Yangon","၇၄, လေးထောင့်ကန်လမ်း, လေးဒေါင့်ကန်ရပ်ကွက်, သင်္ဃန်းကျွန်း",Thingangyun,သင်္ဃန်းကျွန်း,Yangon East,ရန်ကုန်အရှေ့ပိုင်း,Yangon,ရန်ကုန်,11431.0,16.837608,96.200248,,4.1,493,,Yangon,"Name: Daw Aye & Sons (ဒေါ်အေးနင့်သားများ). Category: Optical. House Number: 74. Address: ၇၄, လေးထောင့်ကန်လမ်း, လေးဒေါင့်ကန်ရပ်ကွက်, သင်္ဃန်းကျွန်း. Township: Thingangyun. District: Yangon East"
1405,Daw Aye Than,ဒေါ်အေးသန်း,Shop,အထွေထွေအမျိုးအစား,,,Thingangyun,Thingangyun,Thingangyun,,Yangon East,ရန်ကုန်အရှေ့ပိုင်း,Yangon,ရန်ကုန်,,16.823699,96.196857,,4.5,25,,Yangon,Name: Daw Aye Than (ဒေါ်အေးသန်း). Category: Shop. Address: Thingangyun. Township: Thingangyun. District: Yangon East
1616,Daw Kyi Lay,ဒေါ်ကြည်လေး,Shop,အထွေထွေအမျိုးအစား,,,Thingangyun,Thingangyun,Thingangyun,,Yangon East,ရန်ကုန်အရှေ့ပိုင်း,Yangon,ရန်ကုန်,,16.833632,96.18099,,4.6,58,,Yangon,Name: Daw Kyi Lay (ဒေါ်ကြည်လေး). Category: Shop. Address: Thingangyun. Township: Thingangyun. District: Yangon East
35,Daw Kyin mya,ဒေါ်ကျင်မြ,Sausage Shop,စားသောက်ဆိုင်,383,383,"383 Ngamoeyeik 6th Street, Nga Moe Yeik Ward, Thingangyun, Yangon","၃၈၃, ငမိုးရိပ်၆လမ်း, ငမိုးရိပ်ရပ်ကွက်, သင်္ဃန်းကျွန်း",Thingangyun,သင်္ဃန်းကျွန်း,Yangon East,ရန်ကုန်အရှေ့ပိုင်း,Yangon,ရန်ကုန်,11431.0,16.84361,96.203052,,4.5,115,,Yangon,"Name: Daw Kyin mya (ဒေါ်ကျင်မြ). Category: Sausage Shop. House Number: 383. Address: ၃၈၃, ငမိုးရိပ်၆လမ်း, ငမိုးရိပ်ရပ်ကွက်, သင်္ဃန်းကျွန်း. Township: Thingangyun. District: Yangon East"
857,Daw Mya Mya Tin,ဒေါ်မြမြတင်,Shop,အထွေထွေအမျိုးအစား,,,Thingangyun,Thingangyun,Thingangyun,,Yangon East,ရန်ကုန်အရှေ့ပိုင်း,Yangon,ရန်ကုန်,,16.827455,96.212403,,4.7,181,,Yangon,Name: Daw Mya Mya Tin (ဒေါ်မြမြတင်). Category: Shop. Address: Thingangyun. Township: Thingangyun. District: Yangon East
858,Daw San,ဒေါ်စန်း,Shop,အထွေထွေအမျိုးအစား,,,Thingangyun,Thingangyun,Thingangyun,,Yangon East,ရန်ကုန်အရှေ့ပိုင်း,Yangon,ရန်ကုန်,,16.829875,96.212464,,4.8,184,,Yangon,Name: Daw San (ဒေါ်စန်း). Category: Shop. Address: Thingangyun. Township: Thingangyun. District: Yangon East
1988,Daw Saw Yin,ဒေါ်စောရင်,Shop,အထွေထွေအမျိုးအစား,,,Thingangyun,Thingangyun,Thingangyun,,Yangon East,ရန်ကုန်အရှေ့ပိုင်း,Yangon,ရန်ကုန်,,16.84013,96.202917,,4.8,574,,Yangon,Name: Daw Saw Yin (ဒေါ်စောရင်). Category: Shop. Address: Thingangyun. Township: Thingangyun. District: Yangon East
162,Daw Saw Yin,ဒေါ်စောရင်,Construction Materials,ဆောက်လုပ်ရေးနှင့် ဟာ့ဒ်ဝဲ,27,27,"27 Lay Daung Kan Road, Lay Daunkan Ward, Thingangyun, Yangon","၂၇, လေးထောင့်ကန်လမ်း, လေးဒေါင့်ကန်ရပ်ကွက်, သင်္ဃန်းကျွန်း",Thingangyun,သင်္ဃန်းကျွန်း,Yangon East,ရန်ကုန်အရှေ့ပိုင်း,Yangon,ရန်ကုန်,11431.0,16.840178,96.202933,,4.2,496,,Yangon,"Name: Daw Saw Yin (ဒေါ်စောရင်). Category: Construction Materials. House Number: 27. Address: ၂၇, လေးထောင့်ကန်လမ်း, လေးဒေါင့်ကန်ရပ်ကွက်, သင်္ဃန်းကျွန်း. Township: Thingangyun. District: Yangon East"
859,Daw Saw Yin,ဒေါ်စောရင်,Shop,အထွေထွေအမျိုးအစား,,,Thingangyun,Thingangyun,Thingangyun,,Yangon East,ရန်ကုန်အရှေ့ပိုင်း,Yangon,ရန်ကုန်,,16.840248,96.20315,,4.9,187,,Yangon,Name: Daw Saw Yin (ဒေါ်စောရင်). Category: Shop. Address: Thingangyun. Township: Thingangyun. District: Yangon East
1406,Daw Thingi,ဒေါ်သိင်္ဂ,Shop,အထွေထွေအမျိုးအစား,,,Thingangyun,Thingangyun,Thingangyun,,Yangon East,ရန်ကုန်အရှေ့ပိုင်း,Yangon,ရန်ကုန်,,16.84043,96.201683,,4.6,28,,Yangon,Name: Daw Thingi (ဒေါ်သိင်္ဂ). Category: Shop. Address: Thingangyun. Township: Thingangyun. District: Yangon East
1065,Daw Tin Tin Moe,ဒေါ်တင်တင်မိုး,Restaurant,စားသောက်ဆိုင်,,,Thingangyun,Thingangyun,Thingangyun,,Yangon East,ရန်ကုန်အရှေ့ပိုင်း,Yangon,ရန်ကုန်,,16.829786,96.200079,,4.5,205,,Yangon,Name: Daw Tin Tin Moe (ဒေါ်တင်တင်မိုး). Category: Restaurant. Address: Thingangyun. Township: Thingangyun. District: Yangon East
1397,Daw Yee,ဒေါ်ရီ,Shop,အထွေထွေအမျိုးအစား,,,Thingangyun,Thingangyun,Thingangyun,,Yangon East,ရန်ကုန်အရှေ့ပိုင်း,Yangon,ရန်ကုန်,,16.840604,96.201564,,4.7,601,,Yangon,Name: Daw Yee (ဒေါ်ရီ). Category: Shop. Address: Thingangyun. Township: Thingangyun. District: Yangon East
1407,Daw Yin Mar Htay,ဒေါ်ယဥ်မာဌေး,Shop,အထွေထွေအမျိုးအစား,,,Thingangyun,Thingangyun,Thingangyun,,Yangon East,ရန်ကုန်အရှေ့ပိုင်း,Yangon,ရန်ကုန်,,16.829642,96.201375,,4.7,31,,Yangon,Name: Daw Yin Mar Htay (ဒေါ်ယဥ်မာဌေး). Category: Shop. Address: Thingangyun. Township: Thingangyun. District: Yangon East
1109,December,ဒီဇင်ဘာ,Hospital/Polyclinic,ဆေးရုံနှင့် ဆေးခန်း,,,Thingangyun,Thingangyun,Thingangyun,,Yangon East,ရန်ကုန်အရှေ့ပိုင်း,Yangon,ရန်ကုန်,,16.8278,96.19318,,4.9,337,,Yangon,Name: December (ဒီဇင်ဘာ). Category: Hospital/Polyclinic. Address: Thingangyun. Township: Thingangyun. District: Yangon East
297,Deluge,ဒီလောက်,Company(Fire Protection),ရုံးခန်းနှင့် လူနေအိမ်ရာ,178,178,"178 Than Thu Mar Road, Supaing Ward, Thingangyun, Yangon","၁၇၈, သံသုမာလမ်း, စုပေါင်းရပ်ကွက်, သင်္ဃန်းကျွန်း",Thingangyun,သင်္ဃန်းကျွန်း,Yangon East,ရန်ကုန်အရှေ့ပိုင်း,Yangon,ရန်ကုန်,11431.0,16.815825,96.192551,,4.7,301,,Yangon,"Name: Deluge (ဒီလောက်). Category: Company(Fire Protection). House Number: 178. Address: ၁၇၈, သံသုမာလမ်း, စုပေါင်းရပ်ကွက်, သင်္ဃန်းကျွန်း. Township: Thingangyun. District: Yangon East"
597,Dhama Wi Hara,Dhama Wi Hara,Monastery,ဘာသာရေးနေရာ,,,"Nga/Ka Ward (TGGN), Thingangyun","Nga/Ka Ward (TGGN), Thingangyun",Thingangyun,,Yangon East,ရန်ကုန်အရှေ့ပိုင်း,Yangon,ရန်ကုန်,,16.8327,96.2023,,4.7,601,,Yangon,"Name: Dhama Wi Hara. Category: Monastery. Address: Nga/Ka Ward (TGGN), Thingangyun. Township: Thingangyun. District: Yangon East"
1066,Diamond Sky,ဒိုင်းမွန်းစကိုင်း,Restaurant,စားသောက်ဆိုင်,,,Thingangyun,Thingangyun,Thingangyun,,Yangon East,ရန်ကုန်အရှေ့ပိုင်း,Yangon,ရန်ကုန်,,16.839423,96.207305,,4.6,208,,Yangon,Name: Diamond Sky (ဒိုင်းမွန်းစကိုင်း). Category: Restaurant. Address: Thingangyun. Township: Thingangyun. District: Yangon East
440,Diamond Star,Diamond Star,Restaurant,စားသောက်ဆိုင်,,,"Ward 25 Thuwunna (TGGN), Thingangyun","Ward 25 Thuwunna (TGGN), Thingangyun",Thingangyun,,Yangon East,ရန်ကုန်အရှေ့ပိုင်း,Yangon,ရန်ကုန်,,16.8217,96.2033,,4,130,,Yangon,"Name: Diamond Star. Category: Restaurant. Address: Ward 25 Thuwunna (TGGN), Thingangyun. Township: Thingangyun. District: Yangon East"
1139,District Council,ခရိုင်အုပ်ချုပ်ရေးမှူးရုံး,Government Office,ရုံးခန်းနှင့် လူနေအိမ်ရာ,,,Thingangyun,Thingangyun,Thingangyun,,Yangon East,ရန်ကုန်အရှေ့ပိုင်း,Yangon,ရန်ကုန်,,16.832222,96.199813,,4.9,427,,Yangon,Name: District Council (ခရိုင်အုပ်ချုပ်ရေးမှူးရုံး). Category: Government Office. Address: Thingangyun. Township: Thingangyun. District: Yangon East
1140,District Courth,ခရိုင်တရားရုံး,Government Office,ရုံးခန်းနှင့် လူနေအိမ်ရာ,,,Thingangyun,Thingangyun,Thingangyun,,Yangon East,ရန်ကုန်အရှေ့ပိုင်း,Yangon,ရန်ကုန်,,16.829161,96.204129,,4,430,,Yangon,Name: District Courth (ခရိုင်တရားရုံး). Category: Government Office. Address: Thingangyun. Township: Thingangyun. District: Yangon East
1005,District Courth,ခရိုင်တရားရုံး,Courthouse,အထွေထွေအမျိုးအစား,,,Thingangyun,Thingangyun,Thingangyun,,Yangon East,ရန်ကုန်အရှေ့ပိုင်း,Yangon,ရန်ကုန်,,16.829329,96.204917,,4.5,25,,Yangon,Name: District Courth (ခရိုင်တရားရုံး). Category: Courthouse. Address: Thingangyun. Township: Thingangyun. District: Yangon East
1201,Do Mart,ဒူးမတ်,Shop,အထွေထွေအမျိုးအစား,,,Thingangyun,Thingangyun,Thingangyun,,Yangon East,ရန်ကုန်အရှေ့ပိုင်း,Yangon,ရန်ကုန်,,16.82745,96.1888,,4.1,13,,Yangon,Name: Do Mart (ဒူးမတ်). Category: Shop. Address: Thingangyun. Township: Thingangyun. District: Yangon East
1914,Doctor Ye Thwin,ဒေါက်တာရဲသွင်,School,ကျောင်းနှင့် တက္ကသိုလ်,,,Thingangyun,Thingangyun,Thingangyun,,Yangon East,ရန်ကုန်အရှေ့ပိုင်း,Yangon,ရန်ကုန်,,16.836503,96.198499,,4.4,352,,Yangon,Name: Doctor Ye Thwin (ဒေါက်တာရဲသွင်). Category: School. Address: Thingangyun. Township: Thingangyun. District: Yangon East
1970,Doe Won,ဒိုး၀န်း,Shop,အထွေထွေအမျိုးအစား,,,Thingangyun,Thingangyun,Thingangyun,,Yangon East,ရန်ကုန်အရှေ့ပိုင်း,Yangon,ရန်ကုန်,,16.836245,96.198976,,4,520,,Yangon,Name: Doe Won (ဒိုး၀န်း). Category: Shop. Address: Thingangyun. Township: Thingangyun. District: Yangon East
1508,Doh A Kyeik,ဒို့အကြိုက်,Restaurant,စားသောက်ဆိုင်,,,Thingangyun,Thingangyun,Thingangyun,,Yangon East,ရန်ကုန်အရှေ့ပိုင်း,Yangon,ရန်ကုန်,,16.836209,96.184562,,4.8,334,,Yangon,Name: Doh A Kyeik (ဒို့အကြိုက်). Category: Restaurant. Address: Thingangyun. Township: Thingangyun. District: Yangon East
91,Dr TaKa,ဒေါက်တာ တက,Gym,ပန်းခြံနှင့် အားကစား,9,9,"9 Yadanar Road, Bawa Myint Ward, Thingangyun, Yangon","၉, ရတနာလမ်း, ဘ၀မြင့်ရပ်ကွက်, သင်္ဃန်းကျွန်း",Thingangyun,သင်္ဃန်းကျွန်း,Yangon East,ရန်ကုန်အရှေ့ပိုင်း,Yangon,ရန်ကုန်,11431.0,16.844876,96.200018,,4.1,283,,Yangon,"Name: Dr TaKa (ဒေါက်တာ တက). Category: Gym. House Number: 9. Address: ၉, ရတနာလမ်း, ဘ၀မြင့်ရပ်ကွက်, သင်္ဃန်းကျွန်း. Township: Thingangyun. District: Yangon East"
2030,Dr.TAKA,ဒေါက်တာတခ,Health Care Service,ပြုပြင်ရေးလုပ်ငန်း,,,Thingangyun,Thingangyun,Thingangyun,,Yangon East,ရန်ကုန်အရှေ့ပိုင်း,Yangon,ရန်ကုန်,,16.844869,96.200038,,4,100,,Yangon,Name: Dr.TAKA (ဒေါက်တာတခ). Category: Health Care Service. Address: Thingangyun. Township: Thingangyun. District: Yangon East
732,Dream,အိပ်မက်,School,ကျောင်းနှင့် တက္ကသိုလ်,,,Thingangyun,Thingangyun,Thingangyun,,Yangon East,ရန်ကုန်အရှေ့ပိုင်း,Yangon,ရန်ကုန်,,16.821126,96.213712,,4.2,406,,Yangon,Name: Dream (အိပ်မက်). Category: School. Address: Thingangyun. Township: Thingangyun. District: Yangon East
1018,Dream,ဒရီးမ်,Repair Facility,ပြုပြင်ရေးလုပ်ငန်း,,,Thingangyun,Thingangyun,Thingangyun,,Yangon East,ရန်ကုန်အရှေ့ပိုင်း,Yangon,ရန်ကုန်,,16.831223,96.20795,,4.8,64,,Yangon,Name: Dream (ဒရီးမ်). Category: Repair Facility. Address: Thingangyun. Township: Thingangyun. District: Yangon East
1549,Dream Light,ဒရင်းလိုက်,Shop,အထွေထွေအမျိုးအစား,,,Thingangyun,Thingangyun,Thingangyun,,Yangon East,ရန်ကုန်အရှေ့ပိုင်း,Yangon,ရန်ကုန်,,16.833719,96.178586,,4.9,457,,Yangon,Name: Dream Light (ဒရင်းလိုက်). Category: Shop. Address: Thingangyun. Township: Thingangyun. District: Yangon East
441,Driving Licence & Motor Vehicle Registration Dept.,ယာဥ်မောင်းလိုင်စင်နှင့်မော်တော်ယာဥ်မ,Government Office,ရုံးခန်းနှင့် လူနေအိမ်ရာ,,,"San Pya Ward (TGGN), Thingangyun","San Pya Ward (TGGN), Thingangyun",Thingangyun,,Yangon East,ရန်ကုန်အရှေ့ပိုင်း,Yangon,ရန်ကုန်,,16.8459,96.2029,,4.1,133,,Yangon,"Name: Driving Licence & Motor Vehicle Registration Dept. (ယာဥ်မောင်းလိုင်စင်နှင့်မော်တော်ယာဥ်မ). Category: Government Office. Address: San Pya Ward (TGGN), Thingangyun. Township: Thingangyun. District: Yangon East"
1720,E-D-R,အီဒီအာ,Shop,အထွေထွေအမျိုးအစား,,,Thingangyun,Thingangyun,Thingangyun,,Yangon East,ရန်ကုန်အရှေ့ပိုင်း,Yangon,ရန်ကုန်,,16.829209,96.202697,,4,370,,Yangon,Name: E-D-R (အီဒီအာ). Category: Shop. Address: Thingangyun. Township: Thingangyun. District: Yangon East
70,E-garage,အီးဂရေ့,Car Repair Facility,ပြုပြင်ရေးလုပ်ငန်း,6A,6at,"6A Than Thu Mar Road, (Nga/Ka) Ward, Thingangyun, Yangon","၆အေ, သံသုမာလမ်း, (င^က)ရပ်ကွက်, သင်္ဃန်းကျွန်း",Thingangyun,သင်္ဃန်းကျွန်း,Yangon East,ရန်ကုန်အရှေ့ပိုင်း,Yangon,ရန်ကုန်,11431.0,16.831856,96.207951,,4,220,,Yangon,"Name: E-garage (အီးဂရေ့). Category: Car Repair Facility. House Number: 6A. Address: ၆အေ, သံသုမာလမ်း, (င^က)ရပ်ကွက်, သင်္ဃန်းကျွန်း. Township: Thingangyun. District: Yangon East"
576,ES4E (Thingangyun),ES4E (Thingangyun),School,ကျောင်းနှင့် တက္ကသိုလ်,,,"Waiza Yan Tar Rd., Corner of Lay Daunt Kan Rd., (Sa-Lone/Thu Mingalar) Ward","Waiza Yan Tar Rd., Corner of Lay Daunt Kan Rd., (Sa-Lone/Thu Mingalar) Ward",Thingangyun,,Yangon East,ရန်ကုန်အရှေ့ပိုင်း,Yangon,ရန်ကုန်,,16.8216,96.1824,,4.6,538,,Yangon,"Name: ES4E (Thingangyun). Category: School. Address: Waiza Yan Tar Rd., Corner of Lay Daunt Kan Rd., (Sa-Lone/Thu Mingalar) Ward. Township: Thingangyun. District: Yangon East"
1909,ESCD,အီးအက်(စ်)စီဒီ,School,ကျောင်းနှင့် တက္ကသိုလ်,,,Thingangyun,Thingangyun,Thingangyun,,Yangon East,ရန်ကုန်အရှေ့ပိုင်း,Yangon,ရန်ကုန်,,16.844973,96.200152,,4.9,337,,Yangon,Name: ESCD (အီးအက်(စ်)စီဒီ). Category: School. Address: Thingangyun. Township: Thingangyun. District: Yangon East
1257,ET Fashion,အီးတီဖက်ရှင်,Shop,အထွေထွေအမျိုးအစား,,,Thingangyun,Thingangyun,Thingangyun,,Yangon East,ရန်ကုန်အရှေ့ပိုင်း,Yangon,ရန်ကုန်,,16.840158,96.201079,,4.7,181,,Yangon,Name: ET Fashion (အီးတီဖက်ရှင်). Category: Shop. Address: Thingangyun. Township: Thingangyun. District: Yangon East
298,EXTRA,အိတ်ထရာ,Liquar Store,စျေးနှင့် ကုန်စုံဆိုင်,4,4,"4 Than Thu Mar Road, Supaing Ward, Thingangyun, Yangon","၄, သံသုမာလမ်း, စုပေါင်းရပ်ကွက်, သင်္ဃန်းကျွန်း",Thingangyun,သင်္ဃန်းကျွန်း,Yangon East,ရန်ကုန်အရှေ့ပိုင်း,Yangon,ရန်ကုန်,11431.0,16.818156,96.197437,,4.8,304,,Yangon,"Name: EXTRA (အိတ်ထရာ). Category: Liquar Store. House Number: 4. Address: ၄, သံသုမာလမ်း, စုပေါင်းရပ်ကွက်, သင်္ဃန်းကျွန်း. Township: Thingangyun. District: Yangon East"
163,Eain Dra,အိန္ဒြိာ,Construction Material,ဆောက်လုပ်ရေးနှင့် ဟာ့ဒ်ဝဲ,49,49,"49 Lay Daung Kan Road, Lay Daunkan Ward, Thingangyun, Yangon","၄၉, လေးထောင့်ကန်လမ်း, လေးဒေါင့်ကန်ရပ်ကွက်, သင်္ဃန်းကျွန်း",Thingangyun,သင်္ဃန်းကျွန်း,Yangon East,ရန်ကုန်အရှေ့ပိုင်း,Yangon,ရန်ကုန်,11431.0,16.838953,96.201651,,4.3,499,,Yangon,"Name: Eain Dra (အိန္ဒြိာ). Category: Construction Material. House Number: 49. Address: ၄၉, လေးထောင့်ကန်လမ်း, လေးဒေါင့်ကန်ရပ်ကွက်, သင်္ဃန်းကျွန်း. Township: Thingangyun. District: Yangon East"
1980,Eain Eain,အိန်းအိန်း,Shop,အထွေထွေအမျိုးအစား,,,Thingangyun,Thingangyun,Thingangyun,,Yangon East,ရန်ကုန်အရှေ့ပိုင်း,Yangon,ရန်ကုန်,,16.840237,96.202425,,4,550,,Yangon,Name: Eain Eain (အိန်းအိန်း). Category: Shop. Address: Thingangyun. Township: Thingangyun. District: Yangon East
1247,Eain Kyal Sin,အိမ်ကြယ်စင်,Shop,အထွေထွေအမျိုးအစား,,,Thingangyun,Thingangyun,Thingangyun,,Yangon East,ရန်ကုန်အရှေ့ပိုင်း,Yangon,ရန်ကုန်,,16.826134,96.207193,,4.7,151,,Yangon,Name: Eain Kyal Sin (အိမ်ကြယ်စင်). Category: Shop. Address: Thingangyun. Township: Thingangyun. District: Yangon East
164,Eain Mat Sane,အိမ်မက်စိမ်း,Shoes Shop,အထွေထွေအမျိုးအစား,315,315,"315 Sule Pagoda Street, Ward-2, Pabedan, Yangon","၃၁၅, အနော်ရထာလမ်း, (၂)ရပ်ကွက်, ပန်းဘဲတန်း",Pabedan,ပန်းဘဲတန်း,Yangon East,ရန်ကုန်အရှေ့ပိုင်း,Yangon,ရန်ကုန်,11431.0,16.840516,96.203258,,4.4,502,,Yangon,"Name: Eain Mat Sane (အိမ်မက်စိမ်း). Category: Shoes Shop. House Number: 315. Address: ၃၁၅, အနော်ရထာလမ်း, (၂)ရပ်ကွက်, ပန်းဘဲတန်း. Township: Pabedan. District: Yangon East"
763,Eain Min Thein,အိမ်မင်းသိမ်း,Shop,အထွေထွေအမျိုးအစား,,,Thingangyun,Thingangyun,Thingangyun,,Yangon East,ရန်ကုန်အရှေ့ပိုင်း,Yangon,ရန်ကုန်,,16.837529,96.200301,,4.3,499,,Yangon,Name: Eain Min Thein (အိမ်မင်းသိမ်း). Category: Shop. Address: Thingangyun. Township: Thingangyun. District: Yangon East
131,Eain Taw San,အိမ်တော်စံ,Construction Material Shop,ဆောက်လုပ်ရေးနှင့် ဟာ့ဒ်ဝဲ,57,57,"57 Than Thu Mar Road, Kyi Pwar Yae Ward, Thingangyun, Yangon","၅၇, သံသုမာလမ်း, ကြီးပွားရေးရပ်ကွက်, သင်္ဃန်းကျွန်း",Thingangyun,သင်္ဃန်းကျွန်း,Yangon East,ရန်ကုန်အရှေ့ပိုင်း,Yangon,ရန်ကုန်,11431.0,16.838976,96.207266,,4.1,403,,Yangon,"Name: Eain Taw San (အိမ်တော်စံ). Category: Construction Material Shop. House Number: 57. Address: ၅၇, သံသုမာလမ်း, ကြီးပွားရေးရပ်ကွက်, သင်္ဃန်းကျွန်း. Township: Thingangyun. District: Yangon East"
1350,Eain Taw San,အိမ်တော်စံ,Shop,အထွေထွေအမျိုးအစား,,,Thingangyun,Thingangyun,Thingangyun,,Yangon East,ရန်ကုန်အရှေ့ပိုင်း,Yangon,ရန်ကုန်,,16.838969,96.207282,,4,460,,Yangon,Name: Eain Taw San (အိမ်တော်စံ). Category: Shop. Address: Thingangyun. Township: Thingangyun. District: Yangon East
598,Eain Taw San,Eain Taw San,Shop,အထွေထွေအမျိုးအစား,,,"Kyi Pwar Yae Ward (TGGN), Thingangyun","Kyi Pwar Yae Ward (TGGN), Thingangyun",Thingangyun,,Yangon East,ရန်ကုန်အရှေ့ပိုင်း,Yangon,ရန်ကုန်,,16.8395,96.2075,,4.8,604,,Yangon,"Name: Eain Taw San. Category: Shop. Address: Kyi Pwar Yae Ward (TGGN), Thingangyun. Township: Thingangyun. District: Yangon East"
1550,Eain Thakhin,အိမ်သခင်,Shop,အထွေထွေအမျိုးအစား,,,Thingangyun,Thingangyun,Thingangyun,,Yangon East,ရန်ကုန်အရှေ့ပိုင်း,Yangon,ရန်ကုန်,,16.834934,96.181333,,4,460,,Yangon,Name: Eain Thakhin (အိမ်သခင်). Category: Shop. Address: Thingangyun. Township: Thingangyun. District: Yangon East
1296,Eaint Eaint,အိမ့်အိမ့်,Shop,အထွေထွေအမျိုးအစား,,,Thingangyun,Thingangyun,Thingangyun,,Yangon East,ရန်ကုန်အရှေ့ပိုင်း,Yangon,ရန်ကုန်,,16.8291,96.18246,,4.6,298,,Yangon,Name: Eaint Eaint (အိမ့်အိမ့်). Category: Shop. Address: Thingangyun. Township: Thingangyun. District: Yangon East
1472,Eaint Thet Htar,အိမ့်သက်ထား,Shop,အထွေထွေအမျိုးအစား,,,Thingangyun,Thingangyun,Thingangyun,,Yangon East,ရန်ကုန်အရှေ့ပိုင်း,Yangon,ရန်ကုန်,,16.822124,96.197643,,4.2,226,,Yangon,Name: Eaint Thet Htar (အိမ့်သက်ထား). Category: Shop. Address: Thingangyun. Township: Thingangyun. District: Yangon East
1174,Easi Mobile Agent,အီးဇီးမိုဘိုင်းအေးဂျင့်,Exchange,ဘဏ်နှင့် ငွေကြေးဝန်ဆောင်မှု,,,Thingangyun,Thingangyun,Thingangyun,,Yangon East,ရန်ကုန်အရှေ့ပိုင်း,Yangon,ရန်ကုန်,,16.834411,96.207657,,4.4,532,,Yangon,Name: Easi Mobile Agent (အီးဇီးမိုဘိုင်းအေးဂျင့်). Category: Exchange. Address: Thingangyun. Township: Thingangyun. District: Yangon East
860,Easy,အီးစီး,Shop,အထွေထွေအမျိုးအစား,,,Thingangyun,Thingangyun,Thingangyun,,Yangon East,ရန်ကုန်အရှေ့ပိုင်း,Yangon,ရန်ကုန်,,16.826033,96.207133,,4,190,,Yangon,Name: Easy (အီးစီး). Category: Shop. Address: Thingangyun. Township: Thingangyun. District: Yangon East
165,Easy,အီးဆီး,Microfinance,ဘဏ်နှင့် ငွေကြေးဝန်ဆောင်မှု,14,14,"14 Yadanar Road, Bawa Myint Ward, Thingangyun, Yangon","၁၄, ရတနာလမ်း, ဘ၀မြင့်ရပ်ကွက်, သင်္ဃန်းကျွန်း",Thingangyun,သင်္ဃန်းကျွန်း,Yangon East,ရန်ကုန်အရှေ့ပိုင်း,Yangon,ရန်ကုန်,11431.0,16.838132,96.200793,,4.5,505,,Yangon,"Name: Easy (အီးဆီး). Category: Microfinance. House Number: 14. Address: ၁၄, ရတနာလမ်း, ဘ၀မြင့်ရပ်ကွက်, သင်္ဃန်းကျွန်း. Township: Thingangyun. District: Yangon East"
1158,Eaton,အက်တန်,School,ကျောင်းနှင့် တက္ကသိုလ်,,,Thingangyun,Thingangyun,Thingangyun,,Yangon East,ရန်ကုန်အရှေ့ပိုင်း,Yangon,ရန်ကုန်,,16.834803,96.199832,,4.8,484,,Yangon,Name: Eaton (အက်တန်). Category: School. Address: Thingangyun. Township: Thingangyun. District: Yangon East
938,El Dorado,အီဒိုရာဒို,Café/Pub,ဘားနှင့် ဖျော်ဖြေရေး,,,Thingangyun,Thingangyun,Thingangyun,,Yangon East,ရန်ကုန်အရှေ့ပိုင်း,Yangon,ရန်ကုန်,,16.822781,96.181413,,4.8,424,,Yangon,Name: El Dorado (အီဒိုရာဒို). Category: Café/Pub. Address: Thingangyun. Township: Thingangyun. District: Yangon East
377,Emereld,အမ်မရာ,Silk Shop,အထွေထွေအမျိုးအစား,204,204,"204 Yanshin Street, Ward-3, Yankin, Yangon","၂၀၄, ရန်ရှင်းလမ်း, (၃)ရပ်ကွက်, ရန်ကင်း",Yankin,ရန်ကင်း,Yangon East,ရန်ကုန်အရှေ့ပိုင်း,Yangon,ရန်ကုန်,11431.0,16.819055,96.199852,,4.7,541,,Yangon,"Name: Emereld (အမ်မရာ). Category: Silk Shop. House Number: 204. Address: ၂၀၄, ရန်ရှင်းလမ်း, (၃)ရပ်ကွက်, ရန်ကင်း. Township: Yankin. District: Yangon East"
1866,Empress,အမ်းပရက်,Restaurant,စားသောက်ဆိုင်,,,Thingangyun,Thingangyun,Thingangyun,,Yangon East,ရန်ကုန်အရှေ့ပိုင်း,Yangon,ရန်ကုန်,,16.832639,96.195324,,4.6,208,,Yangon,Name: Empress (အမ်းပရက်). Category: Restaurant. Address: Thingangyun. Township: Thingangyun. District: Yangon East
72,Ever,အဲဗား,Construction Material Wholesale & Retail,ဆောက်လုပ်ရေးနှင့် ဟာ့ဒ်ဝဲ,7,7,"7 Than Thu Mar Road, (Nga/Ka) Ward, Thingangyun, Yangon","၇, သံသုမာလမ်း, (င^က)ရပ်ကွက်, သင်္ဃန်းကျွန်း",Thingangyun,သင်္ဃန်းကျွန်း,Yangon East,ရန်ကုန်အရှေ့ပိုင်း,Yangon,ရန်ကုန်,11431.0,16.832284,96.208453,,4.2,226,,Yangon,"Name: Ever (အဲဗား). Category: Construction Material Wholesale & Retail. House Number: 7. Address: ၇, သံသုမာလမ်း, (င^က)ရပ်ကွက်, သင်္ဃန်းကျွန်း. Township: Thingangyun. District: Yangon East"
1351,Ever,အဲဗား,Shop,အထွေထွေအမျိုးအစား,,,Thingangyun,Thingangyun,Thingangyun,,Yangon East,ရန်ကုန်အရှေ့ပိုင်း,Yangon,ရန်ကုန်,,16.832504,96.207986,,4.1,463,,Yangon,Name: Ever (အဲဗား). Category: Shop. Address: Thingangyun. Township: Thingangyun. District: Yangon East
71,Ever,အဲဗား,Construction Material Wholesale & Retail,ဆောက်လုပ်ရေးနှင့် ဟာ့ဒ်ဝဲ,6,6,"6 Than Thu Mar Road, (Nga/Ka) Ward, Thingangyun, Yangon","၆, သံသုမာလမ်း, (င^က)ရပ်ကွက်, သင်္ဃန်းကျွန်း",Thingangyun,သင်္ဃန်းကျွန်း,Yangon East,ရန်ကုန်အရှေ့ပိုင်း,Yangon,ရန်ကုန်,11431.0,16.832106,96.207989,,4.1,223,,Yangon,"Name: Ever (အဲဗား). Category: Construction Material Wholesale & Retail. House Number: 6. Address: ၆, သံသုမာလမ်း, (င^က)ရပ်ကွက်, သင်္ဃန်းကျွန်း. Township: Thingangyun. District: Yangon East"
898,Ever Lucky,အဲဗားလ်လပ်ကီး,Shop,အထွေထွေအမျိုးအစား,,,Thingangyun,Thingangyun,Thingangyun,,Yangon East,ရန်ကုန်အရှေ့ပိုင်း,Yangon,ရန်ကုန်,,16.826027,96.186744,,4.8,304,,Yangon,Name: Ever Lucky (အဲဗားလ်လပ်ကီး). Category: Shop. Address: Thingangyun. Township: Thingangyun. District: Yangon East
132,Ever Shine,အဲဗားရှိုင်း,Steel Material Shop,ဆောက်လုပ်ရေးနှင့် ဟာ့ဒ်ဝဲ,269,269,"269 Than Thu Mar Road, Kyi Pwar Yae Ward, Thingangyun, Yangon","၂၆၉, သံသုမာလမ်း, ကြီးပွားရေးရပ်ကွက်, သင်္ဃန်းကျွန်း",Thingangyun,သင်္ဃန်းကျွန်း,Yangon East,ရန်ကုန်အရှေ့ပိုင်း,Yangon,ရန်ကုန်,11431.0,16.838092,96.207764,,4.2,406,,Yangon,"Name: Ever Shine (အဲဗားရှိုင်း). Category: Steel Material Shop. House Number: 269. Address: ၂၆၉, သံသုမာလမ်း, ကြီးပွားရေးရပ်ကွက်, သင်္ဃန်းကျွန်း. Township: Thingangyun. District: Yangon East"
1202,Ever Shine,အဲဗားရှုိင်း,Shop,အထွေထွေအမျိုးအစား,,,Thingangyun,Thingangyun,Thingangyun,,Yangon East,ရန်ကုန်အရှေ့ပိုင်း,Yangon,ရန်ကုန်,,16.837818,96.207801,,4.2,16,,Yangon,Name: Ever Shine (အဲဗားရှုိင်း). Category: Shop. Address: Thingangyun. Township: Thingangyun. District: Yangon East
599,Excellent,Excellent,Shop,အထွေထွေအမျိုးအစား,,,"Nga/Ka Ward (TGGN), Thingangyun","Nga/Ka Ward (TGGN), Thingangyun",Thingangyun,,Yangon East,ရန်ကုန်အရှေ့ပိုင်း,Yangon,ရန်ကုန်,,16.8329,96.2083,,4.9,607,,Yangon,"Name: Excellent. Category: Shop. Address: Nga/Ka Ward (TGGN), Thingangyun. Township: Thingangyun. District: Yangon East"
92,Excellent Myanmar,အိပ်စ်ဆဲလ်လန့်,International Preschool (Private),ကျောင်းနှင့် တက္ကသိုလ်,12,12,"12 Yadanar Road, Bawa Myint Ward, Thingangyun, Yangon","၁၂, ရတနာလမ်း, ဘ၀မြင့်ရပ်ကွက်, သင်္ဃန်းကျွန်း",Thingangyun,သင်္ဃန်းကျွန်း,Yangon East,ရန်ကုန်အရှေ့ပိုင်း,Yangon,ရန်ကုန်,11431.0,16.844948,96.200103,,4.2,286,,Yangon,"Name: Excellent Myanmar (အိပ်စ်ဆဲလ်လန့်). Category: International Preschool (Private). House Number: 12. Address: ၁၂, ရတနာလမ်း, ဘ၀မြင့်ရပ်ကွက်, သင်္ဃန်းကျွန်း. Township: Thingangyun. District: Yangon East"
1915,Excellent Myanmar,အိတ်ဇဲလန့်မြန်မာ,School,ကျောင်းနှင့် တက္ကသိုလ်,,,Thingangyun,Thingangyun,Thingangyun,,Yangon East,ရန်ကုန်အရှေ့ပိုင်း,Yangon,ရန်ကုန်,,16.844927,96.200092,,4.5,355,,Yangon,Name: Excellent Myanmar (အိတ်ဇဲလန့်မြန်မာ). Category: School. Address: Thingangyun. Township: Thingangyun. District: Yangon East
334,FOX,ဖို့စ်,Home Decoration,အထွေထွေအမျိုးအစား,B1-14,bD1-14,"B1-12 Banyardala Road, Bolein Aung Mingalar Ward, Tarmwe, Yangon","ဘီ၁-၁၄, ဗညားဒလလမ်း, ဘိုးဘိန်းအောင်မင်္ဂလာရပ်ကွက်, တာမွေ",Tarmwe,wmarG,Yangon East,ရန်ကုန်အရှေ့ပိုင်း,Yangon,ရန်ကုန်,11431.0,16.81762,96.197349,,4.4,412,,Yangon,"Name: FOX (ဖို့စ်). Category: Home Decoration. House Number: B1-14. Address: ဘီ၁-၁၄, ဗညားဒလလမ်း, ဘိုးဘိန်းအောင်မင်္ဂလာရပ်ကွက်, တာမွေ. Township: Tarmwe. District: Yangon East"
600,FRIENDSHIP (Advertistion),FRIENDSHIP (Advertistion),Shop,အထွေထွေအမျိုးအစား,,,"Kyi Pwar Yae Ward (TGGN), Thingangyun","Kyi Pwar Yae Ward (TGGN), Thingangyun",Thingangyun,,Yangon East,ရန်ကုန်အရှေ့ပိုင်း,Yangon,ရန်ကုန်,,16.8382,96.2077,,4,10,,Yangon,"Name: FRIENDSHIP (Advertistion). Category: Shop. Address: Kyi Pwar Yae Ward (TGGN), Thingangyun. Township: Thingangyun. District: Yangon East"
1917,FUN,ဖန်,Car Wash,မော်တော်ယာဉ် ဆေးကြောရေး,,,Thingangyun,Thingangyun,Thingangyun,,Yangon East,ရန်ကုန်အရှေ့ပိုင်း,Yangon,ရန်ကုန်,,16.833764,96.187061,,4.7,361,,Yangon,Name: FUN (ဖန်). Category: Car Wash. Address: Thingangyun. Township: Thingangyun. District: Yangon East
1238,Family,ဖဲမလီး,Shop,အထွေထွေအမျိုးအစား,,,Thingangyun,Thingangyun,Thingangyun,,Yangon East,ရန်ကုန်အရှေ့ပိုင်း,Yangon,ရန်ကုန်,,16.828917,96.207554,,4.8,124,,Yangon,Name: Family (ဖဲမလီး). Category: Shop. Address: Thingangyun. Township: Thingangyun. District: Yangon East
1366,Family Laundry Service,ဖမ်မလီလန်ဒရီဆားဗစ်,Shop,အထွေထွေအမျိုးအစား,,,Thingangyun,Thingangyun,Thingangyun,,Yangon East,ရန်ကုန်အရှေ့ပိုင်း,Yangon,ရန်ကုန်,,16.835629,96.200431,,4.6,508,,Yangon,Name: Family Laundry Service (ဖမ်မလီလန်ဒရီဆားဗစ်). Category: Shop. Address: Thingangyun. Township: Thingangyun. District: Yangon East
1330,Family World,ဖန်မလီ၀ောလ်,Shop,အထွေထွေအမျိုးအစား,,,Thingangyun,Thingangyun,Thingangyun,,Yangon East,ရန်ကုန်အရှေ့ပိုင်း,Yangon,ရန်ကုန်,,16.82824,96.18789,,4,400,,Yangon,Name: Family World (ဖန်မလီ၀ောလ်). Category: Shop. Address: Thingangyun. Township: Thingangyun. District: Yangon East
261,Famous,ဖေးမန့်,Dental Clinic,ဆေးရုံနှင့် ဆေးခန်း,895,895,"895 Lay Daung Kan Road, Nga Moe Yeik Ward, Thingangyun, Yangon","၈၉၅, လေးထောင့်ကန်လမ်း, ငမိုးရိပ်ရပ်ကွက်, သင်္ဃန်းကျွန်း",Thingangyun,သင်္ဃန်းကျွန်း,Yangon East,ရန်ကုန်အရှေ့ပိုင်း,Yangon,ရန်ကုန်,11431.0,16.839431,96.201511,,4.1,193,,Yangon,"Name: Famous (ဖေးမန့်). Category: Dental Clinic. House Number: 895. Address: ၈၉၅, လေးထောင့်ကန်လမ်း, ငမိုးရိပ်ရပ်ကွက်, သင်္ဃန်းကျွန်း. Township: Thingangyun. District: Yangon East"
1473,Fancy Girl,ဖဲန်ဆီးဂားလ်,Shop,အထွေထွေအမျိုးအစား,,,Thingangyun,Thingangyun,Thingangyun,,Yangon East,ရန်ကုန်အရှေ့ပိုင်း,Yangon,ရန်ကုန်,,16.838278,96.207087,,4.3,229,,Yangon,Name: Fancy Girl (ဖဲန်ဆီးဂားလ်). Category: Shop. Address: Thingangyun. Township: Thingangyun. District: Yangon East
442,February Six,February Six,Restaurant,စားသောက်ဆိုင်,,,"Mikyaung Kan (2) Ward (TGGN), Thingangyun","Mikyaung Kan (2) Ward (TGGN), Thingangyun",Thingangyun,,Yangon East,ရန်ကုန်အရှေ့ပိုင်း,Yangon,ရန်ကုန်,,16.8306,96.1791,,4.2,136,,Yangon,"Name: February Six. Category: Restaurant. Address: Mikyaung Kan (2) Ward (TGGN), Thingangyun. Township: Thingangyun. District: Yangon East"
784,Fezion,ဖရီးဇွန်,Shop,အထွေထွေအမျိုးအစား,,,Thingangyun,Thingangyun,Thingangyun,,Yangon East,ရန်ကုန်အရှေ့ပိုင်း,Yangon,ရန်ကုန်,,16.825,96.206752,,4.4,562,,Yangon,Name: Fezion (ဖရီးဇွန်). Category: Shop. Address: Thingangyun. Township: Thingangyun. District: Yangon East
1746,First Lady,ဖတ်စ်လေဒီ,Shop,အထွေထွေအမျိုးအစား,,,Thingangyun,Thingangyun,Thingangyun,,Yangon East,ရန်ကုန်အရှေ့ပိုင်း,Yangon,ရန်ကုန်,,16.840085,96.200784,,4.6,448,,Yangon,Name: First Lady (ဖတ်စ်လေဒီ). Category: Shop. Address: Thingangyun. Township: Thingangyun. District: Yangon East
699,Fisherman's Village,တံငါရွာ,Restaurant,စားသောက်ဆိုင်,,,Thingangyun,Thingangyun,Thingangyun,,Yangon East,ရန်ကုန်အရှေ့ပိုင်း,Yangon,ရန်ကုန်,,16.822428,96.181732,,4.9,307,,Yangon,Name: Fisherman's Village (တံငါရွာ). Category: Restaurant. Address: Thingangyun. Township: Thingangyun. District: Yangon East
1297,Five Star,ဖိုက်စတား,Shop,အထွေထွေအမျိုးအစား,,,Thingangyun,Thingangyun,Thingangyun,,Yangon East,ရန်ကုန်အရှေ့ပိုင်း,Yangon,ရန်ကုန်,,16.825249,96.208542,,4.7,301,,Yangon,Name: Five Star (ဖိုက်စတား). Category: Shop. Address: Thingangyun. Township: Thingangyun. District: Yangon East
73,Five Star,ဖိုက်စတား,Restaurant (Fiet Chicken),စားသောက်ဆိုင်,251,251,"251 Than Thu Mar Road, (Nga/Ka) Ward, Thingangyun, Yangon","၂၅၁, သံသုမာလမ်း, (င^က)ရပ်ကွက်, သင်္ဃန်းကျွန်း",Thingangyun,သင်္ဃန်းကျွန်း,Yangon East,ရန်ကုန်အရှေ့ပိုင်း,Yangon,ရန်ကုန်,11431.0,16.835402,96.207498,,4.3,229,,Yangon,"Name: Five Star (ဖိုက်စတား). Category: Restaurant (Fiet Chicken). House Number: 251. Address: ၂၅၁, သံသုမာလမ်း, (င^က)ရပ်ကွက်, သင်္ဃန်းကျွန်း. Township: Thingangyun. District: Yangon East"
1298,Five Star,ဖိုက်စတား,Shop,အထွေထွေအမျိုးအစား,,,Thingangyun,Thingangyun,Thingangyun,,Yangon East,ရန်ကုန်အရှေ့ပိုင်း,Yangon,ရန်ကုန်,,16.835418,96.207454,,4.8,304,,Yangon,Name: Five Star (ဖိုက်စတား). Category: Shop. Address: Thingangyun. Township: Thingangyun. District: Yangon East
1029,Five Star,ဖိုက်စတား,Repair Facility,ပြုပြင်ရေးလုပ်ငန်း,,,Thingangyun,Thingangyun,Thingangyun,,Yangon East,ရန်ကုန်အရှေ့ပိုင်း,Yangon,ရန်ကုန်,,16.830789,96.207888,,4.9,97,,Yangon,Name: Five Star (ဖိုက်စတား). Category: Repair Facility. Address: Thingangyun. Township: Thingangyun. District: Yangon East
1921,Five Two Eight,ဖိုက်တူးအိတ်,Company,ရုံးခန်းနှင့် လူနေအိမ်ရာ,,,Thingangyun,Thingangyun,Thingangyun,,Yangon East,ရန်ကုန်အရှေ့ပိုင်း,Yangon,ရန်ကုန်,,16.833565,96.177082,,4.1,373,,Yangon,Name: Five Two Eight (ဖိုက်တူးအိတ်). Category: Company. Address: Thingangyun. Township: Thingangyun. District: Yangon East
133,Floor Master,ဖလောမာစတာ,Construction Material,ဆောက်လုပ်ရေးနှင့် ဟာ့ဒ်ဝဲ,53,53,"53 Than Thu Mar Road, Kyi Pwar Yae Ward, Thingangyun, Yangon","၅၃, သံသုမာလမ်း, ကြီးပွားရေးရပ်ကွက်, သင်္ဃန်းကျွန်း",Thingangyun,သင်္ဃန်းကျွန်း,Yangon East,ရန်ကုန်အရှေ့ပိုင်း,Yangon,ရန်ကုန်,11431.0,16.837907,96.20736,,4.3,409,,Yangon,"Name: Floor Master (ဖလောမာစတာ). Category: Construction Material. House Number: 53. Address: ၅၃, သံသုမာလမ်း, ကြီးပွားရေးရပ်ကွက်, သင်္ဃန်းကျွန်း. Township: Thingangyun. District: Yangon East"
1197,Flower World,ဖလားဝါးဝေါလ်,Company,ရုံးခန်းနှင့် လူနေအိမ်ရာ,,,Thingangyun,Thingangyun,Thingangyun,,Yangon East,ရန်ကုန်အရှေ့ပိုင်း,Yangon,ရန်ကုန်,,16.831559,96.205151,,4.7,601,,Yangon,Name: Flower World (ဖလားဝါးဝေါလ်). Category: Company. Address: Thingangyun. Township: Thingangyun. District: Yangon East
333,Focal Point,ဖိုကယ်ပွိင့်,Company,ရုံးခန်းနှင့် လူနေအိမ်ရာ,1-Nov,43476,"1/11 Than Thu Mar Road, Ward-24 Thuwunna, Thingangyun, Yangon","၄၃၄၇၆, သံသုမာလမ်း, သု၀ဏ္ဏ(၂၄)ရပ်ကွက်, သင်္ဃန်းကျွန်း",Thingangyun,သင်္ဃန်းကျွန်း,Yangon East,ရန်ကုန်အရှေ့ပိုင်း,Yangon,ရန်ကုန်,11431.0,16.817587,96.197291,,4.3,409,,Yangon,"Name: Focal Point (ဖိုကယ်ပွိင့်). Category: Company. House Number: 1-Nov. Address: ၄၃၄၇၆, သံသုမာလမ်း, သု၀ဏ္ဏ(၂၄)ရပ်ကွက်, သင်္ဃန်းကျွန်း. Township: Thingangyun. District: Yangon East"
1474,Forever,ဖောအဲဗား,Shop,အထွေထွေအမျိုးအစား,,,Thingangyun,Thingangyun,Thingangyun,,Yangon East,ရန်ကုန်အရှေ့ပိုင်း,Yangon,ရန်ကုန်,,16.839115,96.207837,,4.4,232,,Yangon,Name: Forever (ဖောအဲဗား). Category: Shop. Address: Thingangyun. Township: Thingangyun. District: Yangon East
1408,Forwards,ဖော်ဝပ်(ဒ်),Shop,အထွေထွေအမျိုးအစား,,,Thingangyun,Thingangyun,Thingangyun,,Yangon East,ရန်ကုန်အရှေ့ပိုင်း,Yangon,ရန်ကုန်,,16.829331,96.200728,,4.8,34,,Yangon,Name: Forwards (ဖော်ဝပ်(ဒ်)). Category: Shop. Address: Thingangyun. Township: Thingangyun. District: Yangon East
1922,"Fourteen Star  Network Co., Ltd.",ဖော်တင်းစတားနက်၀ော့ခ်ကုမ္ပဏီလီမိတက်,Company,ရုံးခန်းနှင့် လူနေအိမ်ရာ,,,Thingangyun,Thingangyun,Thingangyun,,Yangon East,ရန်ကုန်အရှေ့ပိုင်း,Yangon,ရန်ကုန်,,16.836369,96.198371,,4.2,376,,Yangon,"Name: Fourteen Star  Network Co., Ltd. (ဖော်တင်းစတားနက်၀ော့ခ်ကုမ္ပဏီလီမိတက်). Category: Company. Address: Thingangyun. Township: Thingangyun. District: Yangon East"
1299,Fresh Yangon Chicken,သန့်ရှင်းလတ်ဆတ်ရန်ကုန်ကြက်,Shop,အထွေထွေအမျိုးအစား,,,Thingangyun,Thingangyun,Thingangyun,,Yangon East,ရန်ကုန်အရှေ့ပိုင်း,Yangon,ရန်ကုန်,,16.832193,96.208035,,4.9,307,,Yangon,Name: Fresh Yangon Chicken (သန့်ရှင်းလတ်ဆတ်ရန်ကုန်ကြက်). Category: Shop. Address: Thingangyun. Township: Thingangyun. District: Yangon East
443,Furama,Furama,Restaurant,စားသောက်ဆိုင်,,,"Nanwin Kone Ward (TGGN), Thingangyun","Nanwin Kone Ward (TGGN), Thingangyun",Thingangyun,,Yangon East,ရန်ကုန်အရှေ့ပိုင်း,Yangon,ရန်ကုန်,,16.8234,96.188,,4.3,139,,Yangon,"Name: Furama. Category: Restaurant. Address: Nanwin Kone Ward (TGGN), Thingangyun. Township: Thingangyun. District: Yangon East"
1191,"Future Dream Co., Ltd.",ဖူးချားဒရင်းမ်းကုမ္ပဏီ,Company,ရုံးခန်းနှင့် လူနေအိမ်ရာ,,,Thingangyun,Thingangyun,Thingangyun,,Yangon East,ရန်ကုန်အရှေ့ပိုင်း,Yangon,ရန်ကုန်,,16.840891,96.202481,,4.1,583,,Yangon,"Name: Future Dream Co., Ltd. (ဖူးချားဒရင်းမ်းကုမ္ပဏီ). Category: Company. Address: Thingangyun. Township: Thingangyun. District: Yangon East"
444,G G Mini Mart,G G Mini Mart,Store,စျေးနှင့် ကုန်စုံဆိုင်,,,"Bo Kan Nyunt Ward (TGGN), Thingangyun","Bo Kan Nyunt Ward (TGGN), Thingangyun",Thingangyun,,Yangon East,ရန်ကုန်အရှေ့ပိုင်း,Yangon,ရန်ကုန်,,16.8317,96.194,,4.4,142,,Yangon,"Name: G G Mini Mart. Category: Store. Address: Bo Kan Nyunt Ward (TGGN), Thingangyun. Township: Thingangyun. District: Yangon East"
1352,G Tun Tun,ဂျီထွန်းထွန်း,Shop,အထွေထွေအမျိုးအစား,,,Thingangyun,Thingangyun,Thingangyun,,Yangon East,ရန်ကုန်အရှေ့ပိုင်း,Yangon,ရန်ကုန်,,16.831737,96.202446,,4.2,466,,Yangon,Name: G Tun Tun (ဂျီထွန်းထွန်း). Category: Shop. Address: Thingangyun. Township: Thingangyun. District: Yangon East
1273,G&G,ဂျီအန်ဂျီ,Shop,အထွေထွေအမျိုးအစား,,,Thingangyun,Thingangyun,Thingangyun,,Yangon East,ရန်ကုန်အရှေ့ပိုင်း,Yangon,ရန်ကုန်,,16.841199,96.201607,,4.3,229,,Yangon,Name: G&G (ဂျီအန်ဂျီ). Category: Shop. Address: Thingangyun. Township: Thingangyun. District: Yangon East
1272,G&G,ဂျီအန်ဂျီ,Shop,အထွေထွေအမျိုးအစား,,,Thingangyun,Thingangyun,Thingangyun,,Yangon East,ရန်ကုန်အရှေ့ပိုင်း,Yangon,ရန်ကုန်,,16.843659,96.200865,,4.2,226,,Yangon,Name: G&G (ဂျီအန်ဂျီ). Category: Shop. Address: Thingangyun. Township: Thingangyun. District: Yangon East
2026,G.B.U,ဂျီဘီယူ,Café/Pub,ဘားနှင့် ဖျော်ဖြေရေး,,,Thingangyun,Thingangyun,Thingangyun,,Yangon East,ရန်ကုန်အရှေ့ပိုင်း,Yangon,ရန်ကုန်,,16.836587,96.186123,,4.6,88,,Yangon,Name: G.B.U (ဂျီဘီယူ). Category: Café/Pub. Address: Thingangyun. Township: Thingangyun. District: Yangon East
1934,GGI,ဂျီဂျီအိုင်,Company,ရုံးခန်းနှင့် လူနေအိမ်ရာ,,,Thingangyun,Thingangyun,Thingangyun,,Yangon East,ရန်ကုန်အရှေ့ပိုင်း,Yangon,ရန်ကုန်,,16.843557,96.198704,,4.4,412,,Yangon,Name: GGI (ဂျီဂျီအိုင်). Category: Company. Address: Thingangyun. Township: Thingangyun. District: Yangon East
93,GGI,ဂျီဂျီအိုင်,Bank,ဘဏ်နှင့် ငွေကြေးဝန်ဆောင်မှု,2,2,"2 Yadanar Road, Bawa Myint Ward, Thingangyun, Yangon","၂, ရတနာလမ်း, ဘ၀မြင့်ရပ်ကွက်, သင်္ဃန်းကျွန်း",Thingangyun,သင်္ဃန်းကျွန်း,Yangon East,ရန်ကုန်အရှေ့ပိုင်း,Yangon,ရန်ကုန်,11431.0,16.84354,96.198675,,4.3,289,,Yangon,"Name: GGI (ဂျီဂျီအိုင်). Category: Bank. House Number: 2. Address: ၂, ရတနာလမ်း, ဘ၀မြင့်ရပ်ကွက်, သင်္ဃန်းကျွန်း. Township: Thingangyun. District: Yangon East"
448,GOAL HOTEL,GOAL HOTEL,Hotel,ဟိုတယ်နှင့် တည်းခိုခန်း,,,",Waizayantar Rd.,Tut Wine Gyi Ward (TGGN),Thingangyun",",Waizayantar Rd.,Tut Wine Gyi Ward (TGGN),Thingangyun",Thingangyun,,Yangon East,ရန်ကုန်အရှေ့ပိုင်း,Yangon,ရန်ကုန်,,16.8197,96.1843,,4.8,154,,Yangon,"Name: GOAL HOTEL. Category: Hotel. Address: ,Waizayantar Rd.,Tut Wine Gyi Ward (TGGN),Thingangyun. Township: Thingangyun. District: Yangon East"
449,GOLDEN PALACE HOTEL,GOLDEN PALACE HOTEL,Hotel,ဟိုတယ်နှင့် တည်းခိုခန်း,,,"9, Shwe La Win Street, Sanchaung,Yangon.","9, Shwe La Win Street, Sanchaung,Yangon.",Thingangyun,,Yangon East,ရန်ကုန်အရှေ့ပိုင်း,Yangon,ရန်ကုန်,,16.8365,96.1985,,4.9,157,,Yangon,"Name: GOLDEN PALACE HOTEL. Category: Hotel. Address: 9, Shwe La Win Street, Sanchaung,Yangon.. Township: Thingangyun. District: Yangon East"
785,GOLDFLAKE,ဂိုးဖလိတ်,Shop,အထွေထွေအမျိုးအစား,,,Thingangyun,Thingangyun,Thingangyun,,Yangon East,ရန်ကုန်အရှေ့ပိုင်း,Yangon,ရန်ကုန်,,16.825897,96.207469,,4.5,565,,Yangon,Name: GOLDFLAKE (ဂိုးဖလိတ်). Category: Shop. Address: Thingangyun. Township: Thingangyun. District: Yangon East
1153,Galaxy,ဂလက်စီ,School,ကျောင်းနှင့် တက္ကသိုလ်,,,Thingangyun,Thingangyun,Thingangyun,,Yangon East,ရန်ကုန်အရှေ့ပိုင်း,Yangon,ရန်ကုန်,,16.841114,96.201175,,4.3,469,,Yangon,Name: Galaxy (ဂလက်စီ). Category: School. Address: Thingangyun. Township: Thingangyun. District: Yangon East
445,Gaphu Gwe Market,Gaphu Gwe Market,Market,စျေးနှင့် ကုန်စုံဆိုင်,,,"Nga/Ka Ward (TGGN), Thingangyun","Nga/Ka Ward (TGGN), Thingangyun",Thingangyun,,Yangon East,ရန်ကုန်အရှေ့ပိုင်း,Yangon,ရန်ကုန်,,16.8319,96.2036,,4.5,145,,Yangon,"Name: Gaphu Gwe Market. Category: Market. Address: Nga/Ka Ward (TGGN), Thingangyun. Township: Thingangyun. District: Yangon East"
262,Garng,ဂရက်,Electronic Shop,လျှပ်စစ်ပစ္စည်းဆိုင်,883,883,"883 Lay Daung Kan Road, Nga Moe Yeik Ward, Thingangyun, Yangon","၈၈၃, လေးထောင့်ကန်လမ်း, ငမိုးရိပ်ရပ်ကွက်, သင်္ဃန်းကျွန်း",Thingangyun,သင်္ဃန်းကျွန်း,Yangon East,ရန်ကုန်အရှေ့ပိုင်း,Yangon,ရန်ကုန်,11431.0,16.838781,96.200854,,4.2,196,,Yangon,"Name: Garng (ဂရက်). Category: Electronic Shop. House Number: 883. Address: ၈၈၃, လေးထောင့်ကန်လမ်း, ငမိုးရိပ်ရပ်ကွက်, သင်္ဃန်းကျွန်း. Township: Thingangyun. District: Yangon East"
697,Garo Sero,ဂာရိုစီရို,Restaurant,စားသောက်ဆိုင်,,,Thingangyun,Thingangyun,Thingangyun,,Yangon East,ရန်ကုန်အရှေ့ပိုင်း,Yangon,ရန်ကုန်,,16.818038,96.198308,,4.7,301,,Yangon,Name: Garo Sero (ဂာရိုစီရို). Category: Restaurant. Address: Thingangyun. Township: Thingangyun. District: Yangon East
1825,Gemini,ဂျန်းမ်မနိုင်,Nightlife,ဘားနှင့် ဖျော်ဖြေရေး,,,Thingangyun,Thingangyun,Thingangyun,,Yangon East,ရန်ကုန်အရှေ့ပိုင်း,Yangon,ရန်ကုန်,,16.834308,96.179965,,4.5,85,,Yangon,Name: Gemini (ဂျန်းမ်မနိုင်). Category: Nightlife. Address: Thingangyun. Township: Thingangyun. District: Yangon East
1301,Gingar,ဂင်္ဂာ,Shop,အထွေထွေအမျိုးအစား,,,Thingangyun,Thingangyun,Thingangyun,,Yangon East,ရန်ကုန်အရှေ့ပိုင်း,Yangon,ရန်ကုန်,,16.838914,96.20669,,4.1,313,,Yangon,Name: Gingar (ဂင်္ဂာ). Category: Shop. Address: Thingangyun. Township: Thingangyun. District: Yangon East
1300,Gingar,ဂင်္ဂာ,Shop,အထွေထွေအမျိုးအစား,,,Thingangyun,Thingangyun,Thingangyun,,Yangon East,ရန်ကုန်အရှေ့ပိုင်း,Yangon,ရန်ကုန်,,16.839757,96.207714,,4,310,,Yangon,Name: Gingar (ဂင်္ဂာ). Category: Shop. Address: Thingangyun. Township: Thingangyun. District: Yangon East
1867,Ginhi Yangon,ဂျင်ဟီရန်ကုန်,Restaurant,စားသောက်ဆိုင်,,,Thingangyun,Thingangyun,Thingangyun,,Yangon East,ရန်ကုန်အရှေ့ပိုင်း,Yangon,ရန်ကုန်,,16.833624,96.174955,,4.7,211,,Yangon,Name: Ginhi Yangon (ဂျင်ဟီရန်ကုန်). Category: Restaurant. Address: Thingangyun. Township: Thingangyun. District: Yangon East
1203,Glass Teach,ဂလက်(စ်)တက်(ဟ်),Shop,အထွေထွေအမျိုးအစား,,,Thingangyun,Thingangyun,Thingangyun,,Yangon East,ရန်ကုန်အရှေ့ပိုင်း,Yangon,ရန်ကုန်,,16.837266,96.20735,,4.3,19,,Yangon,Name: Glass Teach (ဂလက်(စ်)တက်(ဟ်)). Category: Shop. Address: Thingangyun. Township: Thingangyun. District: Yangon East
94,Global Green,ဂလိုဘယ် ဂရင်း,Company,ရုံးခန်းနှင့် လူနေအိမ်ရာ,7,7,"7 Yadanar Road, Bawa Myint Ward, Thingangyun, Yangon","၇, ရတနာလမ်း, ဘ၀မြင့်ရပ်ကွက်, သင်္ဃန်းကျွန်း",Thingangyun,သင်္ဃန်းကျွန်း,Yangon East,ရန်ကုန်အရှေ့ပိုင်း,Yangon,ရန်ကုန်,11431.0,16.844794,96.199926,,4.4,292,,Yangon,"Name: Global Green (ဂလိုဘယ် ဂရင်း). Category: Company. House Number: 7. Address: ၇, ရတနာလမ်း, ဘ၀မြင့်ရပ်ကွက်, သင်္ဃန်းကျွန်း. Township: Thingangyun. District: Yangon East"
446,Global Sea Hawk,Global Sea Hawk,Office Building,ရုံးခန်းနှင့် လူနေအိမ်ရာ,,,"Supaing Ward (TGGN), Thingangyun","Supaing Ward (TGGN), Thingangyun",Thingangyun,,Yangon East,ရန်ကုန်အရှေ့ပိုင်း,Yangon,ရန်ကုန်,,16.8186,96.1975,,4.6,148,,Yangon,"Name: Global Sea Hawk. Category: Office Building. Address: Supaing Ward (TGGN), Thingangyun. Township: Thingangyun. District: Yangon East"
134,Global Strell,ဂလိုဘယ်စတယ်,"Aluminium,Glass & Steel",ဆောက်လုပ်ရေးနှင့် ဟာ့ဒ်ဝဲ,174,174,"174 U Chit Maung Road, North Sayar (East) Ward, Bahan, Yangon","၁၇၄, ဦးချစ်မောင်လမ်း, ဆရာစံမြောက်အရှေ့ရပ်ကွက်, ဗဟန်း",Bahan,ဗဟန်း,Yangon East,ရန်ကုန်အရှေ့ပိုင်း,Yangon,ရန်ကုန်,11431.0,16.837177,96.207815,,4.4,412,,Yangon,"Name: Global Strell (ဂလိုဘယ်စတယ်). Category: Aluminium,Glass & Steel. House Number: 174. Address: ၁၇၄, ဦးချစ်မောင်လမ်း, ဆရာစံမြောက်အရှေ့ရပ်ကွက်, ဗဟန်း. Township: Bahan. District: Yangon East"
447,Global Treasure Bank,Global Treasure Bank,Bank,ဘဏ်နှင့် ငွေကြေးဝန်ဆောင်မှု,,,"Yadanar Rd, 16\1 Ward (TGGN), Thingangyun","Yadanar Rd, 16\1 Ward (TGGN), Thingangyun",Thingangyun,,Yangon East,ရန်ကုန်အရှေ့ပိုင်း,Yangon,ရန်ကုန်,,16.8361,96.1839,,4.7,151,,Yangon,"Name: Global Treasure Bank. Category: Bank. Address: Yadanar Rd, 16\1 Ward (TGGN), Thingangyun. Township: Thingangyun. District: Yangon East"
378,Global Treasure Bank,ကမ်ဘာ့ရတနာဘဏ်,Bank,ဘဏ်နှင့် ငွေကြေးဝန်ဆောင်မှု,1,1,"1 Than Thu Mar Road, Ward-29 Thuwunna, Thingangyun, Yangon","၁, သံသုမာလမ်း, သု၀ဏ္ဏ(၂၉)ရပ်ကွက်, သင်္ဃန်းကျွန်း",Thingangyun,သင်္ဃန်းကျွန်း,Yangon East,ရန်ကုန်အရှေ့ပိုင်း,Yangon,ရန်ကုန်,11431.0,16.819649,96.200723,,4.8,544,,Yangon,"Name: Global Treasure Bank (ကမ်ဘာ့ရတနာဘဏ်). Category: Bank. House Number: 1. Address: ၁, သံသုမာလမ်း, သု၀ဏ္ဏ(၂၉)ရပ်ကွက်, သင်္ဃန်းကျွန်း. Township: Thingangyun. District: Yangon East"
167,Global Treasure Bank_Thingangyun Branch,ကမ္တာရတနာဘဏ်-သင်္ကန်းကျွန်းဘဏ်,Bank,ဘဏ်နှင့် ငွေကြေးဝန်ဆောင်မှု,63,63,"63 Lay Daung Kan Road, Lay Daunkan Ward, Thingangyun, Yangon","၆၃, လေးထောင့်ကန်လမ်း, လေးဒေါင့်ကန်ရပ်ကွက်, သင်္ဃန်းကျွန်း",Thingangyun,သင်္ဃန်းကျွန်း,Yangon East,ရန်ကုန်အရှေ့ပိုင်း,Yangon,ရန်ကုန်,11431.0,16.838296,96.200955,,4.7,511,,Yangon,"Name: Global Treasure Bank_Thingangyun Branch (ကမ္တာရတနာဘဏ်-သင်္ကန်းကျွန်းဘဏ်). Category: Bank. House Number: 63. Address: ၆၃, လေးထောင့်ကန်လမ်း, လေးဒေါင့်ကန်ရပ်ကွက်, သင်္ဃန်းကျွန်း. Township: Thingangyun. District: Yangon East"
1945,Globatt,ဂလိုဘတ်,Shop,အထွေထွေအမျိုးအစား,,,Thingangyun,Thingangyun,Thingangyun,,Yangon East,ရန်ကုန်အရှေ့ပိုင်း,Yangon,ရန်ကုန်,,16.836576,96.199306,,4.5,445,,Yangon,Name: Globatt (ဂလိုဘတ်). Category: Shop. Address: Thingangyun. Township: Thingangyun. District: Yangon East
754,"Glory Art Co., Ltd.",ဂလော်ရီအက် ကုမ္ပဏီ,Company,ရုံးခန်းနှင့် လူနေအိမ်ရာ,,,Thingangyun,Thingangyun,Thingangyun,,Yangon East,ရန်ကုန်အရှေ့ပိုင်း,Yangon,ရန်ကုန်,,16.827469,96.207854,,4.4,472,,Yangon,"Name: Glory Art Co., Ltd. (ဂလော်ရီအက် ကုမ္ပဏီ). Category: Company. Address: Thingangyun. Township: Thingangyun. District: Yangon East"
379,Goddess,ဂိုးဒန်း,Beauty Salon,အလှပြင်နှင့် အပ်ချုပ်ဆိုင်,4,4,"4 Than Thu Mar Road, Ward-29 Thuwunna, Thingangyun, Yangon","၄, သံသုမာလမ်း, သု၀ဏ္ဏ(၂၉)ရပ်ကွက်, သင်္ဃန်းကျွန်း",Thingangyun,သင်္ဃန်းကျွန်း,Yangon East,ရန်ကုန်အရှေ့ပိုင်း,Yangon,ရန်ကုန်,11431.0,16.818456,96.198887,,4.9,547,,Yangon,"Name: Goddess (ဂိုးဒန်း). Category: Beauty Salon. House Number: 4. Address: ၄, သံသုမာလမ်း, သု၀ဏ္ဏ(၂၉)ရပ်ကွက်, သင်္ဃန်းကျွန်း. Township: Thingangyun. District: Yangon East"
673,Golden Bell,ရွှေခေါင်းလောင်း,Restaurant,စားသောက်ဆိုင်,,,Thingangyun,Thingangyun,Thingangyun,,Yangon East,ရန်ကုန်အရှေ့ပိုင်း,Yangon,ရန်ကုန်,,16.838117,96.200163,,4.3,229,,Yangon,Name: Golden Bell (ရွှေခေါင်းလောင်း). Category: Restaurant. Address: Thingangyun. Township: Thingangyun. District: Yangon East
1946,Golden Bird,ရွှေငှက်တော်,Shop,အထွေထွေအမျိုးအစား,,,Thingangyun,Thingangyun,Thingangyun,,Yangon East,ရန်ကုန်အရှေ့ပိုင်း,Yangon,ရန်ကုန်,,16.838609,96.200757,,4.6,448,,Yangon,Name: Golden Bird (ရွှေငှက်တော်). Category: Shop. Address: Thingangyun. Township: Thingangyun. District: Yangon East
1721,Golden Brother,ဂိုးဒင်းဘရာသား,Shop,အထွေထွေအမျိုးအစား,,,Thingangyun,Thingangyun,Thingangyun,,Yangon East,ရန်ကုန်အရှေ့ပိုင်း,Yangon,ရန်ကုန်,,16.831494,96.20225,,4.1,373,,Yangon,Name: Golden Brother (ဂိုးဒင်းဘရာသား). Category: Shop. Address: Thingangyun. Township: Thingangyun. District: Yangon East
380,Golden Brown,ဂိုးဒန်းဘရုန်း,Company(Coffee),ကဖေးနှင့် လက်ဖက်ရည်ဆိုင်,9,9,"9 Than Thu Mar Road, Ward-29 Thuwunna, Thingangyun, Yangon","၉, သံသုမာလမ်း, သု၀ဏ္ဏ(၂၉)ရပ်ကွက်, သင်္ဃန်းကျွန်း",Thingangyun,သင်္ဃန်းကျွန်း,Yangon East,ရန်ကုန်အရှေ့ပိုင်း,Yangon,ရန်ကုန်,11431.0,16.81895,96.199694,,4,550,,Yangon,"Name: Golden Brown (ဂိုးဒန်းဘရုန်း). Category: Company(Coffee). House Number: 9. Address: ၉, သံသုမာလမ်း, သု၀ဏ္ဏ(၂၉)ရပ်ကွက်, သင်္ဃန်းကျွန်း. Township: Thingangyun. District: Yangon East"
1283,Golden Electronic,ဂိုးဒင်း အီလက်ထရောနစ်,Shop,အထွေထွေအမျိုးအစား,,,Thingangyun,Thingangyun,Thingangyun,,Yangon East,ရန်ကုန်အရှေ့ပိုင်း,Yangon,ရန်ကုန်,,16.831708,96.202034,,4.3,259,,Yangon,Name: Golden Electronic (ဂိုးဒင်း အီလက်ထရောနစ်). Category: Shop. Address: Thingangyun. Township: Thingangyun. District: Yangon East
1936,"Golden Hours Co., Ltd.",ဂိုးဒင်းဟာဝါကုမ္ပဏီလီမီတက်,Company,ရုံးခန်းနှင့် လူနေအိမ်ရာ,,,Thingangyun,Thingangyun,Thingangyun,,Yangon East,ရန်ကုန်အရှေ့ပိုင်း,Yangon,ရန်ကုန်,,16.834285,96.186831,,4.6,418,,Yangon,"Name: Golden Hours Co., Ltd. (ဂိုးဒင်းဟာဝါကုမ္ပဏီလီမီတက်). Category: Company. Address: Thingangyun. Township: Thingangyun. District: Yangon East"
1177,Golden Lin,ဂိုးဒင်းလင်း,Company,ရုံးခန်းနှင့် လူနေအိမ်ရာ,,,Thingangyun,Thingangyun,Thingangyun,,Yangon East,ရန်ကုန်အရှေ့ပိုင်း,Yangon,ရန်ကုန်,,16.82958,96.18614,,4.7,541,,Yangon,Name: Golden Lin (ဂိုးဒင်းလင်း). Category: Company. Address: Thingangyun. Township: Thingangyun. District: Yangon East
61,Golden Palace Hotel,ဂိုးလ်ဒင်းပဲလေ့စ်ဟိုတယ်,Hotel,ဟိုတယ်နှင့် တည်းခိုခန်း,9,9,"9 Shwe La Wun Road, (Sa Kha) Ward, Thingangyun, Yangon","၉, ရွှေလ၀န်းလမ်း, (ဆ^ခ)ရပ်ကွက်, သင်္ဃန်းကျွန်း",Thingangyun,သင်္ဃန်းကျွန်း,Yangon East,ရန်ကုန်အရှေ့ပိုင်း,Yangon,ရန်ကုန်,11431.0,16.8365,96.1985,,4.1,193,,Yangon,"Name: Golden Palace Hotel (ဂိုးလ်ဒင်းပဲလေ့စ်ဟိုတယ်). Category: Hotel. House Number: 9. Address: ၉, ရွှေလ၀န်းလမ်း, (ဆ^ခ)ရပ်ကွက်, သင်္ဃန်းကျွန်း. Township: Thingangyun. District: Yangon East"
841,Goldenize,ဂိုးဒင်းဇီ,Shop,အထွေထွေအမျိုးအစား,,,Thingangyun,Thingangyun,Thingangyun,,Yangon East,ရန်ကုန်အရှေ့ပိုင်း,Yangon,ရန်ကုန်,,16.82504,96.181093,,4.1,133,,Yangon,Name: Goldenize (ဂိုးဒင်းဇီ). Category: Shop. Address: Thingangyun. Township: Thingangyun. District: Yangon East
861,Gone Shin,ဂုဏ်ရှင်,Shop,အထွေထွေအမျိုးအစား,,,Thingangyun,Thingangyun,Thingangyun,,Yangon East,ရန်ကုန်အရှေ့ပိုင်း,Yangon,ရန်ကုန်,,16.823935,96.207917,,4.1,193,,Yangon,Name: Gone Shin (ဂုဏ်ရှင်). Category: Shop. Address: Thingangyun. Township: Thingangyun. District: Yangon East
1844,Good Year,ဂွတ်ရီးယား,Repair Facility,ပြုပြင်ရေးလုပ်ငန်း,,,Thingangyun,Thingangyun,Thingangyun,,Yangon East,ရန်ကုန်အရှေ့ပိုင်း,Yangon,ရန်ကုန်,,16.835177,96.197113,,4.4,142,,Yangon,Name: Good Year (ဂွတ်ရီးယား). Category: Repair Facility. Address: Thingangyun. Township: Thingangyun. District: Yangon East
1475,Green 8,ဂရင်း၈,Shop,အထွေထွေအမျိုးအစား,,,Thingangyun,Thingangyun,Thingangyun,,Yangon East,ရန်ကုန်အရှေ့ပိုင်း,Yangon,ရန်ကုန်,,16.83631,96.20101,,4.5,235,,Yangon,Name: Green 8 (ဂရင်း၈). Category: Shop. Address: Thingangyun. Township: Thingangyun. District: Yangon East
775,Green Dream,အိပ်မက်စိမ်း,Shop,အထွေထွေအမျိုးအစား,,,Thingangyun,Thingangyun,Thingangyun,,Yangon East,ရန်ကုန်အရှေ့ပိုင်း,Yangon,ရန်ကုန်,,16.84054,96.203413,,4.5,535,,Yangon,Name: Green Dream (အိပ်မက်စိမ်း). Category: Shop. Address: Thingangyun. Township: Thingangyun. District: Yangon East
2032,Green Light,ဂရင်းလိုက်,Health Care Service,ပြုပြင်ရေးလုပ်ငန်း,,,Thingangyun,Thingangyun,Thingangyun,,Yangon East,ရန်ကုန်အရှေ့ပိုင်း,Yangon,ရန်ကုန်,,16.84148,96.204368,,4.2,106,,Yangon,Name: Green Light (ဂရင်းလိုက်). Category: Health Care Service. Address: Thingangyun. Township: Thingangyun. District: Yangon East
1331,Green Spectrum,ဂရင်းစပတ်ထရန်ရ်,Shop,အထွေထွေအမျိုးအစား,,,Thingangyun,Thingangyun,Thingangyun,,Yangon East,ရန်ကုန်အရှေ့ပိုင်း,Yangon,ရန်ကုန်,,16.82923,96.18303,,4.1,403,,Yangon,Name: Green Spectrum (ဂရင်းစပတ်ထရန်ရ်). Category: Shop. Address: Thingangyun. Township: Thingangyun. District: Yangon East
1832,Guozhen,ဂူဒိုဇမ်,Pharmacy,ဆေးဆိုင်,,,Thingangyun,Thingangyun,Thingangyun,,Yangon East,ရန်ကုန်အရှေ့ပိုင်း,Yangon,ရန်ကုန်,,16.838923,96.192943,,4.2,106,,Yangon,Name: Guozhen (ဂူဒိုဇမ်). Category: Pharmacy. Address: Thingangyun. Township: Thingangyun. District: Yangon East
450,HAPPY (RAKU),HAPPY (RAKU),Restaurant,စားသောက်ဆိုင်,,,"C 5/ 01, Asia a Express Housing , Thanthu Mar Housing, Thuwa Na , Yangon .","C 5/ 01, Asia a Express Housing , Thanthu Mar Housing, Thuwa Na , Yangon .",Thingangyun,,Yangon East,ရန်ကုန်အရှေ့ပိုင်း,Yangon,ရန်ကုန်,,16.8185,96.1987,,4,160,,Yangon,"Name: HAPPY (RAKU). Category: Restaurant. Address: C 5/ 01, Asia a Express Housing , Thanthu Mar Housing, Thuwa Na , Yangon .. Township: Thingangyun. District: Yangon East"
1159,HONKI,ဟွန်ကီ,School,ကျောင်းနှင့် တက္ကသိုလ်,,,Thingangyun,Thingangyun,Thingangyun,,Yangon East,ရန်ကုန်အရှေ့ပိုင်း,Yangon,ရန်ကုန်,,16.82683,96.19155,,4.9,487,,Yangon,Name: HONKI (ဟွန်ကီ). Category: School. Address: Thingangyun. Township: Thingangyun. District: Yangon East
452,HOTEL CAPTAIN,HOTEL CAPTAIN,Hotel,ဟိုတယ်နှင့် တည်းခိုခန်း,,,"No112 , Yeik Thar 4th Street , Waizayantar Garden , Mikyaungkan 1, Yangon","No112 , Yeik Thar 4th Street , Waizayantar Garden , Mikyaungkan 1, Yangon",Thingangyun,,Yangon East,ရန်ကုန်အရှေ့ပိုင်း,Yangon,ရန်ကုန်,,16.8238,96.1801,,4.2,166,,Yangon,"Name: HOTEL CAPTAIN. Category: Hotel. Address: No112 , Yeik Thar 4th Street , Waizayantar Garden , Mikyaungkan 1, Yangon. Township: Thingangyun. District: Yangon East"
1075,Hainan,ဟိုင်နန်,Restaurant,စားသောက်ဆိုင်,,,Thingangyun,Thingangyun,Thingangyun,,Yangon East,ရန်ကုန်အရှေ့ပိုင်း,Yangon,ရန်ကုန်,,16.82911,96.18258,,4.5,235,,Yangon,Name: Hainan (ဟိုင်နန်). Category: Restaurant. Address: Thingangyun. Township: Thingangyun. District: Yangon East
1320,Hair.96,ဟဲ(လ်)-၉၆,Shop,အထွေထွေအမျိုးအစား,,,Thingangyun,Thingangyun,Thingangyun,,Yangon East,ရန်ကုန်အရှေ့ပိုင်း,Yangon,ရန်ကုန်,,16.840199,96.201755,,4,370,,Yangon,Name: Hair.96 (ဟဲ(လ်)-၉၆). Category: Shop. Address: Thingangyun. Township: Thingangyun. District: Yangon East
1476,Han Su,ဟန်ဆု,Shop,အထွေထွေအမျိုးအစား,,,Thingangyun,Thingangyun,Thingangyun,,Yangon East,ရန်ကုန်အရှေ့ပိုင်း,Yangon,ရန်ကုန်,,16.841018,96.201406,,4.6,238,,Yangon,Name: Han Su (ဟန်ဆု). Category: Shop. Address: Thingangyun. Township: Thingangyun. District: Yangon East
1154,Happy,ဟက်ပီး,School,ကျောင်းနှင့် တက္ကသိုလ်,,,Thingangyun,Thingangyun,Thingangyun,,Yangon East,ရန်ကုန်အရှေ့ပိုင်း,Yangon,ရန်ကုန်,,16.838872,96.20292,,4.4,472,,Yangon,Name: Happy (ဟက်ပီး). Category: School. Address: Thingangyun. Township: Thingangyun. District: Yangon East
381,Happy,ဟက်ပီး,Restaurant (Beer Pub),ဘားနှင့် ဖျော်ဖြေရေး,3-Jan,43525,"3/1 Than Thu Mar Road, Ward-29 Thuwunna, Thingangyun, Yangon","၄၃၅၂၅, သံသုမာလမ်း, သု၀ဏ္ဏ(၂၉)ရပ်ကွက်, သင်္ဃန်းကျွန်း",Thingangyun,သင်္ဃန်းကျွန်း,Yangon East,ရန်ကုန်အရှေ့ပိုင်း,Yangon,ရန်ကုန်,11431.0,16.818358,96.198744,,4.1,553,,Yangon,"Name: Happy (ဟက်ပီး). Category: Restaurant (Beer Pub). House Number: 3-Jan. Address: ၄၃၅၂၅, သံသုမာလမ်း, သု၀ဏ္ဏ(၂၉)ရပ်ကွက်, သင်္ဃန်းကျွန်း. Township: Thingangyun. District: Yangon East"
168,Happy,ဟက်ပီး,Café,ကဖေးနှင့် လက်ဖက်ရည်ဆိုင်,54,54,"54 Lay Daung Kan Road, Lay Daunkan Ward, Thingangyun, Yangon","၅၄, လေးထောင့်ကန်လမ်း, လေးဒေါင့်ကန်ရပ်ကွက်, သင်္ဃန်းကျွန်း",Thingangyun,သင်္ဃန်းကျွန်း,Yangon East,ရန်ကုန်အရှေ့ပိုင်း,Yangon,ရန်ကုန်,11431.0,16.835802,96.198478,,4.8,514,,Yangon,"Name: Happy (ဟက်ပီး). Category: Café. House Number: 54. Address: ၅၄, လေးထောင့်ကန်လမ်း, လေးဒေါင့်ကန်ရပ်ကွက်, သင်္ဃန်းကျွန်း. Township: Thingangyun. District: Yangon East"
299,Happy Baby,ဟက်ပီးဘေဘီ,Baby Accessories,အထွေထွေအမျိုးအစား,289/7,289^7,"289/7 Than Thu Mar Road, Supaing Ward, Thingangyun, Yangon","၂၈၉^၇, သံသုမာလမ်း, စုပေါင်းရပ်ကွက်, သင်္ဃန်းကျွန်း",Thingangyun,သင်္ဃန်းကျွန်း,Yangon East,ရန်ကုန်အရှေ့ပိုင်း,Yangon,ရန်ကုန်,11431.0,16.819859,96.200297,,4.9,307,,Yangon,"Name: Happy Baby (ဟက်ပီးဘေဘီ). Category: Baby Accessories. House Number: 289/7. Address: ၂၈၉^၇, သံသုမာလမ်း, စုပေါင်းရပ်ကွက်, သင်္ဃန်းကျွန်း. Township: Thingangyun. District: Yangon East"
862,Happy Day,ဟက်ပီးဒေး,Shop,အထွေထွေအမျိုးအစား,,,Thingangyun,Thingangyun,Thingangyun,,Yangon East,ရန်ကုန်အရှေ့ပိုင်း,Yangon,ရန်ကုန်,,16.821797,96.204418,,4.2,196,,Yangon,Name: Happy Day (ဟက်ပီးဒေး). Category: Shop. Address: Thingangyun. Township: Thingangyun. District: Yangon East
674,Happy Raku,ဟက်ပီးရာခု,Restaurant,စားသောက်ဆိုင်,,,Thingangyun,Thingangyun,Thingangyun,,Yangon East,ရန်ကုန်အရှေ့ပိုင်း,Yangon,ရန်ကုန်,,16.818275,96.198802,,4.4,232,,Yangon,Name: Happy Raku (ဟက်ပီးရာခု). Category: Restaurant. Address: Thingangyun. Township: Thingangyun. District: Yangon East
1030,Har Shin,ဟာရှင်း,Repair Facility,ပြုပြင်ရေးလုပ်ငန်း,,,Thingangyun,Thingangyun,Thingangyun,,Yangon East,ရန်ကုန်အရှေ့ပိုင်း,Yangon,ရန်ကုန်,,16.829644,96.201599,,4,100,,Yangon,Name: Har Shin (ဟာရှင်း). Category: Repair Facility. Address: Thingangyun. Township: Thingangyun. District: Yangon East
1258,Hase Nar,ဟေ့စ်နား,Shop,အထွေထွေအမျိုးအစား,,,Thingangyun,Thingangyun,Thingangyun,,Yangon East,ရန်ကုန်အရှေ့ပိုင်း,Yangon,ရန်ကုန်,,16.827283,96.197144,,4.8,184,,Yangon,Name: Hase Nar (ဟေ့စ်နား). Category: Shop. Address: Thingangyun. Township: Thingangyun. District: Yangon East
335,Haute Coutre & Fashion Design School,သဲရာ,Tailor Shop,အလှပြင်နှင့် အပ်ချုပ်ဆိုင်,166,166,"166 Than Thu Mar Road, Ward-24 Thuwunna, Thingangyun, Yangon","၁၆၆, သံသုမာလမ်း, သု၀ဏ္ဏ(၂၄)ရပ်ကွက်, သင်္ဃန်းကျွန်း",Thingangyun,သင်္ဃန်းကျွန်း,Yangon East,ရန်ကုန်အရှေ့ပိုင်း,Yangon,ရန်ကုန်,11431.0,16.816804,96.195643,,4.5,415,,Yangon,"Name: Haute Coutre & Fashion Design School (သဲရာ). Category: Tailor Shop. House Number: 166. Address: ၁၆၆, သံသုမာလမ်း, သု၀ဏ္ဏ(၂၄)ရပ်ကွက်, သင်္ဃန်းကျွန်း. Township: Thingangyun. District: Yangon East"
733,Hayabusa,ဟာယဘူစ,School,ကျောင်းနှင့် တက္ကသိုလ်,,,Thingangyun,Thingangyun,Thingangyun,,Yangon East,ရန်ကုန်အရှေ့ပိုင်း,Yangon,ရန်ကုန်,,16.828354,96.209615,,4.3,409,,Yangon,Name: Hayabusa (ဟာယဘူစ). Category: School. Address: Thingangyun. Township: Thingangyun. District: Yangon East
263,Heain Heain,အိန်းအိန်း,Jewelry & Gold,အထွေထွေအမျိုးအစား,909,909,"909 Lay Daung Kan Road, Nga Moe Yeik Ward, Thingangyun, Yangon","၉၀၉, လေးထောင့်ကန်လမ်း, ငမိုးရိပ်ရပ်ကွက်, သင်္ဃန်းကျွန်း",Thingangyun,သင်္ဃန်းကျွန်း,Yangon East,ရန်ကုန်အရှေ့ပိုင်း,Yangon,ရန်ကုန်,11431.0,16.840236,96.202355,,4.3,199,,Yangon,"Name: Heain Heain (အိန်းအိန်း). Category: Jewelry & Gold. House Number: 909. Address: ၉၀၉, လေးထောင့်ကန်လမ်း, ငမိုးရိပ်ရပ်ကွက်, သင်္ဃန်းကျွန်း. Township: Thingangyun. District: Yangon East"
95,Healthy & Beauty World,ဟဲလ်အမ်ဗျူးတီးဝေါး,Wholesale & Retail,စျေးနှင့် ကုန်စုံဆိုင်,5,5,"5 Yadanar Road, Bawa Myint Ward, Thingangyun, Yangon","၅, ရတနာလမ်း, ဘ၀မြင့်ရပ်ကွက်, သင်္ဃန်းကျွန်း",Thingangyun,သင်္ဃန်းကျွန်း,Yangon East,ရန်ကုန်အရှေ့ပိုင်း,Yangon,ရန်ကုန်,11431.0,16.843676,96.19878,,4.5,295,,Yangon,"Name: Healthy & Beauty World (ဟဲလ်အမ်ဗျူးတီးဝေါး). Category: Wholesale & Retail. House Number: 5. Address: ၅, ရတနာလမ်း, ဘ၀မြင့်ရပ်ကွက်, သင်္ဃန်းကျွန်း. Township: Thingangyun. District: Yangon East"
1798,Heavy Light,ဟဲဘီးလိုက်(ခ်),Café/Pub,ဘားနှင့် ဖျော်ဖြေရေး,,,Thingangyun,Thingangyun,Thingangyun,,Yangon East,ရန်ကုန်အရှေ့ပိုင်း,Yangon,ရန်ကုန်,,16.83267,96.198565,,4.8,604,,Yangon,Name: Heavy Light (ဟဲဘီးလိုက်(ခ်)). Category: Café/Pub. Address: Thingangyun. Township: Thingangyun. District: Yangon East
1375,Hein,ဟိန်း,Shop,အထွေထွေအမျိုးအစား,,,Thingangyun,Thingangyun,Thingangyun,,Yangon East,ရန်ကုန်အရှေ့ပိုင်း,Yangon,ရန်ကုန်,,16.834603,96.207056,,4.5,535,,Yangon,Name: Hein (ဟိန်း). Category: Shop. Address: Thingangyun. Township: Thingangyun. District: Yangon East
169,Hein,ဟိန်း,Rice Shop,အထွေထွေအမျိုးအစား,34,34,"34 Lay Daung Kan Road, Lay Daunkan Ward, Thingangyun, Yangon","၃၄, လေးထောင့်ကန်လမ်း, လေးဒေါင့်ကန်ရပ်ကွက်, သင်္ဃန်းကျွန်း",Thingangyun,သင်္ဃန်းကျွန်း,Yangon East,ရန်ကုန်အရှေ့ပိုင်း,Yangon,ရန်ကုန်,11431.0,16.839791,96.202529,,4.9,517,,Yangon,"Name: Hein (ဟိန်း). Category: Rice Shop. House Number: 34. Address: ၃၄, လေးထောင့်ကန်လမ်း, လေးဒေါင့်ကန်ရပ်ကွက်, သင်္ဃန်းကျွန်း. Township: Thingangyun. District: Yangon East"
812,Hein,ဟိန်း,Shop,အထွေထွေအမျိုးအစား,,,Thingangyun,Thingangyun,Thingangyun,,Yangon East,ရန်ကုန်အရှေ့ပိုင်း,Yangon,ရန်ကုန်,,16.840063,96.202187,,4.2,46,,Yangon,Name: Hein (ဟိန်း). Category: Shop. Address: Thingangyun. Township: Thingangyun. District: Yangon East
1511,Hein,ဟိန်း,Restaurant,စားသောက်ဆိုင်,,,Thingangyun,Thingangyun,Thingangyun,,Yangon East,ရန်ကုန်အရှေ့ပိုင်း,Yangon,ရန်ကုန်,,16.83288,96.181603,,4.1,343,,Yangon,Name: Hein (ဟိန်း). Category: Restaurant. Address: Thingangyun. Township: Thingangyun. District: Yangon East
1160,Hein Hlwan Aung,ဟိန်းလွှမ်းအောင်,School,ကျောင်းနှင့် တက္ကသိုလ်,,,Thingangyun,Thingangyun,Thingangyun,,Yangon East,ရန်ကုန်အရှေ့ပိုင်း,Yangon,ရန်ကုန်,,16.842237,96.202412,,4,490,,Yangon,Name: Hein Hlwan Aung (ဟိန်းလွှမ်းအောင်). Category: School. Address: Thingangyun. Township: Thingangyun. District: Yangon East
1178,Hein Htet Oo,ဟိန်းထက်ဦး,Company,ရုံးခန်းနှင့် လူနေအိမ်ရာ,,,Thingangyun,Thingangyun,Thingangyun,,Yangon East,ရန်ကုန်အရှေ့ပိုင်း,Yangon,ရန်ကုန်,,16.82964,96.1857,,4.8,544,,Yangon,Name: Hein Htet Oo (ဟိန်းထက်ဦး). Category: Company. Address: Thingangyun. Township: Thingangyun. District: Yangon East
170,Hein Min Thein,အိမ်မင်းသိမ်း,"Aluminium,Glass & Steel",ဆောက်လုပ်ရေးနှင့် ဟာ့ဒ်ဝဲ,76,76,"76 Lay Daung Kan Road, Lay Daunkan Ward, Thingangyun, Yangon","၇၆, လေးထောင့်ကန်လမ်း, လေးဒေါင့်ကန်ရပ်ကွက်, သင်္ဃန်းကျွန်း",Thingangyun,သင်္ဃန်းကျွန်း,Yangon East,ရန်ကုန်အရှေ့ပိုင်း,Yangon,ရန်ကုန်,11431.0,16.837526,96.200146,,4,520,,Yangon,"Name: Hein Min Thein (အိမ်မင်းသိမ်း). Category: Aluminium,Glass & Steel. House Number: 76. Address: ၇၆, လေးထောင့်ကန်လမ်း, လေးဒေါင့်ကန်ရပ်ကွက်, သင်္ဃန်းကျွန်း. Township: Thingangyun. District: Yangon East"
1409,Hein Thu Soe,ဟိန်းသူစိုး,Shop,အထွေထွေအမျိုးအစား,,,Thingangyun,Thingangyun,Thingangyun,,Yangon East,ရန်ကုန်အရှေ့ပိုင်း,Yangon,ရန်ကုန်,,16.843769,96.201446,,4.9,37,,Yangon,Name: Hein Thu Soe (ဟိန်းသူစိုး). Category: Shop. Address: Thingangyun. Township: Thingangyun. District: Yangon East
1868,Hi,ဟိုင်း,Restaurant,စားသောက်ဆိုင်,,,Thingangyun,Thingangyun,Thingangyun,,Yangon East,ရန်ကုန်အရှေ့ပိုင်း,Yangon,ရန်ကုန်,,16.833461,96.195435,,4.8,214,,Yangon,Name: Hi (ဟိုင်း). Category: Restaurant. Address: Thingangyun. Township: Thingangyun. District: Yangon East
1376,Hi,ဟိုင်း,Shop,အထွေထွေအမျိုးအစား,,,Thingangyun,Thingangyun,Thingangyun,,Yangon East,ရန်ကုန်အရှေ့ပိုင်း,Yangon,ရန်ကုန်,,16.825719,96.208366,,4.6,538,,Yangon,Name: Hi (ဟိုင်း). Category: Shop. Address: Thingangyun. Township: Thingangyun. District: Yangon East
1188,"Highest Engineering Co., Ltd.",ဟိုက်ရက်စ်အင်ဂျင်နီးယားရင်းကုမ္ပဏီလီမိတက်,Company,ရုံးခန်းနှင့် လူနေအိမ်ရာ,,,Thingangyun,Thingangyun,Thingangyun,,Yangon East,ရန်ကုန်အရှေ့ပိုင်း,Yangon,ရန်ကုန်,,16.832759,96.207901,,4.8,574,,Yangon,"Name: Highest Engineering Co., Ltd. (ဟိုက်ရက်စ်အင်ဂျင်နီးယားရင်းကုမ္ပဏီလီမိတက်). Category: Company. Address: Thingangyun. Township: Thingangyun. District: Yangon East"
1670,Hinn Wutyi,နှင်း၀တ်ရည်,Shop,အထွေထွေအမျိုးအစား,,,Thingangyun,Thingangyun,Thingangyun,,Yangon East,ရန်ကုန်အရှေ့ပိုင်း,Yangon,ရန်ကုန်,,16.829937,96.182436,,4,220,,Yangon,Name: Hinn Wutyi (နှင်း၀တ်ရည်). Category: Shop. Address: Thingangyun. Township: Thingangyun. District: Yangon East
1179,Hinnthar Akari,ဟင်္သာဧကရီ,Company,ရုံးခန်းနှင့် လူနေအိမ်ရာ,,,Thingangyun,Thingangyun,Thingangyun,,Yangon East,ရန်ကုန်အရှေ့ပိုင်း,Yangon,ရန်ကုန်,,16.838296,96.207315,,4.9,547,,Yangon,Name: Hinnthar Akari (ဟင်္သာဧကရီ). Category: Company. Address: Thingangyun. Township: Thingangyun. District: Yangon East
171,Hla Pwint Phooe,လှပွင့်ဖူး,Beauty Salon,အလှပြင်နှင့် အပ်ချုပ်ဆိုင်,3,3,"3 Lay Daung Kan Road, Lay Daunkan Ward, Thingangyun, Yangon","၃, လေးထောင့်ကန်လမ်း, လေးဒေါင့်ကန်ရပ်ကွက်, သင်္ဃန်းကျွန်း",Thingangyun,သင်္ဃန်းကျွန်း,Yangon East,ရန်ကုန်အရှေ့ပိုင်း,Yangon,ရန်ကုန်,11431.0,16.836316,96.198954,,4.1,523,,Yangon,"Name: Hla Pwint Phooe (လှပွင့်ဖူး). Category: Beauty Salon. House Number: 3. Address: ၃, လေးထောင့်ကန်လမ်း, လေးဒေါင့်ကန်ရပ်ကွက်, သင်္ဃန်းကျွန်း. Township: Thingangyun. District: Yangon East"
1248,Hla Star,လှစတား,Shop,အထွေထွေအမျိုးအစား,,,Thingangyun,Thingangyun,Thingangyun,,Yangon East,ရန်ကုန်အရှေ့ပိုင်း,Yangon,ရန်ကုန်,,16.829296,96.207527,,4.8,154,,Yangon,Name: Hla Star (လှစတား). Category: Shop. Address: Thingangyun. Township: Thingangyun. District: Yangon East
1477,Hla Thidar,လှသီတာ,Shop,အထွေထွေအမျိုးအစား,,,Thingangyun,Thingangyun,Thingangyun,,Yangon East,ရန်ကုန်အရှေ့ပိုင်း,Yangon,ရန်ကုန်,,16.829259,96.201478,,4.7,241,,Yangon,Name: Hla Thidar (လှသီတာ). Category: Shop. Address: Thingangyun. Township: Thingangyun. District: Yangon East
1110,Hlaing,လှုိင်,Hospital/Polyclinic,ဆေးရုံနှင့် ဆေးခန်း,,,Thingangyun,Thingangyun,Thingangyun,,Yangon East,ရန်ကုန်အရှေ့ပိုင်း,Yangon,ရန်ကုန်,,16.832788,96.202317,,4,340,,Yangon,Name: Hlaing (လှုိင်). Category: Hospital/Polyclinic. Address: Thingangyun. Township: Thingangyun. District: Yangon East
172,Hlaing Myanmar,လှိုင်မြန်မာ,Mattress Shop,အထွေထွေအမျိုးအစား,53,53,"53 Lay Daung Kan Road, Lay Daunkan Ward, Thingangyun, Yangon","၅၃, လေးထောင့်ကန်လမ်း, လေးဒေါင့်ကန်ရပ်ကွက်, သင်္ဃန်းကျွန်း",Thingangyun,သင်္ဃန်းကျွန်း,Yangon East,ရန်ကုန်အရှေ့ပိုင်း,Yangon,ရန်ကုန်,11431.0,16.838827,96.201501,,4.2,526,,Yangon,"Name: Hlaing Myanmar (လှိုင်မြန်မာ). Category: Mattress Shop. House Number: 53. Address: ၅၃, လေးထောင့်ကန်လမ်း, လေးဒေါင့်ကန်ရပ်ကွက်, သင်္ဃန်းကျွန်း. Township: Thingangyun. District: Yangon East"
853,Hlaing Myanmar,လှုိင်မြန်မာ,Shop,အထွေထွေအမျိုးအစား,,,Thingangyun,Thingangyun,Thingangyun,,Yangon East,ရန်ကုန်အရှေ့ပိုင်း,Yangon,ရန်ကုန်,,16.838774,96.201572,,4.3,169,,Yangon,Name: Hlaing Myanmar (လှုိင်မြန်မာ). Category: Shop. Address: Thingangyun. Township: Thingangyun. District: Yangon East
173,Hmwe,မွှေး,Dental Clinic,ဆေးရုံနှင့် ဆေးခန်း,58,58,"58 Lay Daung Kan Road, Lay Daunkan Ward, Thingangyun, Yangon","၅၈, လေးထောင့်ကန်လမ်း, လေးဒေါင့်ကန်ရပ်ကွက်, သင်္ဃန်းကျွန်း",Thingangyun,သင်္ဃန်းကျွန်း,Yangon East,ရန်ကုန်အရှေ့ပိုင်း,Yangon,ရန်ကုန်,11431.0,16.838446,96.201164,,4.3,529,,Yangon,"Name: Hmwe (မွှေး). Category: Dental Clinic. House Number: 58. Address: ၅၈, လေးထောင့်ကန်လမ်း, လေးဒေါင့်ကန်ရပ်ကွက်, သင်္ဃန်းကျွန်း. Township: Thingangyun. District: Yangon East"
1259,Hnin Aye Myittar,နှင်းအေးမေတ္တာ,Shop,အထွေထွေအမျိုးအစား,,,Thingangyun,Thingangyun,Thingangyun,,Yangon East,ရန်ကုန်အရှေ့ပိုင်း,Yangon,ရန်ကုန်,,16.843179,96.202036,,4.9,187,,Yangon,Name: Hnin Aye Myittar (နှင်းအေးမေတ္တာ). Category: Shop. Address: Thingangyun. Township: Thingangyun. District: Yangon East
1302,Hnin Hnin,နှင်းနှင်း,Shop,အထွေထွေအမျိုးအစား,,,Thingangyun,Thingangyun,Thingangyun,,Yangon East,ရန်ကုန်အရှေ့ပိုင်း,Yangon,ရန်ကုန်,,16.83903,96.200862,,4.2,316,,Yangon,Name: Hnin Hnin (နှင်းနှင်း). Category: Shop. Address: Thingangyun. Township: Thingangyun. District: Yangon East
300,Hnin Kyar Phyu,နှင်းကြာဖြူ,Car Aircon Shop,အထွေထွေအမျိုးအစား,2.E,2tD;,"2.E Than Thu Mar Road, Supaing Ward, Thingangyun, Yangon","၂အီး, သံသုမာလမ်း, စုပေါင်းရပ်ကွက်, သင်္ဃန်းကျွန်း",Thingangyun,သင်္ဃန်းကျွန်း,Yangon East,ရန်ကုန်အရှေ့ပိုင်း,Yangon,ရန်ကုန်,11431.0,16.818912,96.198917,,4,310,,Yangon,"Name: Hnin Kyar Phyu (နှင်းကြာဖြူ). Category: Car Aircon Shop. House Number: 2.E. Address: ၂အီး, သံသုမာလမ်း, စုပေါင်းရပ်ကွက်, သင်္ဃန်းကျွန်း. Township: Thingangyun. District: Yangon East"
1747,Hnin Shwe Yee,နှင်းရွှေရည်,Shop,အထွေထွေအမျိုးအစား,,,Thingangyun,Thingangyun,Thingangyun,,Yangon East,ရန်ကုန်အရှေ့ပိုင်း,Yangon,ရန်ကုန်,,16.843199,96.201545,,4.7,451,,Yangon,Name: Hnin Shwe Yee (နှင်းရွှေရည်). Category: Shop. Address: Thingangyun. Township: Thingangyun. District: Yangon East
451,Hnin Si Gone Railway Station,Hnin Si Gone Railway Station,Railway Station,အထွေထွေအမျိုးအစား,,,"Nanwin Kone Ward (TGGN), Thingangyun","Nanwin Kone Ward (TGGN), Thingangyun",Thingangyun,,Yangon East,ရန်ကုန်အရှေ့ပိုင်း,Yangon,ရန်ကုန်,,16.8213,96.1911,,4.1,163,,Yangon,"Name: Hnin Si Gone Railway Station. Category: Railway Station. Address: Nanwin Kone Ward (TGGN), Thingangyun. Township: Thingangyun. District: Yangon East"
863,Hnin Yu Khine,နှင်းယုခိုင်,Shop,အထွေထွေအမျိုးအစား,,,Thingangyun,Thingangyun,Thingangyun,,Yangon East,ရန်ကုန်အရှေ့ပိုင်း,Yangon,ရန်ကုန်,,16.813372,96.208589,,4.3,199,,Yangon,Name: Hnin Yu Khine (နှင်းယုခိုင်). Category: Shop. Address: Thingangyun. Township: Thingangyun. District: Yangon East
836,Hollywood,ဟောလီးဝုဒ်,Shop,အထွေထွေအမျိုးအစား,,,Thingangyun,Thingangyun,Thingangyun,,Yangon East,ရန်ကုန်အရှေ့ပိုင်း,Yangon,ရန်ကုန်,,16.82406,96.210571,,4.6,118,,Yangon,Name: Hollywood (ဟောလီးဝုဒ်). Category: Shop. Address: Thingangyun. Township: Thingangyun. District: Yangon East
1671,Hollywood,ဟောလိဝုဒ်,Shop,အထွေထွေအမျိုးအစား,,,Thingangyun,Thingangyun,Thingangyun,,Yangon East,ရန်ကုန်အရှေ့ပိုင်း,Yangon,ရန်ကုန်,,16.83408,96.180741,,4.1,223,,Yangon,Name: Hollywood (ဟောလိဝုဒ်). Category: Shop. Address: Thingangyun. Township: Thingangyun. District: Yangon East
1978,Home Square,ဟုမ်းဆကွဲ,Shop,အထွေထွေအမျိုးအစား,,,Thingangyun,Thingangyun,Thingangyun,,Yangon East,ရန်ကုန်အရှေ့ပိုင်း,Yangon,ရန်ကုန်,,16.838943,96.193054,,4.8,544,,Yangon,Name: Home Square (ဟုမ်းဆကွဲ). Category: Shop. Address: Thingangyun. Township: Thingangyun. District: Yangon East
1512,Hone Chan,ဟုန်ချမ်း,Restaurant,စားသောက်ဆိုင်,,,Thingangyun,Thingangyun,Thingangyun,,Yangon East,ရန်ကုန်အရှေ့ပိုင်း,Yangon,ရန်ကုန်,,16.836531,96.185312,,4.2,346,,Yangon,Name: Hone Chan (ဟုန်ချမ်း). Category: Restaurant. Address: Thingangyun. Township: Thingangyun. District: Yangon East
1293,Honey,ဟန်နီ,Shop,အထွေထွေအမျိုးအစား,,,Thingangyun,Thingangyun,Thingangyun,,Yangon East,ရန်ကုန်အရှေ့ပိုင်း,Yangon,ရန်ကုန်,,16.841299,96.201429,,4.3,289,,Yangon,Name: Honey (ဟန်နီ). Category: Shop. Address: Thingangyun. Township: Thingangyun. District: Yangon East
135,Hong Star,ဟောင်စတား,Electronic Shop,လျှပ်စစ်ပစ္စည်းဆိုင်,245,245,"245 Than Thu Mar Road, Kyi Pwar Yae Ward, Thingangyun, Yangon","၂၄၅, သံသုမာလမ်း, ကြီးပွားရေးရပ်ကွက်, သင်္ဃန်းကျွန်း",Thingangyun,သင်္ဃန်းကျွန်း,Yangon East,ရန်ကုန်အရှေ့ပိုင်း,Yangon,ရန်ကုန်,11431.0,16.836237,96.207453,,4.5,415,,Yangon,"Name: Hong Star (ဟောင်စတား). Category: Electronic Shop. House Number: 245. Address: ၂၄၅, သံသုမာလမ်း, ကြီးပွားရေးရပ်ကွက်, သင်္ဃန်းကျွန်း. Township: Thingangyun. District: Yangon East"
1194,"Hong Star International Co., Ltd.",ဟုန်စတားအင်တာနေရှင်နယ်ကုမ္ပဏီလီမိတက်,Company,ရုံးခန်းနှင့် လူနေအိမ်ရာ,,,Thingangyun,Thingangyun,Thingangyun,,Yangon East,ရန်ကုန်အရှေ့ပိုင်း,Yangon,ရန်ကုန်,,16.83624,96.207434,,4.4,592,,Yangon,"Name: Hong Star International Co., Ltd. (ဟုန်စတားအင်တာနေရှင်နယ်ကုမ္ပဏီလီမိတက်). Category: Company. Address: Thingangyun. Township: Thingangyun. District: Yangon East"
62,Hotel Captain,ဟိုတယ်ကပ္ပတိန်,Hotel,ဟိုတယ်နှင့် တည်းခိုခန်း,112,112,"112 Wai Za Yan Tar Road, Mikyaung Kan Ward-1, Thingangyun, Yangon","၁၁၂, ၀ေဇယန္တာလမ်း, မိကျောင်းကန်(၁)ရပ်ကွက်, သင်္ဃန်းကျွန်း",Thingangyun,သင်္ဃန်းကျွန်း,Yangon East,ရန်ကုန်အရှေ့ပိုင်း,Yangon,ရန်ကုန်,11431.0,16.8238,96.1801,,4.2,196,,Yangon,"Name: Hotel Captain (ဟိုတယ်ကပ္ပတိန်). Category: Hotel. House Number: 112. Address: ၁၁၂, ၀ေဇယန္တာလမ်း, မိကျောင်းကန်(၁)ရပ်ကွက်, သင်္ဃန်းကျွန်း. Township: Thingangyun. District: Yangon East"
667,Hotel Floral Breeze,ပန်းလေပြေဟိုတယ်,Hotel/Motel,ဟိုတယ်နှင့် တည်းခိုခန်း,,,Thingangyun,Thingangyun,Thingangyun,,Yangon East,ရန်ကုန်အရှေ့ပိုင်း,Yangon,ရန်ကုန်,,16.844306,96.21522,,4.7,211,,Yangon,Name: Hotel Floral Breeze (ပန်းလေပြေဟိုတယ်). Category: Hotel/Motel. Address: Thingangyun. Township: Thingangyun. District: Yangon East
668,Hotel My Way,ဟိုတယ်မိုင်၀ေး,Hotel/Motel,ဟိုတယ်နှင့် တည်းခိုခန်း,,,Thingangyun,Thingangyun,Thingangyun,,Yangon East,ရန်ကုန်အရှေ့ပိုင်း,Yangon,ရန်ကုန်,,16.818139,96.214416,,4.8,214,,Yangon,Name: Hotel My Way (ဟိုတယ်မိုင်၀ေး). Category: Hotel/Motel. Address: Thingangyun. Township: Thingangyun. District: Yangon East
1979,Htain Lin Aung,ထိန်လင်းအောင်,Shop,အထွေထွေအမျိုးအစား,,,Thingangyun,Thingangyun,Thingangyun,,Yangon East,ရန်ကုန်အရှေ့ပိုင်း,Yangon,ရန်ကုန်,,16.840103,96.202252,,4.9,547,,Yangon,Name: Htain Lin Aung (ထိန်လင်းအောင်). Category: Shop. Address: Thingangyun. Township: Thingangyun. District: Yangon East
289,Htain Lin Aung,ထိန်လင်းအောင်,Construction Material,ဆောက်လုပ်ရေးနှင့် ဟာ့ဒ်ဝဲ,907,907,"907 Lay Daung Kan Road, Nga Moe Yeik Ward, Thingangyun, Yangon","၉၀၇, လေးထောင့်ကန်လမ်း, ငမိုးရိပ်ရပ်ကွက်, သင်္ဃန်းကျွန်း",Thingangyun,သင်္ဃန်းကျွန်း,Yangon East,ရန်ကုန်အရှေ့ပိုင်း,Yangon,ရန်ကုန်,11431.0,16.840116,96.202254,,4.9,277,,Yangon,"Name: Htain Lin Aung (ထိန်လင်းအောင်). Category: Construction Material. House Number: 907. Address: ၉၀၇, လေးထောင့်ကန်လမ်း, ငမိုးရိပ်ရပ်ကွက်, သင်္ဃန်းကျွန်း. Township: Thingangyun. District: Yangon East"
1947,Htake Tan,ထိပ်တန်း,Shop,အထွေထွေအမျိုးအစား,,,Thingangyun,Thingangyun,Thingangyun,,Yangon East,ရန်ကုန်အရှေ့ပိုင်း,Yangon,ရန်ကုန်,,16.840872,96.203728,,4.7,451,,Yangon,Name: Htake Tan (ထိပ်တန်း). Category: Shop. Address: Thingangyun. Township: Thingangyun. District: Yangon East
174,Htate Tan,ထိပ်တန်း,Rice Shop,အထွေထွေအမျိုးအစား,25,25,"25 Lay Daung Kan Road, Lay Daunkan Ward, Thingangyun, Yangon","၂၅, လေးထောင့်ကန်လမ်း, လေးဒေါင့်ကန်ရပ်ကွက်, သင်္ဃန်းကျွန်း",Thingangyun,သင်္ဃန်းကျွန်း,Yangon East,ရန်ကုန်အရှေ့ပိုင်း,Yangon,ရန်ကုန်,11431.0,16.840933,96.203697,,4.4,532,,Yangon,"Name: Htate Tan (ထိပ်တန်း). Category: Rice Shop. House Number: 25. Address: ၂၅, လေးထောင့်ကန်လမ်း, လေးဒေါင့်ကန်ရပ်ကွက်, သင်္ဃန်းကျွန်း. Township: Thingangyun. District: Yangon East"
264,Htate Tan,ထိပ်တန်း,Bicycle Shop,အထွေထွေအမျိုးအစား,890,890,"890 Lay Daung Kan Road, Nga Moe Yeik Ward, Thingangyun, Yangon","၈၉၀, လေးထောင့်ကန်လမ်း, ငမိုးရိပ်ရပ်ကွက်, သင်္ဃန်းကျွန်း",Thingangyun,သင်္ဃန်းကျွန်း,Yangon East,ရန်ကုန်အရှေ့ပိုင်း,Yangon,ရန်ကုန်,11431.0,16.839148,96.201253,,4.4,202,,Yangon,"Name: Htate Tan (ထိပ်တန်း). Category: Bicycle Shop. House Number: 890. Address: ၈၉၀, လေးထောင့်ကန်လမ်း, ငမိုးရိပ်ရပ်ကွက်, သင်္ဃန်းကျွန်း. Township: Thingangyun. District: Yangon East"
1748,Htay Htay,ဌေးဌေး,Shop,အထွေထွေအမျိုးအစား,,,Thingangyun,Thingangyun,Thingangyun,,Yangon East,ရန်ကုန်အရှေ့ပိုင်း,Yangon,ရန်ကုန်,,16.84312,96.201723,,4.8,454,,Yangon,Name: Htay Htay (ဌေးဌေး). Category: Shop. Address: Thingangyun. Township: Thingangyun. District: Yangon East
1634,Htein Htein Wai,ထိန်ထိန်၀ေ,Shop,အထွေထွေအမျိုးအစား,,,Thingangyun,Thingangyun,Thingangyun,,Yangon East,ရန်ကုန်အရှေ့ပိုင်း,Yangon,ရန်ကုန်,,16.834783,96.180975,,4.4,112,,Yangon,Name: Htein Htein Wai (ထိန်ထိန်၀ေ). Category: Shop. Address: Thingangyun. Township: Thingangyun. District: Yangon East
2019,Htet,ထက်,Doctor,ဆေးရုံနှင့် ဆေးခန်း,,,Thingangyun,Thingangyun,Thingangyun,,Yangon East,ရန်ကုန်အရှေ့ပိုင်း,Yangon,ရန်ကုန်,,16.836874,96.186164,,4.9,67,,Yangon,Name: Htet (ထက်). Category: Doctor. Address: Thingangyun. Township: Thingangyun. District: Yangon East
939,Htet,ထက်,Café/Pub,ဘားနှင့် ဖျော်ဖြေရေး,,,Thingangyun,Thingangyun,Thingangyun,,Yangon East,ရန်ကုန်အရှေ့ပိုင်း,Yangon,ရန်ကုန်,,16.817665,96.214651,,4.9,427,,Yangon,Name: Htet (ထက်). Category: Café/Pub. Address: Thingangyun. Township: Thingangyun. District: Yangon East
1749,Htet,ထက်,Shop,အထွေထွေအမျိုးအစား,,,Thingangyun,Thingangyun,Thingangyun,,Yangon East,ရန်ကုန်အရှေ့ပိုင်း,Yangon,ရန်ကုန်,,16.842146,96.199815,,4.9,457,,Yangon,Name: Htet (ထက်). Category: Shop. Address: Thingangyun. Township: Thingangyun. District: Yangon East
1503,Htet Aung Lin,ထက်အောင်လင်း,Repair Facility,ပြုပြင်ရေးလုပ်ငန်း,,,Thingangyun,Thingangyun,Thingangyun,,Yangon East,ရန်ကုန်အရှေ့ပိုင်း,Yangon,ရန်ကုန်,,16.834814,96.180929,,4.3,319,,Yangon,Name: Htet Aung Lin (ထက်အောင်လင်း). Category: Repair Facility. Address: Thingangyun. Township: Thingangyun. District: Yangon East
136,Htet Na Win,တက်နေ၀င်း,Construction Material,ဆောက်လုပ်ရေးနှင့် ဟာ့ဒ်ဝဲ,243,243,"243 Than Thu Mar Road, Kyi Pwar Yae Ward, Thingangyun, Yangon","၂၄၃, သံသုမာလမ်း, ကြီးပွားရေးရပ်ကွက်, သင်္ဃန်းကျွန်း",Thingangyun,သင်္ဃန်းကျွန်း,Yangon East,ရန်ကုန်အရှေ့ပိုင်း,Yangon,ရန်ကုန်,11431.0,16.836427,96.207426,,4.6,418,,Yangon,"Name: Htet Na Win (တက်နေ၀င်း). Category: Construction Material. House Number: 243. Address: ၂၄၃, သံသုမာလမ်း, ကြီးပွားရေးရပ်ကွက်, သင်္ဃန်းကျွန်း. Township: Thingangyun. District: Yangon East"
1799,Htet Nay Win,ထက်နေ၀န်း,Café/Pub,ဘားနှင့် ဖျော်ဖြေရေး,,,Thingangyun,Thingangyun,Thingangyun,,Yangon East,ရန်ကုန်အရှေ့ပိုင်း,Yangon,ရန်ကုန်,,16.81998,96.197925,,4.9,607,,Yangon,Name: Htet Nay Win (ထက်နေ၀န်း). Category: Café/Pub. Address: Thingangyun. Township: Thingangyun. District: Yangon East
1089,Htet Wai Hlyan,ထက်၀ေလျှံ,Restaurant,စားသောက်ဆိုင်,,,Thingangyun,Thingangyun,Thingangyun,,Yangon East,ရန်ကုန်အရှေ့ပိုင်း,Yangon,ရန်ကုန်,,16.83784,96.207303,,4.9,277,,Yangon,Name: Htet Wai Hlyan (ထက်၀ေလျှံ). Category: Restaurant. Address: Thingangyun. Township: Thingangyun. District: Yangon East
137,Htet Wai Hlyan,ထက်ေ၀လျှံ,Burmese Restaurant,စားသောက်ဆိုင်,66,66,"66 Than Thu Mar Road, Kyi Pwar Yae Ward, Thingangyun, Yangon","၆၆, သံသုမာလမ်း, ကြီးပွားရေးရပ်ကွက်, သင်္ဃန်းကျွန်း",Thingangyun,သင်္ဃန်းကျွန်း,Yangon East,ရန်ကုန်အရှေ့ပိုင်း,Yangon,ရန်ကုန်,11431.0,16.837849,96.207363,,4.7,421,,Yangon,"Name: Htet Wai Hlyan (ထက်ေ၀လျှံ). Category: Burmese Restaurant. House Number: 66. Address: ၆၆, သံသုမာလမ်း, ကြီးပွားရေးရပ်ကွက်, သင်္ဃန်းကျွန်း. Township: Thingangyun. District: Yangon East"
1478,Htike,ထိုက်,Shop,အထွေထွေအမျိုးအစား,,,Thingangyun,Thingangyun,Thingangyun,,Yangon East,ရန်ကုန်အရှေ့ပိုင်း,Yangon,ရန်ကုန်,,16.839696,96.20151,,4.8,244,,Yangon,Name: Htike (ထိုက်). Category: Shop. Address: Thingangyun. Township: Thingangyun. District: Yangon East
1800,Htike Hla,ထိုက်လှ,Café/Pub,ဘားနှင့် ဖျော်ဖြေရေး,,,Thingangyun,Thingangyun,Thingangyun,,Yangon East,ရန်ကုန်အရှေ့ပိုင်း,Yangon,ရန်ကုန်,,16.840459,96.204002,,4,10,,Yangon,Name: Htike Hla (ထိုက်လှ). Category: Café/Pub. Address: Thingangyun. Township: Thingangyun. District: Yangon East
864,Htike Shwe Zin,ထိုက်ရွှေစင်စတိုး,Shop,အထွေထွေအမျိုးအစား,,,Thingangyun,Thingangyun,Thingangyun,,Yangon East,ရန်ကုန်အရှေ့ပိုင်း,Yangon,ရန်ကုန်,,16.824797,96.206671,,4.4,202,,Yangon,Name: Htike Shwe Zin (ထိုက်ရွှေစင်စတိုး). Category: Shop. Address: Thingangyun. Township: Thingangyun. District: Yangon East
382,Htoo,ထူး,Icecream Parlor,အထွေထွေအမျိုးအစား,124/6,124^6,"124/6 Than Thu Mar Road, Ward-29 Thuwunna, Thingangyun, Yangon","၁၂၄^၆, သံသုမာလမ်း, သု၀ဏ္ဏ(၂၉)ရပ်ကွက်, သင်္ဃန်းကျွန်း",Thingangyun,သင်္ဃန်းကျွန်း,Yangon East,ရန်ကုန်အရှေ့ပိုင်း,Yangon,ရန်ကုန်,11431.0,16.823462,96.209484,,4.2,556,,Yangon,"Name: Htoo (ထူး). Category: Icecream Parlor. House Number: 124/6. Address: ၁၂၄^၆, သံသုမာလမ်း, သု၀ဏ္ဏ(၂၉)ရပ်ကွက်, သင်္ဃန်းကျွန်း. Township: Thingangyun. District: Yangon East"
1111,Htoo,ထူး,Hospital/Polyclinic,ဆေးရုံနှင့် ဆေးခန်း,,,Thingangyun,Thingangyun,Thingangyun,,Yangon East,ရန်ကုန်အရှေ့ပိုင်း,Yangon,ရန်ကုန်,,16.82956,96.18464,,4.1,343,,Yangon,Name: Htoo (ထူး). Category: Hospital/Polyclinic. Address: Thingangyun. Township: Thingangyun. District: Yangon East
675,Htoo Aung,ထူးအောင်,Restaurant,စားသောက်ဆိုင်,,,Thingangyun,Thingangyun,Thingangyun,,Yangon East,ရန်ကုန်အရှေ့ပိုင်း,Yangon,ရန်ကုန်,,16.839626,96.202443,,4.5,235,,Yangon,Name: Htoo Aung (ထူးအောင်). Category: Restaurant. Address: Thingangyun. Township: Thingangyun. District: Yangon East
175,Htoo Aung,ထူးအောင်,Restaurant (Beer Pub),ဘားနှင့် ဖျော်ဖြေရေး,36,36,"36 Lay Daung Kan Road, Lay Daunkan Ward, Thingangyun, Yangon","၃၆, လေးထောင့်ကန်လမ်း, လေးဒေါင့်ကန်ရပ်ကွက်, သင်္ဃန်းကျွန်း",Thingangyun,သင်္ဃန်းကျွန်း,Yangon East,ရန်ကုန်အရှေ့ပိုင်း,Yangon,ရန်ကုန်,11431.0,16.839704,96.202423,,4.5,535,,Yangon,"Name: Htoo Aung (ထူးအောင်). Category: Restaurant (Beer Pub). House Number: 36. Address: ၃၆, လေးထောင့်ကန်လမ်း, လေးဒေါင့်ကန်ရပ်ကွက်, သင်္ဃန်းကျွန်း. Township: Thingangyun. District: Yangon East"
1855,Htoo Aung,ထူးအောင်,Repair Facility,ပြုပြင်ရေးလုပ်ငန်း,,,Thingangyun,Thingangyun,Thingangyun,,Yangon East,ရန်ကုန်အရှေ့ပိုင်း,Yangon,ရန်ကုန်,,16.842626,96.197686,,4.5,175,,Yangon,Name: Htoo Aung (ထူးအောင်). Category: Repair Facility. Address: Thingangyun. Township: Thingangyun. District: Yangon East
1019,Htoo Htoo,ထူးထူး,Repair Facility,ပြုပြင်ရေးလုပ်ငန်း,,,Thingangyun,Thingangyun,Thingangyun,,Yangon East,ရန်ကုန်အရှေ့ပိုင်း,Yangon,ရန်ကုန်,,16.82938,96.18796,,4.9,67,,Yangon,Name: Htoo Htoo (ထူးထူး). Category: Repair Facility. Address: Thingangyun. Township: Thingangyun. District: Yangon East
601,Htoo Htoo Gold & Jewellary Shop,Htoo Htoo Gold & Jewellary Shop,Shop,အထွေထွေအမျိုးအစား,,,"Nga Moe Yeik Ward (TGGN), Thingangyun","Nga Moe Yeik Ward (TGGN), Thingangyun",Thingangyun,,Yangon East,ရန်ကုန်အရှေ့ပိုင်း,Yangon,ရန်ကုန်,,16.8431,96.2037,,4.1,13,,Yangon,"Name: Htoo Htoo Gold & Jewellary Shop. Category: Shop. Address: Nga Moe Yeik Ward (TGGN), Thingangyun. Township: Thingangyun. District: Yangon East"
1869,Htoo Kaung,ထူးကောင်း,Restaurant,စားသောက်ဆိုင်,,,Thingangyun,Thingangyun,Thingangyun,,Yangon East,ရန်ကုန်အရှေ့ပိုင်း,Yangon,ရန်ကုန်,,16.836458,96.185723,,4.9,217,,Yangon,Name: Htoo Kaung (ထူးကောင်း). Category: Restaurant. Address: Thingangyun. Township: Thingangyun. District: Yangon East
1948,Htoo Myat,ထူးမြတ်,Shop,အထွေထွေအမျိုးအစား,,,Thingangyun,Thingangyun,Thingangyun,,Yangon East,ရန်ကုန်အရှေ့ပိုင်း,Yangon,ရန်ကုန်,,16.839412,96.201577,,4.8,454,,Yangon,Name: Htoo Myat (ထူးမြတ်). Category: Shop. Address: Thingangyun. Township: Thingangyun. District: Yangon East
265,Htoo Myat,ထူးမြတ်,Aluminium & Glass Trading,ဆောက်လုပ်ရေးနှင့် ဟာ့ဒ်ဝဲ,895,895,"895 Lay Daung Kan Road, Nga Moe Yeik Ward, Thingangyun, Yangon","၈၉၅, လေးထောင့်ကန်လမ်း, ငမိုးရိပ်ရပ်ကွက်, သင်္ဃန်းကျွန်း",Thingangyun,သင်္ဃန်းကျွန်း,Yangon East,ရန်ကုန်အရှေ့ပိုင်း,Yangon,ရန်ကုန်,11431.0,16.839453,96.201536,,4.5,205,,Yangon,"Name: Htoo Myat (ထူးမြတ်). Category: Aluminium & Glass Trading. House Number: 895. Address: ၈၉၅, လေးထောင့်ကန်လမ်း, ငမိုးရိပ်ရပ်ကွက်, သင်္ဃန်းကျွန်း. Township: Thingangyun. District: Yangon East"
1410,Htun  Thit,ထွန်းသစ်,Shop,အထွေထွေအမျိုးအစား,,,Thingangyun,Thingangyun,Thingangyun,,Yangon East,ရန်ကုန်အရှေ့ပိုင်း,Yangon,ရန်ကုန်,,16.842752,96.201678,,4,40,,Yangon,Name: Htun  Thit (ထွန်းသစ်). Category: Shop. Address: Thingangyun. Township: Thingangyun. District: Yangon East
22,Htun Family,ထွန်း ဖန်မလီ,Construction Material,ဆောက်လုပ်ရေးနှင့် ဟာ့ဒ်ဝဲ,9,9,"9 Thu Mingalar Road, Kyaikasan West Ward, Thingangyun, Yangon","၉, သုမင်္ဂလာလမ်း, ကျိုက္ကဆံရပ်ကွက်, သင်္ဃန်းကျွန်း",Thingangyun,သင်္ဃန်းကျွန်း,Yangon East,ရန်ကုန်အရှေ့ပိုင်း,Yangon,ရန်ကုန်,11431.0,16.834709,96.187085,,4.2,76,,Yangon,"Name: Htun Family (ထွန်း ဖန်မလီ). Category: Construction Material. House Number: 9. Address: ၉, သုမင်္ဂလာလမ်း, ကျိုက္ကဆံရပ်ကွက်, သင်္ဃန်းကျွန်း. Township: Thingangyun. District: Yangon East"
738,Htun Myat Aung,ထွန်းမြတ်အောင်,Company,ရုံးခန်းနှင့် လူနေအိမ်ရာ,,,Thingangyun,Thingangyun,Thingangyun,,Yangon East,ရန်ကုန်အရှေ့ပိုင်း,Yangon,ရန်ကုန်,,16.837718,96.199805,,4.8,424,,Yangon,Name: Htun Myat Aung (ထွန်းမြတ်အောင်). Category: Company. Address: Thingangyun. Township: Thingangyun. District: Yangon East
1377,Htun Oo Lwin,ထွန်းဦးလွင်,Shop,အထွေထွေအမျိုးအစား,,,Thingangyun,Thingangyun,Thingangyun,,Yangon East,ရန်ကုန်အရှေ့ပိုင်း,Yangon,ရန်ကုန်,,16.843536,96.20127,,4.7,541,,Yangon,Name: Htun Oo Lwin (ထွန်းဦးလွင်). Category: Shop. Address: Thingangyun. Township: Thingangyun. District: Yangon East
301,Htun Star,ထွန်းစတား,Fruniture Sale,အထွေထွေအမျိုးအစား,306,306,"306 Than Thu Mar Road, Supaing Ward, Thingangyun, Yangon","၃၀၆, သံသုမာလမ်း, စုပေါင်းရပ်ကွက်, သင်္ဃန်းကျွန်း",Thingangyun,သင်္ဃန်းကျွန်း,Yangon East,ရန်ကုန်အရှေ့ပိုင်း,Yangon,ရန်ကုန်,11431.0,16.818989,96.19904,,4.1,313,,Yangon,"Name: Htun Star (ထွန်းစတား). Category: Fruniture Sale. House Number: 306. Address: ၃၀၆, သံသုမာလမ်း, စုပေါင်းရပ်ကွက်, သင်္ဃန်းကျွန်း. Township: Thingangyun. District: Yangon East"
1284,Htun Tauk,ထွန်းတောက်,Shop,အထွေထွေအမျိုးအစား,,,Thingangyun,Thingangyun,Thingangyun,,Yangon East,ရန်ကုန်အရှေ့ပိုင်း,Yangon,ရန်ကုန်,,16.842685,96.201519,,4.4,262,,Yangon,Name: Htun Tauk (ထွန်းတောက်). Category: Shop. Address: Thingangyun. Township: Thingangyun. District: Yangon East
1310,Htun Tauk,ထွန်းတောက်,Shop,အထွေထွေအမျိုးအစား,,,Thingangyun,Thingangyun,Thingangyun,,Yangon East,ရန်ကုန်အရှေ့ပိုင်း,Yangon,ရန်ကုန်,,16.835525,96.200357,,4,340,,Yangon,Name: Htun Tauk (ထွန်းတောက်). Category: Shop. Address: Thingangyun. Township: Thingangyun. District: Yangon East
635,Htwe Yandanar,ထွေးရတနာ,Pharmacy,ဆေးဆိုင်,,,Thingangyun,Thingangyun,Thingangyun,,Yangon East,ရန်ကုန်အရှေ့ပိုင်း,Yangon,ရန်ကုန်,,16.844124,96.20189,,4.5,115,,Yangon,Name: Htwe Yandanar (ထွေးရတနာ). Category: Pharmacy. Address: Thingangyun. Township: Thingangyun. District: Yangon East
266,I Fone,အိုင်-ဖိုး,Mobile Phone Sale & Service,ဖုန်းနှင့် ဆက်စပ်ပစ္စည်း,670,670,"670 Lower Mingalardon Road, Aung San Ward, Insein, Yangon","၆၇၀, အောက်မင်္ဂလာဒုံလမ်း, အောင်ဆန်းရပ်ကွက်, အင်းစိန်",Insein,အင်းစိန်,Yangon East,ရန်ကုန်အရှေ့ပိုင်း,Yangon,ရန်ကုန်,11431.0,16.841363,96.203575,,4.6,208,,Yangon,"Name: I Fone (အိုင်-ဖိုး). Category: Mobile Phone Sale & Service. House Number: 670. Address: ၆၇၀, အောက်မင်္ဂလာဒုံလမ်း, အောင်ဆန်းရပ်ကွက်, အင်းစိန်. Township: Insein. District: Yangon East"
648,I G M,အိုင်ဂျီအမ်,Repair Facility,ပြုပြင်ရေးလုပ်ငန်း,,,Thingangyun,Thingangyun,Thingangyun,,Yangon East,ရန်ကုန်အရှေ့ပိုင်း,Yangon,ရန်ကုန်,,16.822771,96.211581,,4.8,154,,Yangon,Name: I G M (အိုင်ဂျီအမ်). Category: Repair Facility. Address: Thingangyun. Township: Thingangyun. District: Yangon East
408,IBIS STYLES YANGON STADIUM HOTEL,IBIS STYLES YANGON STADIUM HOTEL,Hotel,ဟိုတယ်နှင့် တည်းခိုခန်း,,,Thingangyun,Thingangyun,Thingangyun,,Yangon East,ရန်ကုန်အရှေ့ပိုင်း,Yangon,ရန်ကုန်,,16.82181,96.181737,,4.8,34,,Yangon,Name: IBIS STYLES YANGON STADIUM HOTEL. Category: Hotel. Address: Thingangyun. Township: Thingangyun. District: Yangon East
960,IC KTV,အိုင်စီ ကေတီဗီ,Nightlife,ဘားနှင့် ဖျော်ဖြေရေး,,,Thingangyun,Thingangyun,Thingangyun,,Yangon East,ရန်ကုန်အရှေ့ပိုင်း,Yangon,ရန်ကုန်,,16.822918,96.183675,,4,490,,Yangon,Name: IC KTV (အိုင်စီ ကေတီဗီ). Category: Nightlife. Address: Thingangyun. Township: Thingangyun. District: Yangon East
920,IDEA,အိုင်ဒီယာ,Shop,အထွေထွေအမျိုးအစား,,,Thingangyun,Thingangyun,Thingangyun,,Yangon East,ရန်ကုန်အရှေ့ပိုင်း,Yangon,ရန်ကုန်,,16.829759,96.212462,,4,370,,Yangon,Name: IDEA (အိုင်ဒီယာ). Category: Shop. Address: Thingangyun. Township: Thingangyun. District: Yangon East
577,ILBC (Thingangyun),ILBC (Thingangyun),School,ကျောင်းနှင့် တက္ကသိုလ်,,,"180,Thu Nandar Lane(9),Thu Mingalar Housing","180,Thu Nandar Lane(9),Thu Mingalar Housing",Thingangyun,,Yangon East,ရန်ကုန်အရှေ့ပိုင်း,Yangon,ရန်ကုန်,,16.8258,96.1935,,4.7,541,,Yangon,"Name: ILBC (Thingangyun). Category: School. Address: 180,Thu Nandar Lane(9),Thu Mingalar Housing. Township: Thingangyun. District: Yangon East"
854,INHOUSE,အင်ဟောက်စ်,Shop,အထွေထွေအမျိုးအစား,,,Thingangyun,Thingangyun,Thingangyun,,Yangon East,ရန်ကုန်အရှေ့ပိုင်း,Yangon,ရန်ကုန်,,16.816807,96.195898,,4.4,172,,Yangon,Name: INHOUSE (အင်ဟောက်စ်). Category: Shop. Address: Thingangyun. Township: Thingangyun. District: Yangon East
2000,ION Wood,အိုင်အိုအမ်(န်) ဝုဒ်,Shop,အထွေထွေအမျိုးအစား,,,Thingangyun,Thingangyun,Thingangyun,,Yangon East,ရန်ကုန်အရှေ့ပိုင်း,Yangon,ရန်ကုန်,,16.843678,96.198841,,4,10,,Yangon,Name: ION Wood (အိုင်အိုအမ်(န်) ဝုဒ်). Category: Shop. Address: Thingangyun. Township: Thingangyun. District: Yangon East
900,IRIS,အိုင်းရစ်,Shop,အထွေထွေအမျိုးအစား,,,Thingangyun,Thingangyun,Thingangyun,,Yangon East,ရန်ကုန်အရှေ့ပိုင်း,Yangon,ရန်ကုန်,,16.82518,96.208735,,4,310,,Yangon,Name: IRIS (အိုင်းရစ်). Category: Shop. Address: Thingangyun. Township: Thingangyun. District: Yangon East
921,IT AGE,အိုင်တီအေ့,Shop,အထွေထွေအမျိုးအစား,,,Thingangyun,Thingangyun,Thingangyun,,Yangon East,ရန်ကုန်အရှေ့ပိုင်း,Yangon,ရန်ကုန်,,16.824148,96.206451,,4.1,373,,Yangon,Name: IT AGE (အိုင်တီအေ့). Category: Shop. Address: Thingangyun. Township: Thingangyun. District: Yangon East
256,Ibis Style,အိုင်ဘီအိုင်အက်စ်စတိုင်,Hotel,ဟိုတယ်နှင့် တည်းခိုခန်း,168,168,"168 Lay Daung Kan Road, Mikyaung Kan Ward-1, Thingangyun, Yangon","၁၆၈, လေးထောင့်ကန်လမ်း, မိကျောင်းကန်(၁)ရပ်ကွက်, သင်္ဃန်းကျွန်း",Thingangyun,သင်္ဃန်းကျွန်း,Yangon East,ရန်ကုန်အရှေ့ပိုင်း,Yangon,ရန်ကုန်,11431.0,16.821862,96.181718,,4.6,178,,Yangon,"Name: Ibis Style (အိုင်ဘီအိုင်အက်စ်စတိုင်). Category: Hotel. House Number: 168. Address: ၁၆၈, လေးထောင့်ကန်လမ်း, မိကျောင်းကန်(၁)ရပ်ကွက်, သင်္ဃန်းကျွန်း. Township: Thingangyun. District: Yangon East"
407,Icity,အိုင်စီးတီး,Internet Café & Network Game Center,ကဖေးနှင့် လက်ဖက်ရည်ဆိုင်,169,169,"169 Lay Daung Kan Road, Za (South) Ward, Thingangyun, Yangon","၁၆၉, လေးထောင့်ကန်လမ်း, ဇ(တောင်)ရပ်ကွက်, သင်္ဃန်းကျွန်း",Thingangyun,သင်္ဃန်းကျွန်း,Yangon East,ရန်ကုန်အရှေ့ပိုင်း,Yangon,ရန်ကုန်,11431.0,16.822793,96.182711,,4.7,31,,Yangon,"Name: Icity (အိုင်စီးတီး). Category: Internet Café & Network Game Center. House Number: 169. Address: ၁၆၉, လေးထောင့်ကန်လမ်း, ဇ(တောင်)ရပ်ကွက်, သင်္ဃန်းကျွန်း. Township: Thingangyun. District: Yangon East"
1826,Idol,အိုင်းဒေါ,Nightlife,ဘားနှင့် ဖျော်ဖြေရေး,,,Thingangyun,Thingangyun,Thingangyun,,Yangon East,ရန်ကုန်အရှေ့ပိုင်း,Yangon,ရန်ကုန်,,16.839867,96.207105,,4.6,88,,Yangon,Name: Idol (အိုင်းဒေါ). Category: Nightlife. Address: Thingangyun. Township: Thingangyun. District: Yangon East
649,Immortal,အင်မိုရှယ်,Repair Facility,ပြုပြင်ရေးလုပ်ငန်း,,,Thingangyun,Thingangyun,Thingangyun,,Yangon East,ရန်ကုန်အရှေ့ပိုင်း,Yangon,ရန်ကုန်,,16.813889,96.209739,,4.9,157,,Yangon,Name: Immortal (အင်မိုရှယ်). Category: Repair Facility. Address: Thingangyun. Township: Thingangyun. District: Yangon East
336,In House,အင်ဟောက်,Fruniture Sale,အထွေထွေအမျိုးအစား,167,167,"167 Than Thu Mar Road, Ward-24 Thuwunna, Thingangyun, Yangon","၁၆၇, သံသုမာလမ်း, သု၀ဏ္ဏ(၂၄)ရပ်ကွက်, သင်္ဃန်းကျွန်း",Thingangyun,သင်္ဃန်းကျွန်း,Yangon East,ရန်ကုန်အရှေ့ပိုင်း,Yangon,ရန်ကုန်,11431.0,16.81689,96.195838,,4.6,418,,Yangon,"Name: In House (အင်ဟောက်). Category: Fruniture Sale. House Number: 167. Address: ၁၆၇, သံသုမာလမ်း, သု၀ဏ္ဏ(၂၄)ရပ်ကွက်, သင်္ဃန်းကျွန်း. Township: Thingangyun. District: Yangon East"
176,Infinite,အင်ဖန်နတီ,Electronic Shop,လျှပ်စစ်ပစ္စည်းဆိုင်,35,35,"35 Lay Daung Kan Road, Lay Daunkan Ward, Thingangyun, Yangon","၃၅, လေးထောင့်ကန်လမ်း, လေးဒေါင့်ကန်ရပ်ကွက်, သင်္ဃန်းကျွန်း",Thingangyun,သင်္ဃန်းကျွန်း,Yangon East,ရန်ကုန်အရှေ့ပိုင်း,Yangon,ရန်ကုန်,11431.0,16.839738,96.202483,,4.6,538,,Yangon,"Name: Infinite (အင်ဖန်နတီ). Category: Electronic Shop. House Number: 35. Address: ၃၅, လေးထောင့်ကန်လမ်း, လေးဒေါင့်ကန်ရပ်ကွက်, သင်္ဃန်းကျွန်း. Township: Thingangyun. District: Yangon East"
865,Ingyin Myaing,အင်ကြင်းမြိုင်,Shop,အထွေထွေအမျိုးအစား,,,Thingangyun,Thingangyun,Thingangyun,,Yangon East,ရန်ကုန်အရှေ့ပိုင်း,Yangon,ရန်ကုန်,,16.825877,96.186602,,4.5,205,,Yangon,Name: Ingyin Myaing (အင်ကြင်းမြိုင်). Category: Shop. Address: Thingangyun. Township: Thingangyun. District: Yangon East
899,Inn Inn,အင်းအင်း,Shop,အထွေထွေအမျိုးအစား,,,Thingangyun,Thingangyun,Thingangyun,,Yangon East,ရန်ကုန်အရှေ့ပိုင်း,Yangon,ရန်ကုန်,,16.842913,96.205131,,4.9,307,,Yangon,Name: Inn Inn (အင်းအင်း). Category: Shop. Address: Thingangyun. Township: Thingangyun. District: Yangon East
934,Inngyin Myaing,အင်းကြင်းမြိုင်,Park and Recreation Area,ပန်းခြံနှင့် အားကစား,,,Thingangyun,Thingangyun,Thingangyun,,Yangon East,ရန်ကုန်အရှေ့ပိုင်း,Yangon,ရန်ကုန်,,16.81792,96.191474,,4.4,412,,Yangon,Name: Inngyin Myaing (အင်းကြင်းမြိုင်). Category: Park and Recreation Area. Address: Thingangyun. Township: Thingangyun. District: Yangon East
454,Institute of Dental Medicine,Institute of Dental Medicine,Hospital,ဆေးရုံနှင့် ဆေးခန်း,,,",Than Thu Mar Rd.,Nga/Ka Ward (TGGN),Thingangyun",",Than Thu Mar Rd.,Nga/Ka Ward (TGGN),Thingangyun",Thingangyun,,Yangon East,ရန်ကုန်အရှေ့ပိုင်း,Yangon,ရန်ကုန်,,16.8342,96.2091,,4.4,172,,Yangon,"Name: Institute of Dental Medicine. Category: Hospital. Address: ,Than Thu Mar Rd.,Nga/Ka Ward (TGGN),Thingangyun. Township: Thingangyun. District: Yangon East"
96,Internet,အင်တာနက်,Network Game Centre,အထွေထွေအမျိုးအစား,12,12,"12 Yadanar Road, Bawa Myint Ward, Thingangyun, Yangon","၁၂, ရတနာလမ်း, ဘ၀မြင့်ရပ်ကွက်, သင်္ဃန်းကျွန်း",Thingangyun,သင်္ဃန်းကျွန်း,Yangon East,ရန်ကုန်အရှေ့ပိုင်း,Yangon,ရန်ကုန်,11431.0,16.841423,96.196296,,4.6,298,,Yangon,"Name: Internet (အင်တာနက်). Category: Network Game Centre. House Number: 12. Address: ၁၂, ရတနာလမ်း, ဘ၀မြင့်ရပ်ကွက်, သင်္ဃန်းကျွန်း. Township: Thingangyun. District: Yangon East"
2027,Internet,အင်တာနက်,Café/Pub,ဘားနှင့် ဖျော်ဖြေရေး,,,Thingangyun,Thingangyun,Thingangyun,,Yangon East,ရန်ကုန်အရှေ့ပိုင်း,Yangon,ရန်ကုန်,,16.841428,96.196317,,4.7,91,,Yangon,Name: Internet (အင်တာနက်). Category: Café/Pub. Address: Thingangyun. Township: Thingangyun. District: Yangon East
1204,Island,အိုင်းလန်းန်,Shop,အထွေထွေအမျိုးအစား,,,Thingangyun,Thingangyun,Thingangyun,,Yangon East,ရန်ကုန်အရှေ့ပိုင်း,Yangon,ရန်ကုန်,,16.829327,96.19947,,4.4,22,,Yangon,Name: Island (အိုင်းလန်းန်). Category: Shop. Address: Thingangyun. Township: Thingangyun. District: Yangon East
338,JPP,ဂျေပီပီ,Electronic Shop,လျှပ်စစ်ပစ္စည်းဆိုင်,2-Jul,43503,"2/7 Than Thu Mar Road, Ward-24 Thuwunna, Thingangyun, Yangon","၄၃၅၀၃, သံသုမာလမ်း, သု၀ဏ္ဏ(၂၄)ရပ်ကွက်, သင်္ဃန်းကျွန်း",Thingangyun,သင်္ဃန်းကျွန်း,Yangon East,ရန်ကုန်အရှေ့ပိုင်း,Yangon,ရန်ကုန်,11431.0,16.815022,96.191547,,4.8,424,,Yangon,"Name: JPP (ဂျေပီပီ). Category: Electronic Shop. House Number: 2-Jul. Address: ၄၃၅၀၃, သံသုမာလမ်း, သု၀ဏ္ဏ(၂၄)ရပ်ကွက်, သင်္ဃန်းကျွန်း. Township: Thingangyun. District: Yangon East"
1882,Jade Garden,ဂျိတ်ဒ်ဂားဒင်း,Restaurant,စားသောက်ဆိုင်,,,Thingangyun,Thingangyun,Thingangyun,,Yangon East,ရန်ကုန်အရှေ့ပိုင်း,Yangon,ရန်ကုန်,,16.833531,96.176392,,4.2,256,,Yangon,Name: Jade Garden (ဂျိတ်ဒ်ဂားဒင်း). Category: Restaurant. Address: Thingangyun. Township: Thingangyun. District: Yangon East
1255,Jak,ဂျက်,Shop,အထွေထွေအမျိုးအစား,,,Thingangyun,Thingangyun,Thingangyun,,Yangon East,ရန်ကုန်အရှေ့ပိုင်း,Yangon,ရန်ကုန်,,16.829375,96.197675,,4.5,175,,Yangon,Name: Jak (ဂျက်). Category: Shop. Address: Thingangyun. Township: Thingangyun. District: Yangon East
778,Jasmine,ဂျပ်စမင်,Shop,အထွေထွေအမျိုးအစား,,,Thingangyun,Thingangyun,Thingangyun,,Yangon East,ရန်ကုန်အရှေ့ပိုင်း,Yangon,ရန်ကုန်,,16.825252,96.186093,,4.8,544,,Yangon,Name: Jasmine (ဂျပ်စမင်). Category: Shop. Address: Thingangyun. Township: Thingangyun. District: Yangon East
1883,Joker,ဂျိုကာ,Restaurant,စားသောက်ဆိုင်,,,Thingangyun,Thingangyun,Thingangyun,,Yangon East,ရန်ကုန်အရှေ့ပိုင်း,Yangon,ရန်ကုန်,,16.8336,96.195586,,4.3,259,,Yangon,Name: Joker (ဂျိုကာ). Category: Restaurant. Address: Thingangyun. Township: Thingangyun. District: Yangon East
337,Joyce,ဂျိုက်,Ladies Essentials,အထွေထွေအမျိုးအစား,1-May,43470,"1/5 Than Thu Mar Road, Ward-24 Thuwunna, Thingangyun, Yangon","၄၃၄၇၀, သံသုမာလမ်း, သု၀ဏ္ဏ(၂၄)ရပ်ကွက်, သင်္ဃန်းကျွန်း",Thingangyun,သင်္ဃန်းကျွန်း,Yangon East,ရန်ကုန်အရှေ့ပိုင်း,Yangon,ရန်ကုန်,11431.0,16.817425,96.196952,,4.7,421,,Yangon,"Name: Joyce (ဂျိုက်). Category: Ladies Essentials. House Number: 1-May. Address: ၄၃၄၇၀, သံသုမာလမ်း, သု၀ဏ္ဏ(၂၄)ရပ်ကွက်, သင်္ဃန်းကျွန်း. Township: Thingangyun. District: Yangon East"
1673,Jue,ဂျူး,Shop,အထွေထွေအမျိုးအစား,,,Thingangyun,Thingangyun,Thingangyun,,Yangon East,ရန်ကုန်အရှေ့ပိုင်း,Yangon,ရန်ကုန်,,16.842695,96.202494,,4.3,229,,Yangon,Name: Jue (ဂျူး). Category: Shop. Address: Thingangyun. Township: Thingangyun. District: Yangon East
901,July,ဂျူလိုင်,Shop,အထွေထွေအမျိုးအစား,,,Thingangyun,Thingangyun,Thingangyun,,Yangon East,ရန်ကုန်အရှေ့ပိုင်း,Yangon,ရန်ကုန်,,16.829948,96.212184,,4.1,313,,Yangon,Name: July (ဂျူလိုင်). Category: Shop. Address: Thingangyun. Township: Thingangyun. District: Yangon East
455,Junction Zawana,Junction Zawana,Super Market & Shopping Mall,စျေးနှင့် ကုန်စုံဆိုင်,,,"Lay Daunt Kan Rd.,Zawana Tower","Lay Daunt Kan Rd.,Zawana Tower",Thingangyun,,Yangon East,ရန်ကုန်အရှေ့ပိုင်း,Yangon,ရန်ကုန်,,16.8276,96.1881,,4.5,175,,Yangon,"Name: Junction Zawana. Category: Super Market & Shopping Mall. Address: Lay Daunt Kan Rd.,Zawana Tower. Township: Thingangyun. District: Yangon East"
177,Juntion Mobile,ဂျန်းရှင်းမိုဘိုင်း,Mobile Phone Sale & Service,ဖုန်းနှင့် ဆက်စပ်ပစ္စည်း,669,669,"669 Lower Mingalardon Road, Aung San Ward, Insein, Yangon","၆၆၉, အောက်မင်္ဂလာဒုံလမ်း, အောင်ဆန်းရပ်ကွက်, အင်းစိန်",Insein,အင်းစိန်,Yangon East,ရန်ကုန်အရှေ့ပိုင်း,Yangon,ရန်ကုန်,11431.0,16.839664,96.202383,,4.7,541,,Yangon,"Name: Juntion Mobile (ဂျန်းရှင်းမိုဘိုင်း). Category: Mobile Phone Sale & Service. House Number: 669. Address: ၆၆၉, အောက်မင်္ဂလာဒုံလမ်း, အောင်ဆန်းရပ်ကွက်, အင်းစိန်. Township: Insein. District: Yangon East"
1674,K,ကေ,Shop,အထွေထွေအမျိုးအစား,,,Thingangyun,Thingangyun,Thingangyun,,Yangon East,ရန်ကုန်အရှေ့ပိုင်း,Yangon,ရန်ကုန်,,16.83559,96.183306,,4.4,232,,Yangon,Name: K (ကေ). Category: Shop. Address: Thingangyun. Township: Thingangyun. District: Yangon East
1031,K.M.T,ကေ.အမ်.တီ,Repair Facility,ပြုပြင်ရေးလုပ်ငန်း,,,Thingangyun,Thingangyun,Thingangyun,,Yangon East,ရန်ကုန်အရှေ့ပိုင်း,Yangon,ရန်ကုန်,,16.831018,96.207981,,4.1,103,,Yangon,Name: K.M.T (ကေ.အမ်.တီ). Category: Repair Facility. Address: Thingangyun. Township: Thingangyun. District: Yangon East
1260,K.Nilar,ကေနီလာ,Shop,အထွေထွေအမျိုးအစား,,,Thingangyun,Thingangyun,Thingangyun,,Yangon East,ရန်ကုန်အရှေ့ပိုင်း,Yangon,ရန်ကုန်,,16.8282,96.18792,,4,190,,Yangon,Name: K.Nilar (ကေနီလာ). Category: Shop. Address: Thingangyun. Township: Thingangyun. District: Yangon East
800,K.T Sun Moon Star,ကေတီ နေ လ ကြယ်,Shop,အထွေထွေအမျိုးအစား,,,Thingangyun,Thingangyun,Thingangyun,,Yangon East,ရန်ကုန်အရှေ့ပိုင်း,Yangon,ရန်ကုန်,,16.825048,96.210025,,4,10,,Yangon,Name: K.T Sun Moon Star (ကေတီ နေ လ ကြယ်). Category: Shop. Address: Thingangyun. Township: Thingangyun. District: Yangon East
774,KBC,ကေဘီစီ,Shop,အထွေထွေအမျိုးအစား,,,Thingangyun,Thingangyun,Thingangyun,,Yangon East,ရန်ကုန်အရှေ့ပိုင်း,Yangon,ရန်ကုန်,,16.82581,96.208759,,4.4,532,,Yangon,Name: KBC (ကေဘီစီ). Category: Shop. Address: Thingangyun. Township: Thingangyun. District: Yangon East
99,KBZ,ကေဘီဇက်,Bank,ဘဏ်နှင့် ငွေကြေးဝန်ဆောင်မှု,2,2,"2 Yadanar Road, Bawa Myint Ward, Thingangyun, Yangon","၂, ရတနာလမ်း, ဘ၀မြင့်ရပ်ကွက်, သင်္ဃန်းကျွန်း",Thingangyun,သင်္ဃန်းကျွန်း,Yangon East,ရန်ကုန်အရှေ့ပိုင်း,Yangon,ရန်ကုန်,11431.0,16.841058,96.195882,,4.9,307,,Yangon,"Name: KBZ (ကေဘီဇက်). Category: Bank. House Number: 2. Address: ၂, ရတနာလမ်း, ဘ၀မြင့်ရပ်ကွက်, သင်္ဃန်းကျွန်း. Township: Thingangyun. District: Yangon East"
999,KBZ Bank,ကမ္ဘောဇဘဏ်,Bank,ဘဏ်နှင့် ငွေကြေးဝန်ဆောင်မှု,,,Thingangyun,Thingangyun,Thingangyun,,Yangon East,ရန်ကုန်အရှေ့ပိုင်း,Yangon,ရန်ကုန်,,16.829119,96.204444,,4.9,607,,Yangon,Name: KBZ Bank (ကမ္ဘောဇဘဏ်). Category: Bank. Address: Thingangyun. Township: Thingangyun. District: Yangon East
178,KBZ Bank,ကမေ်ဘာဇဘဏ်,Bank,ဘဏ်နှင့် ငွေကြေးဝန်ဆောင်မှု,57,57,"57 Lay Daung Kan Road, Lay Daunkan Ward, Thingangyun, Yangon","၅၇, လေးထောင့်ကန်လမ်း, လေးဒေါင့်ကန်ရပ်ကွက်, သင်္ဃန်းကျွန်း",Thingangyun,သင်္ဃန်းကျွန်း,Yangon East,ရန်ကုန်အရှေ့ပိုင်း,Yangon,ရန်ကုန်,11431.0,16.838502,96.201197,,4.8,544,,Yangon,"Name: KBZ Bank (ကမေ်ဘာဇဘဏ်). Category: Bank. House Number: 57. Address: ၅၇, လေးထောင့်ကန်လမ်း, လေးဒေါင့်ကန်ရပ်ကွက်, သင်္ဃန်းကျွန်း. Township: Thingangyun. District: Yangon East"
383,KBZ Bank,ကမေ်ဘာဇဘဏ်,Bank,ဘဏ်နှင့် ငွေကြေးဝန်ဆောင်မှု,3-Jan,43525,"3/1 Than Thu Mar Road, Ward-29 Thuwunna, Thingangyun, Yangon","၄၃၅၂၅, သံသုမာလမ်း, သု၀ဏ္ဏ(၂၉)ရပ်ကွက်, သင်္ဃန်းကျွန်း",Thingangyun,သင်္ဃန်းကျွန်း,Yangon East,ရန်ကုန်အရှေ့ပိုင်း,Yangon,ရန်ကုန်,11431.0,16.818298,96.198654,,4.3,559,,Yangon,"Name: KBZ Bank (ကမေ်ဘာဇဘဏ်). Category: Bank. House Number: 3-Jan. Address: ၄၃၅၂၅, သံသုမာလမ်း, သု၀ဏ္ဏ(၂၉)ရပ်ကွက်, သင်္ဃန်းကျွန်း. Township: Thingangyun. District: Yangon East"
458,KBZ YANGON BRANCH (24),KBZ YANGON BRANCH (24),Bank,ဘဏ်နှင့် ငွေကြေးဝန်ဆောင်မှု,,,"Building (5), Level 3 (Left), 24 Ward, Thuwana Housing Development Project, Thanthumar Road, Thingangyun Township, Yangon.","Building (5), Level 3 (Left), 24 Ward, Thuwana Housing Development Project, Thanthumar Road, Thingangyun Township, Yangon.",Thingangyun,,Yangon East,ရန်ကုန်အရှေ့ပိုင်း,Yangon,ရန်ကုန်,,16.818,96.1984,,4.8,184,,Yangon,"Name: KBZ YANGON BRANCH (24). Category: Bank. Address: Building (5), Level 3 (Left), 24 Ward, Thuwana Housing Development Project, Thanthumar Road, Thingangyun Township, Yangon.. Township: Thingangyun. District: Yangon East"
459,KBZ YANGON BRANCH (30),KBZ YANGON BRANCH (30),Bank,ဘဏ်နှင့် ငွေကြေးဝန်ဆောင်မှု,,,"(SH-B1), Building (2), (SH-B1), Building (3) + (SH-B1) Building (4), Yadanar Road, 14/ Bawa Myint Ward, Malikha Housing, Thingangyun Township, Yangon.","(SH-B1), Building (2), (SH-B1), Building (3) + (SH-B1) Building (4), Yadanar Road, 14/ Bawa Myint Ward, Malikha Housing, Thingangyun Township, Yangon.",Thingangyun,,Yangon East,ရန်ကုန်အရှေ့ပိုင်း,Yangon,ရန်ကုန်,,16.8413,96.196,,4.9,187,,Yangon,"Name: KBZ YANGON BRANCH (30). Category: Bank. Address: (SH-B1), Building (2), (SH-B1), Building (3) + (SH-B1) Building (4), Yadanar Road, 14/ Bawa Myint Ward, Malikha Housing, Thingangyun Township, Yangon.. Township: Thingangyun. District: Yangon East"
460,KBZ YANGON BRANCH (7),KBZ YANGON BRANCH (7),Bank,ဘဏ်နှင့် ငွေကြေးဝန်ဆောင်မှု,,,"Ground Floor & First Floor (Tosta Tower), Lay Daunt Kan Road, Thingangyun Township, Yangon.","Ground Floor & First Floor (Tosta Tower), Lay Daunt Kan Road, Thingangyun Township, Yangon.",Thingangyun,,Yangon East,ရန်ကုန်အရှေ့ပိုင်း,Yangon,ရန်ကုန်,,16.8277,96.1882,,4,190,,Yangon,"Name: KBZ YANGON BRANCH (7). Category: Bank. Address: Ground Floor & First Floor (Tosta Tower), Lay Daunt Kan Road, Thingangyun Township, Yangon.. Township: Thingangyun. District: Yangon East"
461,KBZ YANGON BRANCH (81),KBZ YANGON BRANCH (81),Bank,ဘဏ်နှင့် ငွေကြေးဝန်ဆောင်မှု,,,"No. 57, Near Sanpya Market, Lay Daunt Kan Road, Bawamyint Ward, Thingangyun Township, Yangon.","No. 57, Near Sanpya Market, Lay Daunt Kan Road, Bawamyint Ward, Thingangyun Township, Yangon.",Thingangyun,,Yangon East,ရန်ကုန်အရှေ့ပိုင်း,Yangon,ရန်ကုန်,,16.8383,96.2011,,4.1,193,,Yangon,"Name: KBZ YANGON BRANCH (81). Category: Bank. Address: No. 57, Near Sanpya Market, Lay Daunt Kan Road, Bawamyint Ward, Thingangyun Township, Yangon.. Township: Thingangyun. District: Yangon East"
268,KFC,ကေအက်စီ,Restaurant (Fried Chicken),စားသောက်ဆိုင်,918,918,"918 Lay Daung Kan Road, Nga Moe Yeik Ward, Thingangyun, Yangon","၉၁၈, လေးထောင့်ကန်လမ်း, ငမိုးရိပ်ရပ်ကွက်, သင်္ဃန်းကျွန်း",Thingangyun,သင်္ဃန်းကျွန်း,Yangon East,ရန်ကုန်အရှေ့ပိုင်း,Yangon,ရန်ကုန်,11431.0,16.840705,96.202848,,4.8,214,,Yangon,"Name: KFC (ကေအက်စီ). Category: Restaurant (Fried Chicken). House Number: 918. Address: ၉၁၈, လေးထောင့်ကန်လမ်း, ငမိုးရိပ်ရပ်ကွက်, သင်္ဃန်းကျွန်း. Township: Thingangyun. District: Yangon East"
702,KFC,ကေအက်(စ်)စီ,Restaurant,စားသောက်ဆိုင်,,,Thingangyun,Thingangyun,Thingangyun,,Yangon East,ရန်ကုန်အရှေ့ပိုင်း,Yangon,ရန်ကုန်,,16.840775,96.202958,,4.2,316,,Yangon,Name: KFC (ကေအက်(စ်)စီ). Category: Restaurant. Address: Thingangyun. Township: Thingangyun. District: Yangon East
304,KHA,ကေအိတ်ရှ်အေ,LED Signboard,အထွေထွေအမျိုးအစား,293/7,293^7,"293/7 Than Thu Mar Road, Supaing Ward, Thingangyun, Yangon","၂၉၃^၇, သံသုမာလမ်း, စုပေါင်းရပ်ကွက်, သင်္ဃန်းကျွန်း",Thingangyun,သင်္ဃန်းကျွန်း,Yangon East,ရန်ကုန်အရှေ့ပိုင်း,Yangon,ရန်ကုန်,11431.0,16.819407,96.199702,,4.4,322,,Yangon,"Name: KHA (ကေအိတ်ရှ်အေ). Category: LED Signboard. House Number: 293/7. Address: ၂၉၃^၇, သံသုမာလမ်း, စုပေါင်းရပ်ကွက်, သင်္ဃန်းကျွန်း. Township: Thingangyun. District: Yangon East"
1332,KIOSK,ကေအိုင်အိုအက်စ်ကေ,Shop,အထွေထွေအမျိုးအစား,,,Thingangyun,Thingangyun,Thingangyun,,Yangon East,ရန်ကုန်အရှေ့ပိုင်း,Yangon,ရန်ကုန်,,16.827283,96.207521,,4.2,406,,Yangon,Name: KIOSK (ကေအိုင်အိုအက်စ်ကေ). Category: Shop. Address: Thingangyun. Township: Thingangyun. District: Yangon East
1371,KK,ကေကေ,Shop,အထွေထွေအမျိုးအစား,,,Thingangyun,Thingangyun,Thingangyun,,Yangon East,ရန်ကုန်အရှေ့ပိုင်း,Yangon,ရန်ကုန်,,16.827095,96.207463,,4.1,523,,Yangon,Name: KK (ကေကေ). Category: Shop. Address: Thingangyun. Township: Thingangyun. District: Yangon East
1722,KK Mobile,ကေကေမိုဘိုင်း,Shop,အထွေထွေအမျိုးအစား,,,Thingangyun,Thingangyun,Thingangyun,,Yangon East,ရန်ကုန်အရှေ့ပိုင်း,Yangon,ရန်ကုန်,,16.824708,96.197117,,4.2,376,,Yangon,Name: KK Mobile (ကေကေမိုဘိုင်း). Category: Shop. Address: Thingangyun. Township: Thingangyun. District: Yangon East
1333,KL,ကေအယ်(လ်),Shop,အထွေထွေအမျိုးအစား,,,Thingangyun,Thingangyun,Thingangyun,,Yangon East,ရန်ကုန်အရှေ့ပိုင်း,Yangon,ရန်ကုန်,,16.843725,96.200879,,4.3,409,,Yangon,Name: KL (ကေအယ်(လ်)). Category: Shop. Address: Thingangyun. Township: Thingangyun. District: Yangon East
780,KM,ကေအမ်,Shop,အထွေထွေအမျိုးအစား,,,Thingangyun,Thingangyun,Thingangyun,,Yangon East,ရန်ကုန်အရှေ့ပိုင်း,Yangon,ရန်ကုန်,,16.825974,96.20744,,4,550,,Yangon,Name: KM (ကေအမ်). Category: Shop. Address: Thingangyun. Township: Thingangyun. District: Yangon East
1723,KM Moobile,ကေအမ်မိုဘိုင်း,Shop,အထွေထွေအမျိုးအစား,,,Thingangyun,Thingangyun,Thingangyun,,Yangon East,ရန်ကုန်အရှေ့ပိုင်း,Yangon,ရန်ကုန်,,16.834208,96.180598,,4.3,379,,Yangon,Name: KM Moobile (ကေအမ်မိုဘိုင်း). Category: Shop. Address: Thingangyun. Township: Thingangyun. District: Yangon East
602,KMD (Thu Wa Na) Computer Center,KMD (Thu Wa Na) Computer Center,Shop,အထွေထွေအမျိုးအစား,,,"Supaing Ward (TGGN), Thingangyun","Supaing Ward (TGGN), Thingangyun",Thingangyun,,Yangon East,ရန်ကုန်အရှေ့ပိုင်း,Yangon,ရန်ကုန်,,16.819,96.1991,,4.2,16,,Yangon,"Name: KMD (Thu Wa Na) Computer Center. Category: Shop. Address: Supaing Ward (TGGN), Thingangyun. Township: Thingangyun. District: Yangon East"
1207,KSM,ကေအက်စ်အဲမ်,Shop,အထွေထွေအမျိုးအစား,,,Thingangyun,Thingangyun,Thingangyun,,Yangon East,ရန်ကုန်အရှေ့ပိုင်း,Yangon,ရန်ကုန်,,16.824838,96.209522,,4.7,31,,Yangon,Name: KSM (ကေအက်စ်အဲမ်). Category: Shop. Address: Thingangyun. Township: Thingangyun. District: Yangon East
1543,KST,ကေအက်စ်တီ,Car Wash,မော်တော်ယာဉ် ဆေးကြောရေး,,,Thingangyun,Thingangyun,Thingangyun,,Yangon East,ရန်ကုန်အရှေ့ပိုင်း,Yangon,ရန်ကုန်,,16.834141,96.179379,,4.3,439,,Yangon,Name: KST (ကေအက်စ်တီ). Category: Car Wash. Address: Thingangyun. Township: Thingangyun. District: Yangon East
1851,KTM,ကေတီအမ်,Repair Facility,ပြုပြင်ရေးလုပ်ငန်း,,,Thingangyun,Thingangyun,Thingangyun,,Yangon East,ရန်ကုန်အရှေ့ပိုင်း,Yangon,ရန်ကုန်,,16.837938,96.189061,,4.1,163,,Yangon,Name: KTM (ကေတီအမ်). Category: Repair Facility. Address: Thingangyun. Township: Thingangyun. District: Yangon East
1872,KTV King,ကေတီဗီကင်း,Restaurant,စားသောက်ဆိုင်,,,Thingangyun,Thingangyun,Thingangyun,,Yangon East,ရန်ကုန်အရှေ့ပိုင်း,Yangon,ရန်ကုန်,,16.834174,96.197169,,4.2,226,,Yangon,Name: KTV King (ကေတီဗီကင်း). Category: Restaurant. Address: Thingangyun. Township: Thingangyun. District: Yangon East
181,KTV King,ကေတီဗွီကင်း,KTV,ဘားနှင့် ဖျော်ဖြေရေး,55,55,"55 Lay Daung Kan Road, Lay Daunkan Ward, Thingangyun, Yangon","၅၅, လေးထောင့်ကန်လမ်း, လေးဒေါင့်ကန်ရပ်ကွက်, သင်္ဃန်းကျွန်း",Thingangyun,သင်္ဃန်းကျွန်း,Yangon East,ရန်ကုန်အရှေ့ပိုင်း,Yangon,ရန်ကုန်,11431.0,16.834493,96.197086,,4.1,553,,Yangon,"Name: KTV King (ကေတီဗွီကင်း). Category: KTV. House Number: 55. Address: ၅၅, လေးထောင့်ကန်လမ်း, လေးဒေါင့်ကန်ရပ်ကွက်, သင်္ဃန်းကျွန်း. Township: Thingangyun. District: Yangon East"
1353,Kabar Kyaw,ကမ္ဘာကျော်,Shop,အထွေထွေအမျိုးအစား,,,Thingangyun,Thingangyun,Thingangyun,,Yangon East,ရန်ကုန်အရှေ့ပိုင်း,Yangon,ရန်ကုန်,,16.841974,96.19959,,4.3,469,,Yangon,Name: Kabar Kyaw (ကမ္ဘာကျော်). Category: Shop. Address: Thingangyun. Township: Thingangyun. District: Yangon East
1856,Kalar Pu,ကုလားပု,Repair Facility,ပြုပြင်ရေးလုပ်ငန်း,,,Thingangyun,Thingangyun,Thingangyun,,Yangon East,ရန်ကုန်အရှေ့ပိုင်း,Yangon,ရန်ကုန်,,16.835459,96.198088,,4.6,178,,Yangon,Name: Kalar Pu (ကုလားပု). Category: Repair Facility. Address: Thingangyun. Township: Thingangyun. District: Yangon East
786,Kalon,ကလွန်း,Shop,အထွေထွေအမျိုးအစား,,,Thingangyun,Thingangyun,Thingangyun,,Yangon East,ရန်ကုန်အရှေ့ပိုင်း,Yangon,ရန်ကုန်,,16.817631,96.193059,,4.6,568,,Yangon,Name: Kalon (ကလွန်း). Category: Shop. Address: Thingangyun. Township: Thingangyun. District: Yangon East
302,Kambangan,ကမ်းပါးဂန်,Health Care Center,ဆေးရုံနှင့် ဆေးခန်း,3-Mar,3^3,"3/3 Than Thu Mar Road, Supaing Ward, Thingangyun, Yangon","၃^၃, သံသုမာလမ်း, စုပေါင်းရပ်ကွက်, သင်္ဃန်းကျွန်း",Thingangyun,သင်္ဃန်းကျွန်း,Yangon East,ရန်ကုန်အရှေ့ပိုင်း,Yangon,ရန်ကုန်,11431.0,16.817976,96.197138,,4.2,316,,Yangon,"Name: Kambangan (ကမ်းပါးဂန်). Category: Health Care Center. House Number: 3-Mar. Address: ၃^၃, သံသုမာလမ်း, စုပေါင်းရပ်ကွက်, သင်္ဃန်းကျွန်း. Township: Thingangyun. District: Yangon East"
1411,Kan Myint,ကံမြင့်,Shop,အထွေထွေအမျိုးအစား,,,Thingangyun,Thingangyun,Thingangyun,,Yangon East,ရန်ကုန်အရှေ့ပိုင်း,Yangon,ရန်ကုန်,,16.827704,96.207204,,4.1,43,,Yangon,Name: Kan Myint (ကံမြင့်). Category: Shop. Address: Thingangyun. Township: Thingangyun. District: Yangon East
603,Kan Myint Shop,Kan Myint Shop,Shop,အထွေထွေအမျိုးအစား,,,"Yangon Thit Ward (TGGN), Thingangyun","Yangon Thit Ward (TGGN), Thingangyun",Thingangyun,,Yangon East,ရန်ကုန်အရှေ့ပိုင်း,Yangon,ရန်ကုန်,,16.8278,96.2074,,4.3,19,,Yangon,"Name: Kan Myint Shop. Category: Shop. Address: Yangon Thit Ward (TGGN), Thingangyun. Township: Thingangyun. District: Yangon East"
1378,Kan Say Yar,ကံစေရာ,Shop,အထွေထွေအမျိုးအစား,,,Thingangyun,Thingangyun,Thingangyun,,Yangon East,ရန်ကုန်အရှေ့ပိုင်း,Yangon,ရန်ကုန်,,16.839185,96.200678,,4.8,544,,Yangon,Name: Kan Say Yar (ကံစေရာ). Category: Shop. Address: Thingangyun. Township: Thingangyun. District: Yangon East
1379,Kan Ta Lu,ကံတလူ,Shop,အထွေထွေအမျိုးအစား,,,Thingangyun,Thingangyun,Thingangyun,,Yangon East,ရန်ကုန်အရှေ့ပိုင်း,Yangon,ရန်ကုန်,,16.840561,96.203697,,4.9,547,,Yangon,Name: Kan Ta Lu (ကံတလူ). Category: Shop. Address: Thingangyun. Township: Thingangyun. District: Yangon East
456,Kan Taw Mon Housing,Kan Taw Mon Housing,Residence,ရုံးခန်းနှင့် လူနေအိမ်ရာ,,,"Lay Daung Kan Rd.,Lay Daunkan Ward (TGGN),Thingangyun","Lay Daung Kan Rd.,Lay Daunkan Ward (TGGN),Thingangyun",Thingangyun,,Yangon East,ရန်ကုန်အရှေ့ပိုင်း,Yangon,ရန်ကုန်,,16.8362,96.199,,4.6,178,,Yangon,"Name: Kan Taw Mon Housing. Category: Residence. Address: Lay Daung Kan Rd.,Lay Daunkan Ward (TGGN),Thingangyun. Township: Thingangyun. District: Yangon East"
1007,Kandayar,ကံတရား,Dentist,အထွေထွေအမျိုးအစား,,,Thingangyun,Thingangyun,Thingangyun,,Yangon East,ရန်ကုန်အရှေ့ပိုင်း,Yangon,ရန်ကုန်,,16.825584,96.208855,,4.7,31,,Yangon,Name: Kandayar (ကံတရား). Category: Dentist. Address: Thingangyun. Township: Thingangyun. District: Yangon East
706,Kant Kaw,ကန့်ကော်,Hospital/Polyclinic,ဆေးရုံနှင့် ဆေးခန်း,,,Thingangyun,Thingangyun,Thingangyun,,Yangon East,ရန်ကုန်အရှေ့ပိုင်း,Yangon,ရန်ကုန်,,16.843929,96.204087,,4.6,328,,Yangon,Name: Kant Kaw (ကန့်ကော်). Category: Hospital/Polyclinic. Address: Thingangyun. Township: Thingangyun. District: Yangon East
303,Kant Kaw,ကံ့ကော်,Pharmacy,ဆေးဆိုင်,4,4,"4 Than Thu Mar Road, Supaing Ward, Thingangyun, Yangon","၄, သံသုမာလမ်း, စုပေါင်းရပ်ကွက်, သင်္ဃန်းကျွန်း",Thingangyun,သင်္ဃန်းကျွန်း,Yangon East,ရန်ကုန်အရှေ့ပိုင်း,Yangon,ရန်ကုန်,11431.0,16.818201,96.197542,,4.3,319,,Yangon,"Name: Kant Kaw (ကံ့ကော်). Category: Pharmacy. House Number: 4. Address: ၄, သံသုမာလမ်း, စုပေါင်းရပ်ကွက်, သင်္ဃန်းကျွန်း. Township: Thingangyun. District: Yangon East"
902,Kant Kaw,ကံ့ကော်,Shop,အထွေထွေအမျိုးအစား,,,Thingangyun,Thingangyun,Thingangyun,,Yangon East,ရန်ကုန်အရှေ့ပိုင်း,Yangon,ရန်ကုန်,,16.827188,96.207737,,4.2,316,,Yangon,Name: Kant Kaw (ကံ့ကော်). Category: Shop. Address: Thingangyun. Township: Thingangyun. District: Yangon East
1113,Kaung,ကောင်း,Hospital/Polyclinic,ဆေးရုံနှင့် ဆေးခန်း,,,Thingangyun,Thingangyun,Thingangyun,,Yangon East,ရန်ကုန်အရှေ့ပိုင်း,Yangon,ရန်ကုန်,,16.831805,96.202191,,4.3,349,,Yangon,Name: Kaung (ကောင်း). Category: Hospital/Polyclinic. Address: Thingangyun. Township: Thingangyun. District: Yangon East
1112,Kaung,ကောင်း,Hospital/Polyclinic,ဆေးရုံနှင့် ဆေးခန်း,,,Thingangyun,Thingangyun,Thingangyun,,Yangon East,ရန်ကုန်အရှေ့ပိုင်း,Yangon,ရန်ကုန်,,16.827395,96.207469,,4.2,346,,Yangon,Name: Kaung (ကောင်း). Category: Hospital/Polyclinic. Address: Thingangyun. Township: Thingangyun. District: Yangon East
1090,Kaung,ကောင်း,Restaurant,စားသောက်ဆိုင်,,,Thingangyun,Thingangyun,Thingangyun,,Yangon East,ရန်ကုန်အရှေ့ပိုင်း,Yangon,ရန်ကုန်,,16.829857,96.208177,,4,280,,Yangon,Name: Kaung (ကောင်း). Category: Restaurant. Address: Thingangyun. Township: Thingangyun. District: Yangon East
1032,Kaung Htet,ကောင်းထက်,Repair Facility,ပြုပြင်ရေးလုပ်ငန်း,,,Thingangyun,Thingangyun,Thingangyun,,Yangon East,ရန်ကုန်အရှေ့ပိုင်း,Yangon,ရန်ကုန်,,16.84013,96.207029,,4.2,106,,Yangon,Name: Kaung Htet (ကောင်းထက်). Category: Repair Facility. Address: Thingangyun. Township: Thingangyun. District: Yangon East
1606,Kaung Htet,ကောင်းထက်,Shop,အထွေထွေအမျိုးအစား,,,Thingangyun,Thingangyun,Thingangyun,,Yangon East,ရန်ကုန်အရှေ့ပိုင်း,Yangon,ရန်ကုန်,,16.834091,96.180864,,4.6,28,,Yangon,Name: Kaung Htet (ကောင်းထက်). Category: Shop. Address: Thingangyun. Township: Thingangyun. District: Yangon East
604,Kaung Htet San (Engine Spare Part Shop),Kaung Htet San (Engine Spare Part Shop),Shop,အထွေထွေအမျိုးအစား,,,"Ward 29 Thuwunna (TGGN), Thingangyun","Ward 29 Thuwunna (TGGN), Thingangyun",Thingangyun,,Yangon East,ရန်ကုန်အရှေ့ပိုင်း,Yangon,ရန်ကုန်,,16.8231,96.2055,,4.4,22,,Yangon,"Name: Kaung Htet San (Engine Spare Part Shop). Category: Shop. Address: Ward 29 Thuwunna (TGGN), Thingangyun. Township: Thingangyun. District: Yangon East"
1091,Kaung Kaung,ကောင်းကောင်း,Restaurant,စားသောက်ဆိုင်,,,Thingangyun,Thingangyun,Thingangyun,,Yangon East,ရန်ကုန်အရှေ့ပိုင်း,Yangon,ရန်ကုန်,,16.836227,96.20777,,4.1,283,,Yangon,Name: Kaung Kaung (ကောင်းကောင်း). Category: Restaurant. Address: Thingangyun. Township: Thingangyun. District: Yangon East
1870,Kaung Kaung,ကောင်းကောင်း,Restaurant,စားသောက်ဆိုင်,,,Thingangyun,Thingangyun,Thingangyun,,Yangon East,ရန်ကုန်အရှေ့ပိုင်း,Yangon,ရန်ကုန်,,16.833596,96.175592,,4,220,,Yangon,Name: Kaung Kaung (ကောင်းကောင်း). Category: Restaurant. Address: Thingangyun. Township: Thingangyun. District: Yangon East
1675,Kaung Kin Thit,ကောင်းကင်သစ်,Shop,အထွေထွေအမျိုးအစား,,,Thingangyun,Thingangyun,Thingangyun,,Yangon East,ရန်ကုန်အရှေ့ပိုင်း,Yangon,ရန်ကုန်,,16.829306,96.201256,,4.5,235,,Yangon,Name: Kaung Kin Thit (ကောင်းကင်သစ်). Category: Shop. Address: Thingangyun. Township: Thingangyun. District: Yangon East
267,Kaung Kyaik,ကောင်းကြိုက်,Restaurant (Biryani),စားသောက်ဆိုင်,928,928,"928 Lay Daung Kan Road, Nga Moe Yeik Ward, Thingangyun, Yangon","၉၂၈, လေးထောင့်ကန်လမ်း, ငမိုးရိပ်ရပ်ကွက်, သင်္ဃန်းကျွန်း",Thingangyun,သင်္ဃန်းကျွန်း,Yangon East,ရန်ကုန်အရှေ့ပိုင်း,Yangon,ရန်ကုန်,11431.0,16.84131,96.203508,,4.7,211,,Yangon,"Name: Kaung Kyaik (ကောင်းကြိုက်). Category: Restaurant (Biryani). House Number: 928. Address: ၉၂၈, လေးထောင့်ကန်လမ်း, ငမိုးရိပ်ရပ်ကွက်, သင်္ဃန်းကျွန်း. Township: Thingangyun. District: Yangon East"
1412,Kaung Kyite,ကောင်းကြိုက်,Shop,အထွေထွေအမျိုးအစား,,,Thingangyun,Thingangyun,Thingangyun,,Yangon East,ရန်ကုန်အရှေ့ပိုင်း,Yangon,ရန်ကုန်,,16.829129,96.197411,,4.2,46,,Yangon,Name: Kaung Kyite (ကောင်းကြိုက်). Category: Shop. Address: Thingangyun. Township: Thingangyun. District: Yangon East
52,Kaung Mha Kaung,ကောင်းမှကောင်း,Restaurant (Rakkhine_Myanmar Food),စားသောက်ဆိုင်,30,30,"30 Than Thu Mar Road, Bawa Myint Ward, Thingangyun, Yangon","၃၀, သံသုမာလမ်း, ဘ၀မြင့်ရပ်ကွက်, သင်္ဃန်းကျွန်း",Thingangyun,သင်္ဃန်းကျွန်း,Yangon East,ရန်ကုန်အရှေ့ပိုင်း,Yangon,ရန်ကုန်,11431.0,16.845257,96.201447,,4.2,166,,Yangon,"Name: Kaung Mha Kaung (ကောင်းမှကောင်း). Category: Restaurant (Rakkhine_Myanmar Food). House Number: 30. Address: ၃၀, သံသုမာလမ်း, ဘ၀မြင့်ရပ်ကွက်, သင်္ဃန်းကျွန်း. Township: Thingangyun. District: Yangon East"
1801,Kaung Mon,ကောင်းမွန်,Café/Pub,ဘားနှင့် ဖျော်ဖြေရေး,,,Thingangyun,Thingangyun,Thingangyun,,Yangon East,ရန်ကုန်အရှေ့ပိုင်း,Yangon,ရန်ကုန်,,16.840257,96.201162,,4.1,13,,Yangon,Name: Kaung Mon (ကောင်းမွန်). Category: Café/Pub. Address: Thingangyun. Township: Thingangyun. District: Yangon East
1285,Kaung Myat,ကောင်းမြတ်,Shop,အထွေထွေအမျိုးအစား,,,Thingangyun,Thingangyun,Thingangyun,,Yangon East,ရန်ကုန်အရှေ့ပိုင်း,Yangon,ရန်ကုန်,,16.840175,96.20691,,4.5,265,,Yangon,Name: Kaung Myat (ကောင်းမြတ်). Category: Shop. Address: Thingangyun. Township: Thingangyun. District: Yangon East
940,Kaung Say,ကောင်းစေ,Café/Pub,ဘားနှင့် ဖျော်ဖြေရေး,,,Thingangyun,Thingangyun,Thingangyun,,Yangon East,ရန်ကုန်အရှေ့ပိုင်း,Yangon,ရန်ကုန်,,16.826241,96.20866,,4,430,,Yangon,Name: Kaung Say (ကောင်းစေ). Category: Café/Pub. Address: Thingangyun. Township: Thingangyun. District: Yangon East
97,Kaung Say Min,ကောင်းစေမင်း,Pharmacy,ဆေးဆိုင်,2,2,"2 Yadanar Road, Bawa Myint Ward, Thingangyun, Yangon","၂, ရတနာလမ်း, ဘ၀မြင့်ရပ်ကွက်, သင်္ဃန်းကျွန်း",Thingangyun,သင်္ဃန်းကျွန်း,Yangon East,ရန်ကုန်အရှေ့ပိုင်း,Yangon,ရန်ကုန်,11431.0,16.842538,96.197546,,4.7,301,,Yangon,"Name: Kaung Say Min (ကောင်းစေမင်း). Category: Pharmacy. House Number: 2. Address: ၂, ရတနာလမ်း, ဘ၀မြင့်ရပ်ကွက်, သင်္ဃန်းကျွန်း. Township: Thingangyun. District: Yangon East"
1833,Kaung Say Min,ကောင်းစေမင်း,Pharmacy,ဆေးဆိုင်,,,Thingangyun,Thingangyun,Thingangyun,,Yangon East,ရန်ကုန်အရှေ့ပိုင်း,Yangon,ရန်ကုန်,,16.842469,96.197506,,4.3,109,,Yangon,Name: Kaung Say Min (ကောင်းစေမင်း). Category: Pharmacy. Address: Thingangyun. Township: Thingangyun. District: Yangon East
1857,Kaung Set Lin,ကောင်းဆက်လင်း,Repair Facility,ပြုပြင်ရေးလုပ်ငန်း,,,Thingangyun,Thingangyun,Thingangyun,,Yangon East,ရန်ကုန်အရှေ့ပိုင်း,Yangon,ရန်ကုန်,,16.838249,96.200339,,4.7,181,,Yangon,Name: Kaung Set Lin (ကောင်းဆက်လင်း). Category: Repair Facility. Address: Thingangyun. Township: Thingangyun. District: Yangon East
1871,Kaung Si,ကောင်းစည်,Restaurant,စားသောက်ဆိုင်,,,Thingangyun,Thingangyun,Thingangyun,,Yangon East,ရန်ကုန်အရှေ့ပိုင်း,Yangon,ရန်ကုန်,,16.838392,96.200456,,4.1,223,,Yangon,Name: Kaung Si (ကောင်းစည်). Category: Restaurant. Address: Thingangyun. Township: Thingangyun. District: Yangon East
5,Kaung Sone,ကောင်းစုံ,Private School,ကိုယ်ပိုင်ကျောင်း,A3,at 3,"A2 Thu Mingalar Road, Kyaikasan West Ward, Thingangyun, Yangon","အေ ၃, သုမင်္ဂလာလမ်း, ကျိုက္ကဆံရပ်ကွက်, သင်္ဃန်းကျွန်း",Thingangyun,သင်္ဃန်းကျွန်း,Yangon East,ရန်ကုန်အရှေ့ပိုင်း,Yangon,ရန်ကုန်,11431.0,16.834966,96.186483,,4.5,25,,Yangon,"Name: Kaung Sone (ကောင်းစုံ). Category: Private School. House Number: A3. Address: အေ ၃, သုမင်္ဂလာလမ်း, ကျိုက္ကဆံရပ်ကွက်, သင်္ဃန်းကျွန်း. Township: Thingangyun. District: Yangon East"
457,Kaung Su San,Kaung Su San,Restaurant,စားသောက်ဆိုင်,,,"Ward 29 Thuwunna (TGGN), Thingangyun","Ward 29 Thuwunna (TGGN), Thingangyun",Thingangyun,,Yangon East,ရန်ကုန်အရှေ့ပိုင်း,Yangon,ရန်ကုန်,,16.8243,96.2065,,4.7,181,,Yangon,"Name: Kaung Su San. Category: Restaurant. Address: Ward 29 Thuwunna (TGGN), Thingangyun. Township: Thingangyun. District: Yangon East"
746,Kaung Su San Thar,ကောင်းစုစံသာ,Company,ရုံးခန်းနှင့် လူနေအိမ်ရာ,,,Thingangyun,Thingangyun,Thingangyun,,Yangon East,ရန်ကုန်အရှေ့ပိုင်း,Yangon,ရန်ကုန်,,16.815065,96.211965,,4.6,448,,Yangon,Name: Kaung Su San Thar (ကောင်းစုစံသာ). Category: Company. Address: Thingangyun. Township: Thingangyun. District: Yangon East
1261,Kay Kay,ကေကေ,Shop,အထွေထွေအမျိုးအစား,,,Thingangyun,Thingangyun,Thingangyun,,Yangon East,ရန်ကုန်အရှေ့ပိုင်း,Yangon,ရန်ကုန်,,16.838627,96.202758,,4.1,193,,Yangon,Name: Kay Kay (ကေကေ). Category: Shop. Address: Thingangyun. Township: Thingangyun. District: Yangon East
1896,Kay Mar,ခေမာ,Hospital/Polyclinic,ဆေးရုံနှင့် ဆေးခန်း,,,Thingangyun,Thingangyun,Thingangyun,,Yangon East,ရန်ကုန်အရှေ့ပိုင်း,Yangon,ရန်ကုန်,,16.842441,96.197478,,4.6,298,,Yangon,Name: Kay Mar (ခေမာ). Category: Hospital/Polyclinic. Address: Thingangyun. Township: Thingangyun. District: Yangon East
98,Kay Mar,ခေမာ,Clinic,ဆေးရုံနှင့် ဆေးခန်း,2,2,"2 Yadanar Road, Bawa Myint Ward, Thingangyun, Yangon","၂, ရတနာလမ်း, ဘ၀မြင့်ရပ်ကွက်, သင်္ဃန်းကျွန်း",Thingangyun,သင်္ဃန်းကျွန်း,Yangon East,ရန်ကုန်အရှေ့ပိုင်း,Yangon,ရန်ကုန်,11431.0,16.842455,96.197458,,4.8,304,,Yangon,"Name: Kay Mar (ခေမာ). Category: Clinic. House Number: 2. Address: ၂, ရတနာလမ်း, ဘ၀မြင့်ရပ်ကွက်, သင်္ဃန်းကျွန်း. Township: Thingangyun. District: Yangon East"
941,Kayal Pwint,ခရေပွင့်,Café/Pub,ဘားနှင့် ဖျော်ဖြေရေး,,,Thingangyun,Thingangyun,Thingangyun,,Yangon East,ရန်ကုန်အရှေ့ပိုင်း,Yangon,ရန်ကုန်,,16.821852,96.204596,,4.1,433,,Yangon,Name: Kayal Pwint (ခရေပွင့်). Category: Café/Pub. Address: Thingangyun. Township: Thingangyun. District: Yangon East
1033,Key Star,သော့စတား,Repair Facility,ပြုပြင်ရေးလုပ်ငန်း,,,Thingangyun,Thingangyun,Thingangyun,,Yangon East,ရန်ကုန်အရှေ့ပိုင်း,Yangon,ရန်ကုန်,,16.830695,96.207868,,4.3,109,,Yangon,Name: Key Star (သော့စတား). Category: Repair Facility. Address: Thingangyun. Township: Thingangyun. District: Yangon East
605,Khai Soe,Khai Soe,Shop,အထွေထွေအမျိုးအစား,,,"Kyi Pwar Yae Ward (TGGN), Thingangyun","Kyi Pwar Yae Ward (TGGN), Thingangyun",Thingangyun,,Yangon East,ရန်ကုန်အရှေ့ပိုင်း,Yangon,ရန်ကုန်,,16.8437,96.2072,,4.5,25,,Yangon,"Name: Khai Soe. Category: Shop. Address: Kyi Pwar Yae Ward (TGGN), Thingangyun. Township: Thingangyun. District: Yangon East"
38,Khaing,ခိုင်,Beauty Salon,အလှပြင်နှင့် အပ်ချုပ်ဆိုင်,292,292,"292 Ngamoeyeik 7th Street, Nga Moe Yeik Ward, Thingangyun, Yangon","၂၉၂, ငမိုးရိပ်၇လမ်း, ငမိုးရိပ်ရပ်ကွက်, သင်္ဃန်းကျွန်း",Thingangyun,သင်္ဃန်းကျွန်း,Yangon East,ရန်ကုန်အရှေ့ပိုင်း,Yangon,ရန်ကုန်,11431.0,16.843739,96.202293,,4.8,124,,Yangon,"Name: Khaing (ခိုင်). Category: Beauty Salon. House Number: 292. Address: ၂၉၂, ငမိုးရိပ်၇လမ်း, ငမိုးရိပ်ရပ်ကွက်, သင်္ဃန်းကျွန်း. Township: Thingangyun. District: Yangon East"
2006,Khaing,မိတ်ကပ် ခိုင်(ကိုမာ),Shop,အထွေထွေအမျိုးအစား,,,Thingangyun,Thingangyun,Thingangyun,,Yangon East,ရန်ကုန်အရှေ့ပိုင်း,Yangon,ရန်ကုန်,,16.832971,96.194974,,4.6,28,,Yangon,Name: Khaing (မိတ်ကပ် ခိုင်(ကိုမာ)). Category: Shop. Address: Thingangyun. Township: Thingangyun. District: Yangon East
606,Khaing Special Clinic,Khaing Special Clinic,Hospital,ဆေးရုံနှင့် ဆေးခန်း,,,"Bo Kan Nyunt Ward (TGGN), Thingangyun","Bo Kan Nyunt Ward (TGGN), Thingangyun",Thingangyun,,Yangon East,ရန်ကုန်အရှေ့ပိုင်း,Yangon,ရန်ကုန်,,16.8313,96.1936,,4.6,28,,Yangon,"Name: Khaing Special Clinic. Category: Hospital. Address: Bo Kan Nyunt Ward (TGGN), Thingangyun. Township: Thingangyun. District: Yangon East"
1949,Khaing Tun,ခိုင်ထွန်း,Shop,အထွေထွေအမျိုးအစား,,,Thingangyun,Thingangyun,Thingangyun,,Yangon East,ရန်ကုန်အရှေ့ပိုင်း,Yangon,ရန်ကုန်,,16.835383,96.197361,,4.9,457,,Yangon,Name: Khaing Tun (ခိုင်ထွန်း). Category: Shop. Address: Thingangyun. Township: Thingangyun. District: Yangon East
2003,Khant Min Thu,ခန့်မင်းသူ,Shop,အထွေထွေအမျိုးအစား,,,Thingangyun,Thingangyun,Thingangyun,,Yangon East,ရန်ကုန်အရှေ့ပိုင်း,Yangon,ရန်ကုန်,,16.841774,96.196741,,4.3,19,,Yangon,Name: Khant Min Thu (ခန့်မင်းသူ). Category: Shop. Address: Thingangyun. Township: Thingangyun. District: Yangon East
747,Khat Thar Myo Myo,ခတ္တာမျိုးမျိုး,Company,ရုံးခန်းနှင့် လူနေအိမ်ရာ,,,Thingangyun,Thingangyun,Thingangyun,,Yangon East,ရန်ကုန်အရှေ့ပိုင်း,Yangon,ရန်ကုန်,,16.816011,96.213185,,4.7,451,,Yangon,Name: Khat Thar Myo Myo (ခတ္တာမျိုးမျိုး). Category: Company. Address: Thingangyun. Township: Thingangyun. District: Yangon East
100,Khent Min Thu,ကောင်းမင်းခန့်,Liquar Store,စျေးနှင့် ကုန်စုံဆိုင်,6,6,"6 Yadanar Road, Bawa Myint Ward, Thingangyun, Yangon","၆, ရတနာလမ်း, ဘ၀မြင့်ရပ်ကွက်, သင်္ဃန်းကျွန်း",Thingangyun,သင်္ဃန်းကျွန်း,Yangon East,ရန်ကုန်အရှေ့ပိုင်း,Yangon,ရန်ကုန်,11431.0,16.841759,96.196691,,4,310,,Yangon,"Name: Khent Min Thu (ကောင်းမင်းခန့်). Category: Liquar Store. House Number: 6. Address: ၆, ရတနာလမ်း, ဘ၀မြင့်ရပ်ကွက်, သင်္ဃန်းကျွန်း. Township: Thingangyun. District: Yangon East"
1641,Khin Yadanar,ခင်ရတနာ,Shop,အထွေထွေအမျိုးအစား,,,Thingangyun,Thingangyun,Thingangyun,,Yangon East,ရန်ကုန်အရှေ့ပိုင်း,Yangon,ရန်ကုန်,,16.832275,96.18173,,4.1,133,,Yangon,Name: Khin Yadanar (ခင်ရတနာ). Category: Shop. Address: Thingangyun. Township: Thingangyun. District: Yangon East
866,Khine,ခိုင်,Shop,အထွေထွေအမျိုးအစား,,,Thingangyun,Thingangyun,Thingangyun,,Yangon East,ရန်ကုန်အရှေ့ပိုင်း,Yangon,ရန်ကုန်,,16.82284,96.209611,,4.6,208,,Yangon,Name: Khine (ခိုင်). Category: Shop. Address: Thingangyun. Township: Thingangyun. District: Yangon East
776,Khine Hnin Si,ခိုင်နှင်းဆီ,Shop,အထွေထွေအမျိုးအစား,,,Thingangyun,Thingangyun,Thingangyun,,Yangon East,ရန်ကုန်အရှေ့ပိုင်း,Yangon,ရန်ကုန်,,16.839227,96.201295,,4.6,538,,Yangon,Name: Khine Hnin Si (ခိုင်နှင်းဆီ). Category: Shop. Address: Thingangyun. Township: Thingangyun. District: Yangon East
1676,Khine Khine,ခိုင်ခိုင်,Shop,အထွေထွေအမျိုးအစား,,,Thingangyun,Thingangyun,Thingangyun,,Yangon East,ရန်ကုန်အရှေ့ပိုင်း,Yangon,ရန်ကုန်,,16.839574,96.200798,,4.6,238,,Yangon,Name: Khine Khine (ခိုင်ခိုင်). Category: Shop. Address: Thingangyun. Township: Thingangyun. District: Yangon East
1303,Khine Mar Lar,ခိုင်မာလာ,Shop,အထွေထွေအမျိုးအစား,,,Thingangyun,Thingangyun,Thingangyun,,Yangon East,ရန်ကုန်အရှေ့ပိုင်း,Yangon,ရန်ကုန်,,16.841122,96.20175,,4.3,319,,Yangon,Name: Khine Mar Lar (ခိုင်မာလာ). Category: Shop. Address: Thingangyun. Township: Thingangyun. District: Yangon East
269,Khine Nin Si,ခိုင်နှင်းဆီ,Shoes Shop,အထွေထွေအမျိုးအစား,315,315,"315 Sule Pagoda Street, Ward-2, Pabedan, Yangon","၃၁၅, အနော်ရထာလမ်း, (၂)ရပ်ကွက်, ပန်းဘဲတန်း",Pabedan,ပန်းဘဲတန်း,Yangon East,ရန်ကုန်အရှေ့ပိုင်း,Yangon,ရန်ကုန်,11431.0,16.839052,96.201163,,4.9,217,,Yangon,"Name: Khine Nin Si (ခိုင်နှင်းဆီ). Category: Shoes Shop. House Number: 315. Address: ၃၁၅, အနော်ရထာလမ်း, (၂)ရပ်ကွက်, ပန်းဘဲတန်း. Township: Pabedan. District: Yangon East"
339,Khine Soe Soe,ခိုင်စိုးစိုး,Burmese Restaurant,စားသောက်ဆိုင်,164,164,"164 Than Thu Mar Road, Ward-24 Thuwunna, Thingangyun, Yangon","၁၆၄, သံသုမာလမ်း, သု၀ဏ္ဏ(၂၄)ရပ်ကွက်, သင်္ဃန်းကျွန်း",Thingangyun,သင်္ဃန်းကျွန်း,Yangon East,ရန်ကုန်အရှေ့ပိုင်း,Yangon,ရန်ကုန်,11431.0,16.816582,96.195212,,4.9,427,,Yangon,"Name: Khine Soe Soe (ခိုင်စိုးစိုး). Category: Burmese Restaurant. House Number: 164. Address: ၁၆၄, သံသုမာလမ်း, သု၀ဏ္ဏ(၂၄)ရပ်ကွက်, သင်္ဃန်းကျွန်း. Township: Thingangyun. District: Yangon East"
1750,Khine Zin Phyo,ခိုင်ဇင်ဖြိုး,Shop,အထွေထွေအမျိုးအစား,,,Thingangyun,Thingangyun,Thingangyun,,Yangon East,ရန်ကုန်အရှေ့ပိုင်း,Yangon,ရန်ကုန်,,16.839339,96.201132,,4,460,,Yangon,Name: Khine Zin Phyo (ခိုင်ဇင်ဖြိုး). Category: Shop. Address: Thingangyun. Township: Thingangyun. District: Yangon East
1802,Khing Htun Wai,ခိုင်ထွန်း၀ေ,Café/Pub,ဘားနှင့် ဖျော်ဖြေရေး,,,Thingangyun,Thingangyun,Thingangyun,,Yangon East,ရန်ကုန်အရှေ့ပိုင်း,Yangon,ရန်ကုန်,,16.832866,96.199317,,4.2,16,,Yangon,Name: Khing Htun Wai (ခိုင်ထွန်း၀ေ). Category: Café/Pub. Address: Thingangyun. Township: Thingangyun. District: Yangon East
1751,Khit,ခေါတ်,Shop,အထွေထွေအမျိုးအစား,,,Thingangyun,Thingangyun,Thingangyun,,Yangon East,ရန်ကုန်အရှေ့ပိုင်း,Yangon,ရန်ကုန်,,16.841368,96.200832,,4.1,463,,Yangon,Name: Khit (ခေါတ်). Category: Shop. Address: Thingangyun. Township: Thingangyun. District: Yangon East
779,Khit Hmi,ခေတ်မှီ,Shop,အထွေထွေအမျိုးအစား,,,Thingangyun,Thingangyun,Thingangyun,,Yangon East,ရန်ကုန်အရှေ့ပိုင်း,Yangon,ရန်ကုန်,,16.841689,96.203872,,4.9,547,,Yangon,Name: Khit Hmi (ခေတ်မှီ). Category: Shop. Address: Thingangyun. Township: Thingangyun. District: Yangon East
1354,Khit Ka Bar,ခေတ်ကမ္ဘာ,Shop,အထွေထွေအမျိုးအစား,,,Thingangyun,Thingangyun,Thingangyun,,Yangon East,ရန်ကုန်အရှေ့ပိုင်း,Yangon,ရန်ကုန်,,16.833779,96.198714,,4.4,472,,Yangon,Name: Khit Ka Bar (ခေတ်ကမ္ဘာ). Category: Shop. Address: Thingangyun. Township: Thingangyun. District: Yangon East
179,Khit Mi,ခေတ်မှီ,Fashion(General),ဖက်ရှင်စတိုး,5,5,"5 Lay Daung Kan Road, Lay Daunkan Ward, Thingangyun, Yangon","၅, လေးထောင့်ကန်လမ်း, လေးဒေါင့်ကန်ရပ်ကွက်, သင်္ဃန်းကျွန်း",Thingangyun,သင်္ဃန်းကျွန်း,Yangon East,ရန်ကုန်အရှေ့ပိုင်း,Yangon,ရန်ကုန်,11431.0,16.841407,96.204233,,4.9,547,,Yangon,"Name: Khit Mi (ခေတ်မှီ). Category: Fashion(General). House Number: 5. Address: ၅, လေးထောင့်ကန်လမ်း, လေးဒေါင့်ကန်ရပ်ကွက်, သင်္ဃန်းကျွန်း. Township: Thingangyun. District: Yangon East"
867,Khit San,ခေတ်ဆန်း,Shop,အထွေထွေအမျိုးအစား,,,Thingangyun,Thingangyun,Thingangyun,,Yangon East,ရန်ကုန်အရှေ့ပိုင်း,Yangon,ရန်ကုန်,,16.81695,96.195203,,4.7,211,,Yangon,Name: Khit San (ခေတ်ဆန်း). Category: Shop. Address: Thingangyun. Township: Thingangyun. District: Yangon East
1677,Khit San Eain,ခေတ်စံအိမ်,Shop,အထွေထွေအမျိုးအစား,,,Thingangyun,Thingangyun,Thingangyun,,Yangon East,ရန်ကုန်အရှေ့ပိုင်း,Yangon,ရန်ကုန်,,16.840349,96.201901,,4.7,241,,Yangon,Name: Khit San Eain (ခေတ်စံအိမ်). Category: Shop. Address: Thingangyun. Township: Thingangyun. District: Yangon East
1322,Khit Tayar,ခေတ်တစ်ရာ,Shop,အထွေထွေအမျိုးအစား,,,Thingangyun,Thingangyun,Thingangyun,,Yangon East,ရန်ကုန်အရှေ့ပိုင်း,Yangon,ရန်ကုန်,,16.839511,96.207312,,4.2,376,,Yangon,Name: Khit Tayar (ခေတ်တစ်ရာ). Category: Shop. Address: Thingangyun. Township: Thingangyun. District: Yangon East
1147,Kids Garden,ကစ်ဂားဒင်း,School,ကျောင်းနှင့် တက္ကသိုလ်,,,Thingangyun,Thingangyun,Thingangyun,,Yangon East,ရန်ကုန်အရှေ့ပိုင်း,Yangon,ရန်ကုန်,,16.841771,96.202762,,4.7,451,,Yangon,Name: Kids Garden (ကစ်ဂားဒင်း). Category: School. Address: Thingangyun. Township: Thingangyun. District: Yangon East
1617,King,ကင်း,Shop,အထွေထွေအမျိုးအစား,,,Thingangyun,Thingangyun,Thingangyun,,Yangon East,ရန်ကုန်အရှေ့ပိုင်း,Yangon,ရန်ကုန်,,16.833401,96.181115,,4.7,61,,Yangon,Name: King (ကင်း). Category: Shop. Address: Thingangyun. Township: Thingangyun. District: Yangon East
2012,King Power,ကင်းပါဝါ,Shop,အထွေထွေအမျိုးအစား,,,Thingangyun,Thingangyun,Thingangyun,,Yangon East,ရန်ကုန်အရှေ့ပိုင်း,Yangon,ရန်ကုန်,,16.841361,96.203572,,4.2,46,,Yangon,Name: King Power (ကင်းပါဝါ). Category: Shop. Address: Thingangyun. Township: Thingangyun. District: Yangon East
801,King Power,ကင်းပါဝါ,Shop,အထွေထွေအမျိုးအစား,,,Thingangyun,Thingangyun,Thingangyun,,Yangon East,ရန်ကုန်အရှေ့ပိုင်း,Yangon,ရန်ကုန်,,16.839462,96.201584,,4.1,13,,Yangon,Name: King Power (ကင်းပါဝါ). Category: Shop. Address: Thingangyun. Township: Thingangyun. District: Yangon East
1103,Kingdom Of Glory,ကင်းဒမ်း(မ်)အော့ဗ်ဂလောရီး,Theater,ပြတိုက်နှင့် ယဉ်ကျေးမှု,,,Thingangyun,Thingangyun,Thingangyun,,Yangon East,ရန်ကုန်အရှေ့ပိုင်း,Yangon,ရန်ကုန်,,16.829077,96.206977,,4.3,319,,Yangon,Name: Kingdom Of Glory (ကင်းဒမ်း(မ်)အော့ဗ်ဂလောရီး). Category: Theater. Address: Thingangyun. Township: Thingangyun. District: Yangon East
1034,Ko Aung,ကိုအောင်,Repair Facility,ပြုပြင်ရေးလုပ်ငန်း,,,Thingangyun,Thingangyun,Thingangyun,,Yangon East,ရန်ကုန်အရှေ့ပိုင်း,Yangon,ရန်ကုန်,,16.829105,96.202209,,4.4,112,,Yangon,Name: Ko Aung (ကိုအောင်). Category: Repair Facility. Address: Thingangyun. Township: Thingangyun. District: Yangon East
1035,Ko Ba Htoo,ကိုဗထူး,Repair Facility,ပြုပြင်ရေးလုပ်ငန်း,,,Thingangyun,Thingangyun,Thingangyun,,Yangon East,ရန်ကုန်အရှေ့ပိုင်း,Yangon,ရန်ကုန်,,16.841431,96.20025,,4.5,115,,Yangon,Name: Ko Ba Htoo (ကိုဗထူး). Category: Repair Facility. Address: Thingangyun. Township: Thingangyun. District: Yangon East
462,Ko Gyi Kyaw,Ko Gyi Kyaw,Restaurant,စားသောက်ဆိုင်,,,"Kyi Pwar Yae Ward (TGGN), Thingangyun","Kyi Pwar Yae Ward (TGGN), Thingangyun",Thingangyun,,Yangon East,ရန်ကုန်အရှေ့ပိုင်း,Yangon,ရန်ကုန်,,16.844,96.2074,,4.2,196,,Yangon,"Name: Ko Gyi Kyaw. Category: Restaurant. Address: Kyi Pwar Yae Ward (TGGN), Thingangyun. Township: Thingangyun. District: Yangon East"
1493,Ko Htway,ကိုထွေး,Repair Facility,ပြုပြင်ရေးလုပ်ငန်း,,,Thingangyun,Thingangyun,Thingangyun,,Yangon East,ရန်ကုန်အရှေ့ပိုင်း,Yangon,ရန်ကုန်,,16.841431,96.20025,,4.3,289,,Yangon,Name: Ko Htway (ကိုထွေး). Category: Repair Facility. Address: Thingangyun. Township: Thingangyun. District: Yangon East
1205,Ko Latt,ကိုလတ်,Shop,အထွေထွေအမျိုးအစား,,,Thingangyun,Thingangyun,Thingangyun,,Yangon East,ရန်ကုန်အရှေ့ပိုင်း,Yangon,ရန်ကုန်,,16.842957,96.200347,,4.5,25,,Yangon,Name: Ko Latt (ကိုလတ်). Category: Shop. Address: Thingangyun. Township: Thingangyun. District: Yangon East
1206,Ko Lwin Myo,ကိုလွင်မျိုး,Shop,အထွေထွေအမျိုးအစား,,,Thingangyun,Thingangyun,Thingangyun,,Yangon East,ရန်ကုန်အရှေ့ပိုင်း,Yangon,ရန်ကုန်,,16.839469,96.207321,,4.6,28,,Yangon,Name: Ko Lwin Myo (ကိုလွင်မျိုး). Category: Shop. Address: Thingangyun. Township: Thingangyun. District: Yangon East
1015,Ko Maung Soe and Sons,ကိုမောင်စိုးနှင့်သားများ,Repair Facility,ပြုပြင်ရေးလုပ်ငန်း,,,Thingangyun,Thingangyun,Thingangyun,,Yangon East,ရန်ကုန်အရှေ့ပိုင်း,Yangon,ရန်ကုန်,,16.821332,96.197531,,4.5,55,,Yangon,Name: Ko Maung Soe and Sons (ကိုမောင်စိုးနှင့်သားများ). Category: Repair Facility. Address: Thingangyun. Township: Thingangyun. District: Yangon East
1950,Ko Mg Lwin,ကိုမောင်လွင်,Shop,အထွေထွေအမျိုးအစား,,,Thingangyun,Thingangyun,Thingangyun,,Yangon East,ရန်ကုန်အရှေ့ပိုင်း,Yangon,ရန်ကုန်,,16.832984,96.195012,,4,460,,Yangon,Name: Ko Mg Lwin (ကိုမောင်လွင်). Category: Shop. Address: Thingangyun. Township: Thingangyun. District: Yangon East
646,Ko Min Aung,ကိုမင်းအောင်,Repair Facility,ပြုပြင်ရေးလုပ်ငန်း,,,Thingangyun,Thingangyun,Thingangyun,,Yangon East,ရန်ကုန်အရှေ့ပိုင်း,Yangon,ရန်ကုန်,,16.843036,96.212362,,4.6,148,,Yangon,Name: Ko Min Aung (ကိုမင်းအောင်). Category: Repair Facility. Address: Thingangyun. Township: Thingangyun. District: Yangon East
1413,Ko Min Nyunt,ကိုမင်းညွန့်,Shop,အထွေထွေအမျိုးအစား,,,Thingangyun,Thingangyun,Thingangyun,,Yangon East,ရန်ကုန်အရှေ့ပိုင်း,Yangon,ရန်ကုန်,,16.840802,96.200869,,4.3,49,,Yangon,Name: Ko Min Nyunt (ကိုမင်းညွန့်). Category: Shop. Address: Thingangyun. Township: Thingangyun. District: Yangon East
1803,Ko Moe Gyi,ကိုမိုးကြီး,Café/Pub,ဘားနှင့် ဖျော်ဖြေရေး,,,Thingangyun,Thingangyun,Thingangyun,,Yangon East,ရန်ကုန်အရှေ့ပိုင်း,Yangon,ရန်ကုန်,,16.834636,96.199671,,4.3,19,,Yangon,Name: Ko Moe Gyi (ကိုမိုးကြီး). Category: Café/Pub. Address: Thingangyun. Township: Thingangyun. District: Yangon East
1804,Ko Myint Aung  & Brothers,ကိုမြင့်အောင်နှင့်ညီများ,Café/Pub,ဘားနှင့် ဖျော်ဖြေရေး,,,Thingangyun,Thingangyun,Thingangyun,,Yangon East,ရန်ကုန်အရှေ့ပိုင်း,Yangon,ရန်ကုန်,,16.829024,96.202657,,4.4,22,,Yangon,Name: Ko Myint Aung  & Brothers (ကိုမြင့်အောင်နှင့်ညီများ). Category: Café/Pub. Address: Thingangyun. Township: Thingangyun. District: Yangon East
1414,Ko Myint Aung and Nyi Myar,ကိုမြင့်အောင်နှင့်ညီများ,Shop,အထွေထွေအမျိုးအစား,,,Thingangyun,Thingangyun,Thingangyun,,Yangon East,ရန်ကုန်အရှေ့ပိုင်း,Yangon,ရန်ကုန်,,16.828428,96.197467,,4.4,52,,Yangon,Name: Ko Myint Aung and Nyi Myar (ကိုမြင့်အောင်နှင့်ညီများ). Category: Shop. Address: Thingangyun. Township: Thingangyun. District: Yangon East
1036,Ko Myint Zaw,ကိုမြင့်ဇော်,Repair Facility,ပြုပြင်ရေးလုပ်ငန်း,,,Thingangyun,Thingangyun,Thingangyun,,Yangon East,ရန်ကုန်အရှေ့ပိုင်း,Yangon,ရန်ကုန်,,16.821203,96.19724,,4.6,118,,Yangon,Name: Ko Myint Zaw (ကိုမြင့်ဇော်). Category: Repair Facility. Address: Thingangyun. Township: Thingangyun. District: Yangon East
1170,Ko Myo,ကိုမျိုး,Car Wash,မော်တော်ယာဉ် ဆေးကြောရေး,,,Thingangyun,Thingangyun,Thingangyun,,Yangon East,ရန်ကုန်အရှေ့ပိုင်း,Yangon,ရန်ကုန်,,16.830377,96.208162,,4,520,,Yangon,Name: Ko Myo (ကိုမျိုး). Category: Car Wash. Address: Thingangyun. Township: Thingangyun. District: Yangon East
1338,Ko Myo Htwe,ကိုမျိုးထွေး,Shop,အထွေထွေအမျိုးအစား,,,Thingangyun,Thingangyun,Thingangyun,,Yangon East,ရန်ကုန်အရှေ့ပိုင်း,Yangon,ရန်ကုန်,,16.84058,96.202082,,4.8,424,,Yangon,Name: Ko Myo Htwe (ကိုမျိုးထွေး). Category: Shop. Address: Thingangyun. Township: Thingangyun. District: Yangon East
1805,Ko Naing Gyi,ကိုနိုင်ကြီး,Café/Pub,ဘားနှင့် ဖျော်ဖြေရေး,,,Thingangyun,Thingangyun,Thingangyun,,Yangon East,ရန်ကုန်အရှေ့ပိုင်း,Yangon,ရန်ကုန်,,16.829537,96.207746,,4.5,25,,Yangon,Name: Ko Naing Gyi (ကိုနိုင်ကြီး). Category: Café/Pub. Address: Thingangyun. Township: Thingangyun. District: Yangon East
844,Ko Naing Win,ကိုနိုင်၀င်း,Shop,အထွေထွေအမျိုးအစား,,,Thingangyun,Thingangyun,Thingangyun,,Yangon East,ရန်ကုန်အရှေ့ပိုင်း,Yangon,ရန်ကုန်,,16.837599,96.20038,,4.4,142,,Yangon,Name: Ko Naing Win (ကိုနိုင်၀င်း). Category: Shop. Address: Thingangyun. Township: Thingangyun. District: Yangon East
180,Ko Naing Wn,ကိုနိုင်ဝင်း,Construction Material,ဆောက်လုပ်ရေးနှင့် ဟာ့ဒ်ဝဲ,74,74,"74 Lay Daung Kan Road, Lay Daunkan Ward, Thingangyun, Yangon","၇၄, လေးထောင့်ကန်လမ်း, လေးဒေါင့်ကန်ရပ်ကွက်, သင်္ဃန်းကျွန်း",Thingangyun,သင်္ဃန်းကျွန်း,Yangon East,ရန်ကုန်အရှေ့ပိုင်း,Yangon,ရန်ကုန်,11431.0,16.837573,96.200206,,4,550,,Yangon,"Name: Ko Naing Wn (ကိုနိုင်ဝင်း). Category: Construction Material. House Number: 74. Address: ၇၄, လေးထောင့်ကန်လမ်း, လေးဒေါင့်ကန်ရပ်ကွက်, သင်္ဃန်းကျွန်း. Township: Thingangyun. District: Yangon East"
1504,Ko Ngwe Htun,ကိုငွေထွန်း,Repair Facility,ပြုပြင်ရေးလုပ်ငန်း,,,Thingangyun,Thingangyun,Thingangyun,,Yangon East,ရန်ကုန်အရှေ့ပိုင်း,Yangon,ရန်ကုန်,,16.834347,96.179938,,4.4,322,,Yangon,Name: Ko Ngwe Htun (ကိုငွေထွန်း). Category: Repair Facility. Address: Thingangyun. Township: Thingangyun. District: Yangon East
340,Ko Pauk,ကိုပေါက်,Store,စျေးနှင့် ကုန်စုံဆိုင်,5-Aug,43593,"5/8 Than Thu Mar Road, Ward-24 Thuwunna, Thingangyun, Yangon","၄၃၅၉၃, သံသုမာလမ်း, သု၀ဏ္ဏ(၂၄)ရပ်ကွက်, သင်္ဃန်းကျွန်း",Thingangyun,သင်္ဃန်းကျွန်း,Yangon East,ရန်ကုန်အရှေ့ပိုင်း,Yangon,ရန်ကုန်,11431.0,16.815542,96.192769,,4,430,,Yangon,"Name: Ko Pauk (ကိုပေါက်). Category: Store. House Number: 5-Aug. Address: ၄၃၅၉၃, သံသုမာလမ်း, သု၀ဏ္ဏ(၂၄)ရပ်ကွက်, သင်္ဃန်းကျွန်း. Township: Thingangyun. District: Yangon East"
868,Ko Pauk,ကိုပေါက်,Shop,အထွေထွေအမျိုးအစား,,,Thingangyun,Thingangyun,Thingangyun,,Yangon East,ရန်ကုန်အရှေ့ပိုင်း,Yangon,ရန်ကုန်,,16.815421,96.192725,,4.8,214,,Yangon,Name: Ko Pauk (ကိုပေါက်). Category: Shop. Address: Thingangyun. Township: Thingangyun. District: Yangon East
1976,Ko Phyo,ကိုဖြိုး,Shop,အထွေထွေအမျိုးအစား,,,Thingangyun,Thingangyun,Thingangyun,,Yangon East,ရန်ကုန်အရှေ့ပိုင်း,Yangon,ရန်ကုန်,,16.845149,96.201582,,4.6,538,,Yangon,Name: Ko Phyo (ကိုဖြိုး). Category: Shop. Address: Thingangyun. Township: Thingangyun. District: Yangon East
1037,Ko Phyo Kyaw,ကိုဖြိုးကျော်,Repair Facility,ပြုပြင်ရေးလုပ်ငန်း,,,Thingangyun,Thingangyun,Thingangyun,,Yangon East,ရန်ကုန်အရှေ့ပိုင်း,Yangon,ရန်ကုန်,,16.832351,96.20106,,4.7,121,,Yangon,Name: Ko Phyo Kyaw (ကိုဖြိုးကျော်). Category: Repair Facility. Address: Thingangyun. Township: Thingangyun. District: Yangon East
1415,Ko Soe Paing,ကိုစိုးပိုင်,Shop,အထွေထွေအမျိုးအစား,,,Thingangyun,Thingangyun,Thingangyun,,Yangon East,ရန်ကုန်အရှေ့ပိုင်း,Yangon,ရန်ကုန်,,16.822431,96.197192,,4.5,55,,Yangon,Name: Ko Soe Paing (ကိုစိုးပိုင်). Category: Shop. Address: Thingangyun. Township: Thingangyun. District: Yangon East
1038,Ko Thein Zaw(2),ကိုသိန်းဇော်(၂),Repair Facility,ပြုပြင်ရေးလုပ်ငန်း,,,Thingangyun,Thingangyun,Thingangyun,,Yangon East,ရန်ကုန်အရှေ့ပိုင်း,Yangon,ရန်ကုန်,,16.841902,96.202873,,4.8,124,,Yangon,Name: Ko Thein Zaw(2) (ကိုသိန်းဇော်(၂)). Category: Repair Facility. Address: Thingangyun. Township: Thingangyun. District: Yangon East
1840,Ko Toe,ကိုတိုး,Repair Facility,ပြုပြင်ရေးလုပ်ငန်း,,,Thingangyun,Thingangyun,Thingangyun,,Yangon East,ရန်ကုန်အရှေ့ပိုင်း,Yangon,ရန်ကုန်,,16.837943,96.189123,,4,130,,Yangon,Name: Ko Toe (ကိုတိုး). Category: Repair Facility. Address: Thingangyun. Township: Thingangyun. District: Yangon East
23,Ko Zaw Gyi,ကိုဇော်ကြီး,Car Repair Facility,ပြုပြင်ရေးလုပ်ငန်း,17,17,"17 Thu Mingalar Road, Kyaikasan West Ward, Thingangyun, Yangon","၁၇, သုမင်္ဂလာလမ်း, ကျိုက္ကဆံရပ်ကွက်, သင်္ဃန်းကျွန်း",Thingangyun,သင်္ဃန်းကျွန်း,Yangon East,ရန်ကုန်အရှေ့ပိုင်း,Yangon,ရန်ကုန်,11431.0,16.832701,96.188119,,4.3,79,,Yangon,"Name: Ko Zaw Gyi (ကိုဇော်ကြီး). Category: Car Repair Facility. House Number: 17. Address: ၁၇, သုမင်္ဂလာလမ်း, ကျိုက္ကဆံရပ်ကွက်, သင်္ဃန်းကျွန်း. Township: Thingangyun. District: Yangon East"
1845,Ko Zaw Gyi,ကိုဇော်ကြီး,Repair Facility,ပြုပြင်ရေးလုပ်ငန်း,,,Thingangyun,Thingangyun,Thingangyun,,Yangon East,ရန်ကုန်အရှေ့ပိုင်း,Yangon,ရန်ကုန်,,16.8327,96.188079,,4.5,145,,Yangon,Name: Ko Zaw Gyi (ကိုဇော်ကြီး). Category: Repair Facility. Address: Thingangyun. Township: Thingangyun. District: Yangon East
1785,Ko Zaw Lat,ကိုဇော်လတ်,Shop,အထွေထွေအမျိုးအစား,,,Thingangyun,Thingangyun,Thingangyun,,Yangon East,ရန်ကုန်အရှေ့ပိုင်း,Yangon,ရန်ကုန်,,16.822796,96.197162,,4.5,565,,Yangon,Name: Ko Zaw Lat (ကိုဇော်လတ်). Category: Shop. Address: Thingangyun. Township: Thingangyun. District: Yangon East
1092,Kone Htet,ကုံးထက်,Restaurant,စားသောက်ဆိုင်,,,Thingangyun,Thingangyun,Thingangyun,,Yangon East,ရန်ကုန်အရှေ့ပိုင်း,Yangon,ရန်ကုန်,,16.82748,96.18878,,4.2,286,,Yangon,Name: Kone Htet (ကုံးထက်). Category: Restaurant. Address: Thingangyun. Township: Thingangyun. District: Yangon East
1076,Koot Khaing,ကွတ်ခိုင်,Restaurant,စားသောက်ဆိုင်,,,Thingangyun,Thingangyun,Thingangyun,,Yangon East,ရန်ကုန်အရှေ့ပိုင်း,Yangon,ရန်ကုန်,,16.8292,96.18318,,4.6,238,,Yangon,Name: Koot Khaing (ကွတ်ခိုင်). Category: Restaurant. Address: Thingangyun. Township: Thingangyun. District: Yangon East
1000,Ku Tala Mar Ma Ka- Funeral Service,ကုသလမာမက-နာရေးကူညီထောက်ပံ့မှုအသင်း,Community Center,အထွေထွေအမျိုးအစား,,,Thingangyun,Thingangyun,Thingangyun,,Yangon East,ရန်ကုန်အရှေ့ပိုင်း,Yangon,ရန်ကုန်,,16.83105,96.204609,,4,10,,Yangon,Name: Ku Tala Mar Ma Ka- Funeral Service (ကုသလမာမက-နာရေးကူညီထောက်ပံ့မှုအသင်း). Category: Community Center. Address: Thingangyun. Township: Thingangyun. District: Yangon East
1001,Ku Tala Mar Ma Ka-Soon Laung A Thin,ကုသလမာမက-ဆွမ်းလောင်းအသင်း,Community Center,အထွေထွေအမျိုးအစား,,,Thingangyun,Thingangyun,Thingangyun,,Yangon East,ရန်ကုန်အရှေ့ပိုင်း,Yangon,ရန်ကုန်,,16.831382,96.20844,,4.1,13,,Yangon,Name: Ku Tala Mar Ma Ka-Soon Laung A Thin (ကုသလမာမက-ဆွမ်းလောင်းအသင်း). Category: Community Center. Address: Thingangyun. Township: Thingangyun. District: Yangon East
182,Kwee La Min,ကွီးလမင်,Computer Showroom,အထွေထွေအမျိုးအစား,77,77,"77 Lay Daung Kan Road, Lay Daunkan Ward, Thingangyun, Yangon","၇၇, လေးထောင့်ကန်လမ်း, လေးဒေါင့်ကန်ရပ်ကွက်, သင်္ဃန်းကျွန်း",Thingangyun,သင်္ဃန်းကျွန်း,Yangon East,ရန်ကုန်အရှေ့ပိုင်း,Yangon,ရန်ကုန်,11431.0,16.837485,96.200094,,4.2,556,,Yangon,"Name: Kwee La Min (ကွီးလမင်). Category: Computer Showroom. House Number: 77. Address: ၇၇, လေးထောင့်ကန်လမ်း, လေးဒေါင့်ကန်ရပ်ကွက်, သင်္ဃန်းကျွန်း. Township: Thingangyun. District: Yangon East"
464,Kyaikkasan Pagoda,ကျိုက၊စံစေတီ,Pagoda,ဘာသာရေးနေရာ,,,"Sa Ka Ward (TGGN), Thingangyun","Sa Ka Ward (TGGN), Thingangyun",Thingangyun,,Yangon East,ရန်ကုန်အရှေ့ပိုင်း,Yangon,ရန်ကုန်,,16.8371,96.1908,,4.4,202,,Yangon,"Name: Kyaikkasan Pagoda (ကျိုက၊စံစေတီ). Category: Pagoda. Address: Sa Ka Ward (TGGN), Thingangyun. Township: Thingangyun. District: Yangon East"
1752,Kyal Sin,ကြယ်စင်,Shop,အထွေထွေအမျိုးအစား,,,Thingangyun,Thingangyun,Thingangyun,,Yangon East,ရန်ကုန်အရှေ့ပိုင်း,Yangon,ရန်ကုန်,,16.843166,96.201078,,4.2,466,,Yangon,Name: Kyal Sin (ကြယ်စင်). Category: Shop. Address: Thingangyun. Township: Thingangyun. District: Yangon East
183,Kyal Sin,ကြယ်စင်,Electronic Shop,လျှပ်စစ်ပစ္စည်းဆိုင်,66,66,"66 Lay Daung Kan Road, Lay Daunkan Ward, Thingangyun, Yangon","၆၆, လေးထောင့်ကန်လမ်း, လေးဒေါင့်ကန်ရပ်ကွက်, သင်္ဃန်းကျွန်း",Thingangyun,သင်္ဃန်းကျွန်း,Yangon East,ရန်ကုန်အရှေ့ပိုင်း,Yangon,ရန်ကုန်,11431.0,16.838008,96.200685,,4.3,559,,Yangon,"Name: Kyal Sin (ကြယ်စင်). Category: Electronic Shop. House Number: 66. Address: ၆၆, လေးထောင့်ကန်လမ်း, လေးဒေါင့်ကန်ရပ်ကွက်, သင်္ဃန်းကျွန်း. Township: Thingangyun. District: Yangon East"
1148,Kyal Sin,ကြယ်စင်,School,ကျောင်းနှင့် တက္ကသိုလ်,,,Thingangyun,Thingangyun,Thingangyun,,Yangon East,ရန်ကုန်အရှေ့ပိုင်း,Yangon,ရန်ကုန်,,16.83998,96.201187,,4.8,454,,Yangon,Name: Kyal Sin (ကြယ်စင်). Category: School. Address: Thingangyun. Township: Thingangyun. District: Yangon East
1171,Kyal Sin,ကြယ်စင်,Car Wash,မော်တော်ယာဉ် ဆေးကြောရေး,,,Thingangyun,Thingangyun,Thingangyun,,Yangon East,ရန်ကုန်အရှေ့ပိုင်း,Yangon,ရန်ကုန်,,16.82932,96.18328,,4.1,523,,Yangon,Name: Kyal Sin (ကြယ်စင်). Category: Car Wash. Address: Thingangyun. Township: Thingangyun. District: Yangon East
465,Kyal Sin Hein,Kyal Sin Hein,Cafe,ကဖေးနှင့် လက်ဖက်ရည်ဆိုင်,,,"Ward 29 Thuwunna (TGGN), Thingangyun","Ward 29 Thuwunna (TGGN), Thingangyun",Thingangyun,,Yangon East,ရန်ကုန်အရှေ့ပိုင်း,Yangon,ရန်ကုန်,,16.8223,96.2046,,4.5,205,,Yangon,"Name: Kyal Sin Hein. Category: Cafe. Address: Ward 29 Thuwunna (TGGN), Thingangyun. Township: Thingangyun. District: Yangon East"
942,Kyal Sin Hein,ကြယ်စင်ဟိန်း,Café/Pub,ဘားနှင့် ဖျော်ဖြေရေး,,,Thingangyun,Thingangyun,Thingangyun,,Yangon East,ရန်ကုန်အရှေ့ပိုင်း,Yangon,ရန်ကုန်,,16.822396,96.204152,,4.2,436,,Yangon,Name: Kyal Sin Hein (ကြယ်စင်ဟိန်း). Category: Café/Pub. Address: Thingangyun. Township: Thingangyun. District: Yangon East
903,Kyal Sin Moe Hein,ကြယ်စင်မိုးဟိန်း,Shop,အထွေထွေအမျိုးအစား,,,Thingangyun,Thingangyun,Thingangyun,,Yangon East,ရန်ကုန်အရှေ့ပိုင်း,Yangon,ရန်ကုန်,,16.823327,96.208815,,4.3,319,,Yangon,Name: Kyal Sin Moe Hein (ကြယ်စင်မိုးဟိန်း). Category: Shop. Address: Thingangyun. Township: Thingangyun. District: Yangon East
1067,Kyal Sin Su,ကြယ်စင်စု,Restaurant,စားသောက်ဆိုင်,,,Thingangyun,Thingangyun,Thingangyun,,Yangon East,ရန်ကုန်အရှေ့ပိုင်း,Yangon,ရန်ကုန်,,16.837855,96.202113,,4.7,211,,Yangon,Name: Kyal Sin Su (ကြယ်စင်စု). Category: Restaurant. Address: Thingangyun. Township: Thingangyun. District: Yangon East
1858,Kyal Thone Lone,ကြယ်သုံးလုံး,Repair Facility,ပြုပြင်ရေးလုပ်ငန်း,,,Thingangyun,Thingangyun,Thingangyun,,Yangon East,ရန်ကုန်အရှေ့ပိုင်း,Yangon,ရန်ကုန်,,16.83794,96.18909,,4.8,184,,Yangon,Name: Kyal Thone Lone (ကြယ်သုံးလုံး). Category: Repair Facility. Address: Thingangyun. Township: Thingangyun. District: Yangon East
833,Kyal Thone Pwint,ကြယ်သုံးပွင့်,Shop,အထွေထွေအမျိုးအစား,,,Thingangyun,Thingangyun,Thingangyun,,Yangon East,ရန်ကုန်အရှေ့ပိုင်း,Yangon,ရန်ကုန်,,16.824225,96.20666,,4.3,109,,Yangon,Name: Kyal Thone Pwint (ကြယ်သုံးပွင့်). Category: Shop. Address: Thingangyun. Township: Thingangyun. District: Yangon East
184,Kyan Mar Thuka,ကျန်းမာသုခ,Clinic,ဆေးရုံနှင့် ဆေးခန်း,67,67,"67 Lay Daung Kan Road, Lay Daunkan Ward, Thingangyun, Yangon","၆၇, လေးထောင့်ကန်လမ်း, လေးဒေါင့်ကန်ရပ်ကွက်, သင်္ဃန်းကျွန်း",Thingangyun,သင်္ဃန်းကျွန်း,Yangon East,ရန်ကုန်အရှေ့ပိုင်း,Yangon,ရန်ကုန်,11431.0,16.837862,96.200566,,4.4,562,,Yangon,"Name: Kyan Mar Thuka (ကျန်းမာသုခ). Category: Clinic. House Number: 67. Address: ၆၇, လေးထောင့်ကန်လမ်း, လေးဒေါင့်ကန်ရပ်ကွက်, သင်္ဃန်းကျွန်း. Township: Thingangyun. District: Yangon East"
384,Kyar Five Khing,ကြာငါးခိုင်,Monk Robe,အထွေထွေအမျိုးအစား,1268,1268,"1268 Thitsar Road, Ward-7, South Okkalapa, Yangon","၁၂၆၈, သစ္စာလမ်း, (၇)ရပ်ကွက်, တောင်ဥက္ကလာ",South Okkalapa,awmifOuúvm,Yangon East,ရန်ကုန်အရှေ့ပိုင်း,Yangon,ရန်ကုန်,11431.0,16.818548,96.199006,,4.4,562,,Yangon,"Name: Kyar Five Khing (ကြာငါးခိုင်). Category: Monk Robe. House Number: 1268. Address: ၁၂၆၈, သစ္စာလမ်း, (၇)ရပ်ကွက်, တောင်ဥက္ကလာ. Township: South Okkalapa. District: Yangon East"
1981,Kyar Kyin Ko,ကျာကျင်ကို,Shop,အထွေထွေအမျိုးအစား,,,Thingangyun,Thingangyun,Thingangyun,,Yangon East,ရန်ကုန်အရှေ့ပိုင်း,Yangon,ရန်ကုန်,,16.835528,96.198196,,4.1,553,,Yangon,Name: Kyar Kyin Ko (ကျာကျင်ကို). Category: Shop. Address: Thingangyun. Township: Thingangyun. District: Yangon East
185,Kyar Kyin Ko,ကျာကျင်ကို,Jewelry & Gold,အထွေထွေအမျိုးအစား,52,52,"52 Lay Daung Kan Road, Lay Daunkan Ward, Thingangyun, Yangon","၅၂, လေးထောင့်ကန်လမ်း, လေးဒေါင့်ကန်ရပ်ကွက်, သင်္ဃန်းကျွန်း",Thingangyun,သင်္ဃန်းကျွန်း,Yangon East,ရန်ကုန်အရှေ့ပိုင်း,Yangon,ရန်ကုန်,11431.0,16.835543,96.198126,,4.5,565,,Yangon,"Name: Kyar Kyin Ko (ကျာကျင်ကို). Category: Jewelry & Gold. House Number: 52. Address: ၅၂, လေးထောင့်ကန်လမ်း, လေးဒေါင့်ကန်ရပ်ကွက်, သင်္ဃန်းကျွန်း. Township: Thingangyun. District: Yangon East"
707,Kyaw,ကျော်,Hospital/Polyclinic,ဆေးရုံနှင့် ဆေးခန်း,,,Thingangyun,Thingangyun,Thingangyun,,Yangon East,ရန်ကုန်အရှေ့ပိုင်း,Yangon,ရန်ကုန်,,16.845236,96.205472,,4.7,331,,Yangon,Name: Kyaw (ကျော်). Category: Hospital/Polyclinic. Address: Thingangyun. Township: Thingangyun. District: Yangon East
1323,Kyaw,ကျော်,Shop,အထွေထွေအမျိုးအစား,,,Thingangyun,Thingangyun,Thingangyun,,Yangon East,ရန်ကုန်အရှေ့ပိုင်း,Yangon,ရန်ကုန်,,16.843175,96.201166,,4.3,379,,Yangon,Name: Kyaw (ကျော်). Category: Shop. Address: Thingangyun. Township: Thingangyun. District: Yangon East
1380,Kyaw,ကျော်,Shop,အထွေထွေအမျိုးအစား,,,Thingangyun,Thingangyun,Thingangyun,,Yangon East,ရန်ကုန်အရှေ့ပိုင်း,Yangon,ရန်ကုန်,,16.83307,96.198144,,4,550,,Yangon,Name: Kyaw (ကျော်). Category: Shop. Address: Thingangyun. Township: Thingangyun. District: Yangon East
1622,Kyaw,ကျော်,Shop,အထွေထွေအမျိုးအစား,,,Thingangyun,Thingangyun,Thingangyun,,Yangon East,ရန်ကုန်အရှေ့ပိုင်း,Yangon,ရန်ကုန်,,16.835767,96.183314,,4.2,76,,Yangon,Name: Kyaw (ကျော်). Category: Shop. Address: Thingangyun. Township: Thingangyun. District: Yangon East
186,Kyaw,ကျော်,Electronic Shop,လျှပ်စစ်ပစ္စည်းဆိုင်,80,80,"80 Lay Daung Kan Road, Lay Daunkan Ward, Thingangyun, Yangon","၈၀, လေးထောင့်ကန်လမ်း, လေးဒေါင့်ကန်ရပ်ကွက်, သင်္ဃန်းကျွန်း",Thingangyun,သင်္ဃန်းကျွန်း,Yangon East,ရန်ကုန်အရှေ့ပိုင်း,Yangon,ရန်ကုန်,11431.0,16.837301,96.199931,,4.6,568,,Yangon,"Name: Kyaw (ကျော်). Category: Electronic Shop. House Number: 80. Address: ၈၀, လေးထောင့်ကန်လမ်း, လေးဒေါင့်ကန်ရပ်ကွက်, သင်္ဃန်းကျွန်း. Township: Thingangyun. District: Yangon East"
1208,Kyaw Kyar,ကျော်ကြား,Shop,အထွေထွေအမျိုးအစား,,,Thingangyun,Thingangyun,Thingangyun,,Yangon East,ရန်ကုန်အရှေ့ပိုင်း,Yangon,ရန်ကုန်,,16.829312,96.199076,,4.8,34,,Yangon,Name: Kyaw Kyar (ကျော်ကြား). Category: Shop. Address: Thingangyun. Township: Thingangyun. District: Yangon East
1209,Kyaw Kyaw Moe,ကျော်ကျော်မိုး,Shop,အထွေထွေအမျိုးအစား,,,Thingangyun,Thingangyun,Thingangyun,,Yangon East,ရန်ကုန်အရှေ့ပိုင်း,Yangon,ရန်ကုန်,,16.841858,96.203108,,4.9,37,,Yangon,Name: Kyaw Kyaw Moe (ကျော်ကျော်မိုး). Category: Shop. Address: Thingangyun. Township: Thingangyun. District: Yangon East
922,Kyaw Mobile,ကျော် မိုဘိုင်းလ်,Shop,အထွေထွေအမျိုးအစား,,,Thingangyun,Thingangyun,Thingangyun,,Yangon East,ရန်ကုန်အရှေ့ပိုင်း,Yangon,ရန်ကုန်,,16.84245,96.20455,,4.2,376,,Yangon,Name: Kyaw Mobile (ကျော် မိုဘိုင်းလ်). Category: Shop. Address: Thingangyun. Township: Thingangyun. District: Yangon East
1295,Kyaw San Lin,ကျော်စံလင်း,Shop,အထွေထွေအမျိုးအစား,,,Thingangyun,Thingangyun,Thingangyun,,Yangon East,ရန်ကုန်အရှေ့ပိုင်း,Yangon,ရန်ကုန်,,16.82935,96.18339,,4.5,295,,Yangon,Name: Kyaw San Lin (ကျော်စံလင်း). Category: Shop. Address: Thingangyun. Township: Thingangyun. District: Yangon East
341,Kyaw Swar,ကျော်စွာ,Air-con Sales & Service,ပြုပြင်ရေးလုပ်ငန်း,3-Sep,43533,"3/9 Than Thu Mar Road, Ward-24 Thuwunna, Thingangyun, Yangon","၄၃၅၃၃, သံသုမာလမ်း, သု၀ဏ္ဏ(၂၄)ရပ်ကွက်, သင်္ဃန်းကျွန်း",Thingangyun,သင်္ဃန်းကျွန်း,Yangon East,ရန်ကုန်အရှေ့ပိုင်း,Yangon,ရန်ကုန်,11431.0,16.815145,96.191796,,4.1,433,,Yangon,"Name: Kyaw Swar (ကျော်စွာ). Category: Air-con Sales & Service. House Number: 3-Sep. Address: ၄၃၅၃၃, သံသုမာလမ်း, သု၀ဏ္ဏ(၂၄)ရပ်ကွက်, သင်္ဃန်းကျွန်း. Township: Thingangyun. District: Yangon East"
802,Kyaw Swar,ကျော်စွာ,Shop,အထွေထွေအမျိုးအစား,,,Thingangyun,Thingangyun,Thingangyun,,Yangon East,ရန်ကုန်အရှေ့ပိုင်း,Yangon,ရန်ကုန်,,16.815138,96.191897,,4.2,16,,Yangon,Name: Kyaw Swar (ကျော်စွာ). Category: Shop. Address: Thingangyun. Township: Thingangyun. District: Yangon East
466,Kyaw Swar,Kyaw Swar,Store,စျေးနှင့် ကုန်စုံဆိုင်,,,"Ward 24 Thuwunna (TGGN), Thingangyun","Ward 24 Thuwunna (TGGN), Thingangyun",Thingangyun,,Yangon East,ရန်ကုန်အရှေ့ပိုင်း,Yangon,ရန်ကုန်,,16.8152,96.1918,,4.6,208,,Yangon,"Name: Kyaw Swar. Category: Store. Address: Ward 24 Thuwunna (TGGN), Thingangyun. Township: Thingangyun. District: Yangon East"
1339,Kyaw Tin,ကျော်တင်,Shop,အထွေထွေအမျိုးအစား,,,Thingangyun,Thingangyun,Thingangyun,,Yangon East,ရန်ကုန်အရှေ့ပိုင်း,Yangon,ရန်ကုန်,,16.843221,96.202074,,4.9,427,,Yangon,Name: Kyaw Tin (ကျော်တင်). Category: Shop. Address: Thingangyun. Township: Thingangyun. District: Yangon East
904,Kyawt Kyawt Shin,ကျော့ကျော့ရှင်း,Shop,အထွေထွေအမျိုးအစား,,,Thingangyun,Thingangyun,Thingangyun,,Yangon East,ရန်ကုန်အရှေ့ပိုင်း,Yangon,ရန်ကုန်,,16.817138,96.190095,,4.4,322,,Yangon,Name: Kyawt Kyawt Shin (ကျော့ကျော့ရှင်း). Category: Shop. Address: Thingangyun. Township: Thingangyun. District: Yangon East
37,Kyi,ကြည်,"Mosquito nets, blankets Shop",အထွေထွေအမျိုးအစား,296,296,"296 Ngamoeyeik 7th Street, Nga Moe Yeik Ward, Thingangyun, Yangon","၂၉၆, ငမိုးရိပ်၇လမ်း, ငမိုးရိပ်ရပ်ကွက်, သင်္ဃန်းကျွန်း",Thingangyun,သင်္ဃန်းကျွန်း,Yangon East,ရန်ကုန်အရှေ့ပိုင်း,Yangon,ရန်ကုန်,11431.0,16.843905,96.202512,,4.7,121,,Yangon,"Name: Kyi (ကြည်). Category: Mosquito nets, blankets Shop. House Number: 296. Address: ၂၉၆, ငမိုးရိပ်၇လမ်း, ငမိုးရိပ်ရပ်ကွက်, သင်္ဃန်းကျွန်း. Township: Thingangyun. District: Yangon East"
1718,Kyi Nuu Yeik,ကြည်နူးရိပ်,Shop,အထွေထွေအမျိုးအစား,,,Thingangyun,Thingangyun,Thingangyun,,Yangon East,ရန်ကုန်အရှေ့ပိုင်း,Yangon,ရန်ကုန်,,16.829839,96.184781,,4.8,364,,Yangon,Name: Kyi Nuu Yeik (ကြည်နူးရိပ်). Category: Shop. Address: Thingangyun. Township: Thingangyun. District: Yangon East
607,Kyi Pwar Yay Housing,Kyi Pwar Yay Housing,Residence,ရုံးခန်းနှင့် လူနေအိမ်ရာ,,,"Kyi Pwar Yae Ward (TGGN), Thingangyun","Kyi Pwar Yae Ward (TGGN), Thingangyun",Thingangyun,,Yangon East,ရန်ကုန်အရှေ့ပိုင်း,Yangon,ရန်ကုန်,,16.8403,96.2082,,4.7,31,,Yangon,"Name: Kyi Pwar Yay Housing. Category: Residence. Address: Kyi Pwar Yae Ward (TGGN), Thingangyun. Township: Thingangyun. District: Yangon East"
1902,Kyike Ka San Dama Piya Tharthana Yake Thar,ကျိုက္ကစံ ဓမ္မပီယ သာသနာ့ရိပ်သာ,Place of Worship,ဘာသာရေးနေရာ,,,Thingangyun,Thingangyun,Thingangyun,,Yangon East,ရန်ကုန်အရှေ့ပိုင်း,Yangon,ရန်ကုန်,,16.833233,96.187746,,4.2,316,,Yangon,Name: Kyike Ka San Dama Piya Tharthana Yake Thar (ကျိုက္ကစံ ဓမ္မပီယ သာသနာ့ရိပ်သာ). Category: Place of Worship. Address: Thingangyun. Township: Thingangyun. District: Yangon East
1903,Kyike Kasan Pahtama Shwe Kyoung Tike,ကျိုက္ကစံ ပဋ္ဌမ ရွှေကျင်တိုက်,Place of Worship,ဘာသာရေးနေရာ,,,Thingangyun,Thingangyun,Thingangyun,,Yangon East,ရန်ကုန်အရှေ့ပိုင်း,Yangon,ရန်ကုန်,,16.83738,96.188148,,4.3,319,,Yangon,Name: Kyike Kasan Pahtama Shwe Kyoung Tike (ကျိုက္ကစံ ပဋ္ဌမ ရွှေကျင်တိုက်). Category: Place of Worship. Address: Thingangyun. Township: Thingangyun. District: Yangon East
1884,Kyin Hone,ကျင်ဟုန်,Restaurant,စားသောက်ဆိုင်,,,Thingangyun,Thingangyun,Thingangyun,,Yangon East,ရန်ကုန်အရှေ့ပိုင်း,Yangon,ရန်ကုန်,,16.833604,96.177263,,4.4,262,,Yangon,Name: Kyin Hone (ကျင်ဟုန်). Category: Restaurant. Address: Thingangyun. Township: Thingangyun. District: Yangon East
1904,Kyite Kasan San Taw Shin Pagoda,ကျိုက္ကစံဆံတော်စေတီတော်,Place of Worship,ဘာသာရေးနေရာ,,,Thingangyun,Thingangyun,Thingangyun,,Yangon East,ရန်ကုန်အရှေ့ပိုင်း,Yangon,ရန်ကုန်,,16.837413,96.190794,,4.4,322,,Yangon,Name: Kyite Kasan San Taw Shin Pagoda (ကျိုက္ကစံဆံတော်စေတီတော်). Category: Place of Worship. Address: Thingangyun. Township: Thingangyun. District: Yangon East
1039,L.C.M,အယ်.စီ.အမ်,Repair Facility,ပြုပြင်ရေးလုပ်ငန်း,,,Thingangyun,Thingangyun,Thingangyun,,Yangon East,ရန်ကုန်အရှေ့ပိုင်း,Yangon,ရန်ကုန်,,16.839567,96.207283,,4.9,127,,Yangon,Name: L.C.M (အယ်.စီ.အမ်). Category: Repair Facility. Address: Thingangyun. Township: Thingangyun. District: Yangon East
752,LG,အယ်လ်ဂျီ,Company,ရုံးခန်းနှင့် လူနေအိမ်ရာ,,,Thingangyun,Thingangyun,Thingangyun,,Yangon East,ရန်ကုန်အရှေ့ပိုင်း,Yangon,ရန်ကုန်,,16.817994,96.198236,,4.2,466,,Yangon,Name: LG (အယ်လ်ဂျီ). Category: Company. Address: Thingangyun. Township: Thingangyun. District: Yangon East
1933,LOOK,လွတ်(ခ်),Company,ရုံးခန်းနှင့် လူနေအိမ်ရာ,,,Thingangyun,Thingangyun,Thingangyun,,Yangon East,ရန်ကုန်အရှေ့ပိုင်း,Yangon,ရန်ကုန်,,16.84133,96.196215,,4.3,409,,Yangon,Name: LOOK (လွတ်(ခ်)). Category: Company. Address: Thingangyun. Township: Thingangyun. District: Yangon East
1514,La La Lah,လာလာလား,Restaurant,စားသောက်ဆိုင်,,,Thingangyun,Thingangyun,Thingangyun,,Yangon East,ရန်ကုန်အရှေ့ပိုင်း,Yangon,ရန်ကုန်,,16.835199,96.181748,,4.4,352,,Yangon,Name: La La Lah (လာလာလား). Category: Restaurant. Address: Thingangyun. Township: Thingangyun. District: Yangon East
1340,La Min,လမင်း,Shop,အထွေထွေအမျိုးအစား,,,Thingangyun,Thingangyun,Thingangyun,,Yangon East,ရန်ကုန်အရှေ့ပိုင်း,Yangon,ရန်ကုန်,,16.842001,96.200633,,4,430,,Yangon,Name: La Min (လမင်း). Category: Shop. Address: Thingangyun. Township: Thingangyun. District: Yangon East
905,La Min Eain,လမင်းအိမ်,Shop,အထွေထွေအမျိုးအစား,,,Thingangyun,Thingangyun,Thingangyun,,Yangon East,ရန်ကုန်အရှေ့ပိုင်း,Yangon,ရန်ကုန်,,16.826234,96.208891,,4.5,325,,Yangon,Name: La Min Eain (လမင်းအိမ်). Category: Shop. Address: Thingangyun. Township: Thingangyun. District: Yangon East
1806,La Min Thar,လမင်းသာ,Café/Pub,ဘားနှင့် ဖျော်ဖြေရေး,,,Thingangyun,Thingangyun,Thingangyun,,Yangon East,ရန်ကုန်အရှေ့ပိုင်း,Yangon,ရန်ကုန်,,16.828935,96.207291,,4.6,28,,Yangon,Name: La Min Thar (လမင်းသာ). Category: Café/Pub. Address: Thingangyun. Township: Thingangyun. District: Yangon East
1724,La Min Thit,လမင်းသစ်,Shop,အထွေထွေအမျိုးအစား,,,Thingangyun,Thingangyun,Thingangyun,,Yangon East,ရန်ကုန်အရှေ့ပိုင်း,Yangon,ရန်ကုန်,,16.827706,96.197204,,4.4,382,,Yangon,Name: La Min Thit (လမင်းသစ်). Category: Shop. Address: Thingangyun. Township: Thingangyun. District: Yangon East
1416,La Pyae,လပြည့်,Shop,အထွေထွေအမျိုးအစား,,,Thingangyun,Thingangyun,Thingangyun,,Yangon East,ရန်ကုန်အရှေ့ပိုင်း,Yangon,ရန်ကုန်,,16.832577,96.200168,,4.6,58,,Yangon,Name: La Pyae (လပြည့်). Category: Shop. Address: Thingangyun. Township: Thingangyun. District: Yangon East
1341,La Pyae,လပြည့်,Shop,အထွေထွေအမျိုးအစား,,,Thingangyun,Thingangyun,Thingangyun,,Yangon East,ရန်ကုန်အရှေ့ပိုင်း,Yangon,ရန်ကုန်,,16.842723,96.201016,,4.1,433,,Yangon,Name: La Pyae (လပြည့်). Category: Shop. Address: Thingangyun. Township: Thingangyun. District: Yangon East
869,La Pyae Wun,လပြည့်၀န်း,Shop,အထွေထွေအမျိုးအစား,,,Thingangyun,Thingangyun,Thingangyun,,Yangon East,ရန်ကုန်အရှေ့ပိုင်း,Yangon,ရန်ကုန်,,16.840971,96.203747,,4.9,217,,Yangon,Name: La Pyae Wun (လပြည့်၀န်း). Category: Shop. Address: Thingangyun. Township: Thingangyun. District: Yangon East
1286,La Won Yeik,လ၀န်းရိပ်,Shop,အထွေထွေအမျိုးအစား,,,Thingangyun,Thingangyun,Thingangyun,,Yangon East,ရန်ကုန်အရှေ့ပိုင်း,Yangon,ရန်ကုန်,,16.836278,96.200921,,4.6,268,,Yangon,Name: La Won Yeik (လ၀န်းရိပ်). Category: Shop. Address: Thingangyun. Township: Thingangyun. District: Yangon East
1086,La Yaung Cho,လရောင်ချို,Restaurant,စားသောက်ဆိုင်,,,Thingangyun,Thingangyun,Thingangyun,,Yangon East,ရန်ကုန်အရှေ့ပိုင်း,Yangon,ရန်ကုန်,,16.829224,96.20099,,4.6,268,,Yangon,Name: La Yaung Cho (လရောင်ချို). Category: Restaurant. Address: Thingangyun. Township: Thingangyun. District: Yangon East
187,La Yin Yaung,အလင်းရောင်,Photo & Video Services,ပြုပြင်ရေးလုပ်ငန်း,78,78,"78 Lay Daung Kan Road, Lay Daunkan Ward, Thingangyun, Yangon","၇၈, လေးထောင့်ကန်လမ်း, လေးဒေါင့်ကန်ရပ်ကွက်, သင်္ဃန်းကျွန်း",Thingangyun,သင်္ဃန်းကျွန်း,Yangon East,ရန်ကုန်အရှေ့ပိုင်း,Yangon,ရန်ကုန်,11431.0,16.83744,96.200048,,4.7,571,,Yangon,"Name: La Yin Yaung (အလင်းရောင်). Category: Photo & Video Services. House Number: 78. Address: ၇၈, လေးထောင့်ကန်လမ်း, လေးဒေါင့်ကန်ရပ်ကွက်, သင်္ဃန်းကျွန်း. Township: Thingangyun. District: Yangon East"
1678,Lady,လေဒီ,Shop,အထွေထွေအမျိုးအစား,,,Thingangyun,Thingangyun,Thingangyun,,Yangon East,ရန်ကုန်အရှေ့ပိုင်း,Yangon,ရန်ကုန်,,16.827124,96.207464,,4.8,244,,Yangon,Name: Lady (လေဒီ). Category: Shop. Address: Thingangyun. Township: Thingangyun. District: Yangon East
51,Lamin Thar,လမင်းသာ,Photocopy,အထွေထွေအမျိုးအစား,31,31,"31 Than Thu Mar Road, Bawa Myint Ward, Thingangyun, Yangon","၃၁, သံသုမာလမ်း, ဘ၀မြင့်ရပ်ကွက်, သင်္ဃန်းကျွန်း",Thingangyun,သင်္ဃန်းကျွန်း,Yangon East,ရန်ကုန်အရှေ့ပိုင်း,Yangon,ရန်ကုန်,11431.0,16.845223,96.201477,,4.1,163,,Yangon,"Name: Lamin Thar (လမင်းသာ). Category: Photocopy. House Number: 31. Address: ၃၁, သံသုမာလမ်း, ဘ၀မြင့်ရပ်ကွက်, သင်္ဃန်းကျွန်း. Township: Thingangyun. District: Yangon East"
711,Laser Care,လေဆာကဲလ်,Hospital/Polyclinic,ဆေးရုံနှင့် ဆေးခန်း,,,Thingangyun,Thingangyun,Thingangyun,,Yangon East,ရန်ကုန်အရှေ့ပိုင်း,Yangon,ရန်ကုန်,,16.825238,96.181061,,4.1,343,,Yangon,Name: Laser Care (လေဆာကဲလ်). Category: Hospital/Polyclinic. Address: Thingangyun. Township: Thingangyun. District: Yangon East
366,Lass,လက်,Beauty Salon,အလှပြင်နှင့် အပ်ချုပ်ဆိုင်,204/8,204^8,"204/8 Than Thu Mar Road, Ward-25 Thuwunna, Thingangyun, Yangon","၂၀၄^၈, သံသုမာလမ်း, သု၀ဏ္ဏ(၂၅)ရပ်ကွက်, သင်္ဃန်းကျွန်း",Thingangyun,သင်္ဃန်းကျွန်း,Yangon East,ရန်ကုန်အရှေ့ပိုင်း,Yangon,ရန်ကုန်,11431.0,16.822884,96.204876,,4.6,508,,Yangon,"Name: Lass (လက်). Category: Beauty Salon. House Number: 204/8. Address: ၂၀၄^၈, သံသုမာလမ်း, သု၀ဏ္ဏ(၂၅)ရပ်ကွက်, သင်္ဃန်းကျွန်း. Township: Thingangyun. District: Yangon East"
608,Lass,Lass,Shop,အထွေထွေအမျိုးအစား,,,"Ward 29 Thuwunna (TGGN), Thingangyun","Ward 29 Thuwunna (TGGN), Thingangyun",Thingangyun,,Yangon East,ရန်ကုန်အရှေ့ပိုင်း,Yangon,ရန်ကုန်,,16.8227,96.2051,,4.8,34,,Yangon,"Name: Lass. Category: Shop. Address: Ward 29 Thuwunna (TGGN), Thingangyun. Township: Thingangyun. District: Yangon East"
1807,Lat Point,လာဘ်ပွိုင့်,Café/Pub,ဘားနှင့် ဖျော်ဖြေရေး,,,Thingangyun,Thingangyun,Thingangyun,,Yangon East,ရန်ကုန်အရှေ့ပိုင်း,Yangon,ရန်ကုန်,,16.826147,96.206656,,4.7,31,,Yangon,Name: Lat Point (လာဘ်ပွိုင့်). Category: Café/Pub. Address: Thingangyun. Township: Thingangyun. District: Yangon East
1679,Lat Yay Pan Chi,လက်ရေးပန်းချီ,Shop,အထွေထွေအမျိုးအစား,,,Thingangyun,Thingangyun,Thingangyun,,Yangon East,ရန်ကုန်အရှေ့ပိုင်း,Yangon,ရန်ကုန်,,16.829039,96.202277,,4.9,247,,Yangon,Name: Lat Yay Pan Chi (လက်ရေးပန်းချီ). Category: Shop. Address: Thingangyun. Township: Thingangyun. District: Yangon East
1968,Lavender,လာဗင်ဒါ,Shop,အထွေထွေအမျိုးအစား,,,Thingangyun,Thingangyun,Thingangyun,,Yangon East,ရန်ကုန်အရှေ့ပိုင်း,Yangon,ရန်ကုန်,,16.835752,96.197714,,4.8,514,,Yangon,Name: Lavender (လာဗင်ဒါ). Category: Shop. Address: Thingangyun. Township: Thingangyun. District: Yangon East
1141,Lay Daunt Kan Ward Council,လေးထောင့်ကန်ရပ်ကွက်အုပ်ချုပ်ရေးမှူးရုံး,Government Office,ရုံးခန်းနှင့် လူနေအိမ်ရာ,,,Thingangyun,Thingangyun,Thingangyun,,Yangon East,ရန်ကုန်အရှေ့ပိုင်း,Yangon,ရန်ကုန်,,16.836184,96.200886,,4.1,433,,Yangon,Name: Lay Daunt Kan Ward Council (လေးထောင့်ကန်ရပ်ကွက်အုပ်ချုပ်ရေးမှူးရုံး). Category: Government Office. Address: Thingangyun. Township: Thingangyun. District: Yangon East
1040,Lay Pyay,လေပြေ,Repair Facility,ပြုပြင်ရေးလုပ်ငန်း,,,Thingangyun,Thingangyun,Thingangyun,,Yangon East,ရန်ကုန်အရှေ့ပိုင်း,Yangon,ရန်ကုန်,,16.842026,96.203035,,4,130,,Yangon,Name: Lay Pyay (လေပြေ). Category: Repair Facility. Address: Thingangyun. Township: Thingangyun. District: Yangon East
467,Laydaunugkan Market,Laydaunugkan Market,Market,စျေးနှင့် ကုန်စုံဆိုင်,,,"Lay Daunkan Ward (TGGN), Thingangyun","Lay Daunkan Ward (TGGN), Thingangyun",Thingangyun,,Yangon East,ရန်ကုန်အရှေ့ပိုင်း,Yangon,ရန်ကုန်,,16.8369,96.2002,,4.7,211,,Yangon,"Name: Laydaunugkan Market. Category: Market. Address: Lay Daunkan Ward (TGGN), Thingangyun. Township: Thingangyun. District: Yangon East"
2007,Len Sen,လန်းဆန်း,Shop,အထွေထွေအမျိုးအစား,,,Thingangyun,Thingangyun,Thingangyun,,Yangon East,ရန်ကုန်အရှေ့ပိုင်း,Yangon,ရန်ကုန်,,16.840816,96.195694,,4.7,31,,Yangon,Name: Len Sen (လန်းဆန်း). Category: Shop. Address: Thingangyun. Township: Thingangyun. District: Yangon East
468,Level Up,Level Up,Cafe,ကဖေးနှင့် လက်ဖက်ရည်ဆိုင်,,,"Ward 29 Thuwunna (TGGN), Thingangyun","Ward 29 Thuwunna (TGGN), Thingangyun",Thingangyun,,Yangon East,ရန်ကုန်အရှေ့ပိုင်း,Yangon,ရန်ကုန်,,16.8226,96.205,,4.8,214,,Yangon,"Name: Level Up. Category: Cafe. Address: Ward 29 Thuwunna (TGGN), Thingangyun. Township: Thingangyun. District: Yangon East"
906,Life & Beauty,လိုက်ဖ်အန်ဗျူးတီး,Shop,အထွေထွေအမျိုးအစား,,,Thingangyun,Thingangyun,Thingangyun,,Yangon East,ရန်ကုန်အရှေ့ပိုင်း,Yangon,ရန်ကုန်,,16.816509,96.195057,,4.6,328,,Yangon,Name: Life & Beauty (လိုက်ဖ်အန်ဗျူးတီး). Category: Shop. Address: Thingangyun. Township: Thingangyun. District: Yangon East
342,Life & Beauty,လိုက်နှင့်ဗူးတီး,Beauty Salon,အလှပြင်နှင့် အပ်ချုပ်ဆိုင်,163,163,"163 Than Thu Mar Road, Ward-24 Thuwunna, Thingangyun, Yangon","၁၆၃, သံသုမာလမ်း, သု၀ဏ္ဏ(၂၄)ရပ်ကွက်, သင်္ဃန်းကျွန်း",Thingangyun,သင်္ဃန်းကျွန်း,Yangon East,ရန်ကုန်အရှေ့ပိုင်း,Yangon,ရန်ကုန်,11431.0,16.816492,96.195081,,4.2,436,,Yangon,"Name: Life & Beauty (လိုက်နှင့်ဗူးတီး). Category: Beauty Salon. House Number: 163. Address: ၁၆၃, သံသုမာလမ်း, သု၀ဏ္ဏ(၂၄)ရပ်ကွက်, သင်္ဃန်းကျွန်း. Township: Thingangyun. District: Yangon East"
55,Lin,လင်း,Photocopy,အထွေထွေအမျိုးအစား,28,28,"28 Than Thu Mar Road, Bawa Myint Ward, Thingangyun, Yangon","၂၈, သံသုမာလမ်း, ဘ၀မြင့်ရပ်ကွက်, သင်္ဃန်းကျွန်း",Thingangyun,သင်္ဃန်းကျွန်း,Yangon East,ရန်ကုန်အရှေ့ပိုင်း,Yangon,ရန်ကုန်,11431.0,16.845368,96.201306,,4.5,175,,Yangon,"Name: Lin (လင်း). Category: Photocopy. House Number: 28. Address: ၂၈, သံသုမာလမ်း, ဘ၀မြင့်ရပ်ကွက်, သင်္ဃန်းကျွန်း. Township: Thingangyun. District: Yangon East"
609,Lin Akari,Lin Akari,Shop,အထွေထွေအမျိုးအစား,,,"Ward 29 Thuwunna (TGGN), Thingangyun","Ward 29 Thuwunna (TGGN), Thingangyun",Thingangyun,,Yangon East,ရန်ကုန်အရှေ့ပိုင်း,Yangon,ရန်ကုန်,,16.824,96.2063,,4.9,37,,Yangon,"Name: Lin Akari. Category: Shop. Address: Ward 29 Thuwunna (TGGN), Thingangyun. Township: Thingangyun. District: Yangon East"
1725,Lin Lae Kyal,လင်းလဲ့ကြယ်,Shop,အထွေထွေအမျိုးအစား,,,Thingangyun,Thingangyun,Thingangyun,,Yangon East,ရန်ကုန်အရှေ့ပိုင်း,Yangon,ရန်ကုန်,,16.843219,96.200684,,4.5,385,,Yangon,Name: Lin Lae Kyal (လင်းလဲ့ကြယ်). Category: Shop. Address: Thingangyun. Township: Thingangyun. District: Yangon East
1114,Lin Lat,လင်းလက်,Hospital/Polyclinic,ဆေးရုံနှင့် ဆေးခန်း,,,Thingangyun,Thingangyun,Thingangyun,,Yangon East,ရန်ကုန်အရှေ့ပိုင်း,Yangon,ရန်ကုန်,,16.82512,96.196696,,4.4,352,,Yangon,Name: Lin Lat (လင်းလက်). Category: Hospital/Polyclinic. Address: Thingangyun. Township: Thingangyun. District: Yangon East
652,Lin Lat Kyal,လင်းလက်ကြယ်,Repair Facility,ပြုပြင်ရေးလုပ်ငန်း,,,Thingangyun,Thingangyun,Thingangyun,,Yangon East,ရန်ကုန်အရှေ့ပိုင်း,Yangon,ရန်ကုန်,,16.823731,96.210913,,4.2,166,,Yangon,Name: Lin Lat Kyal (လင်းလက်ကြယ်). Category: Repair Facility. Address: Thingangyun. Township: Thingangyun. District: Yangon East
270,Lin Latt,လင်းလက်,Dental Clinic,ဆေးရုံနှင့် ဆေးခန်း,880,880,"880 Lay Daung Kan Road, Nga Moe Yeik Ward, Thingangyun, Yangon","၈၈၀, လေးထောင့်ကန်လမ်း, ငမိုးရိပ်ရပ်ကွက်, သင်္ဃန်းကျွန်း",Thingangyun,သင်္ဃန်းကျွန်း,Yangon East,ရန်ကုန်အရှေ့ပိုင်း,Yangon,ရန်ကုန်,11431.0,16.838654,96.200733,,4,220,,Yangon,"Name: Lin Latt (လင်းလက်). Category: Dental Clinic. House Number: 880. Address: ၈၈၀, လေးထောင့်ကန်လမ်း, ငမိုးရိပ်ရပ်ကွက်, သင်္ဃန်းကျွန်း. Township: Thingangyun. District: Yangon East"
1951,Lin Myat Mhan,လင်းမျက်မှန်,Shop,အထွေထွေအမျိုးအစား,,,Thingangyun,Thingangyun,Thingangyun,,Yangon East,ရန်ကုန်အရှေ့ပိုင်း,Yangon,ရန်ကုန်,,16.841711,96.204529,,4.1,463,,Yangon,Name: Lin Myat Mhan (လင်းမျက်မှန်). Category: Shop. Address: Thingangyun. Township: Thingangyun. District: Yangon East
943,Lin Yaung Chi,လင်းရောင်ခြည်,Café/Pub,ဘားနှင့် ဖျော်ဖြေရေး,,,Thingangyun,Thingangyun,Thingangyun,,Yangon East,ရန်ကုန်အရှေ့ပိုင်း,Yangon,ရန်ကုန်,,16.826843,96.187448,,4.3,439,,Yangon,Name: Lin Yaung Chi (လင်းရောင်ခြည်). Category: Café/Pub. Address: Thingangyun. Township: Thingangyun. District: Yangon East
1417,Lin Yaung Chi,လင်းရောင်ခြည်,Shop,အထွေထွေအမျိုးအစား,,,Thingangyun,Thingangyun,Thingangyun,,Yangon East,ရန်ကုန်အရှေ့ပိုင်း,Yangon,ရန်ကုန်,,16.822776,96.197156,,4.7,61,,Yangon,Name: Lin Yaung Chi (လင်းရောင်ခြည်). Category: Shop. Address: Thingangyun. Township: Thingangyun. District: Yangon East
1753,Lin Yaung Oo,လင်းရောင်ဦး,Shop,အထွေထွေအမျိုးအစား,,,Thingangyun,Thingangyun,Thingangyun,,Yangon East,ရန်ကုန်အရှေ့ပိုင်း,Yangon,ရန်ကုန်,,16.839966,96.200377,,4.3,469,,Yangon,Name: Lin Yaung Oo (လင်းရောင်ဦး). Category: Shop. Address: Thingangyun. Township: Thingangyun. District: Yangon East
271,Lin Yaung Shein,လင်းရောင်ရှိန်,Electronic Shop,လျှပ်စစ်ပစ္စည်းဆိုင်,901,901,"901 Lay Daung Kan Road, Nga Moe Yeik Ward, Thingangyun, Yangon","၉၀၁, လေးထောင့်ကန်လမ်း, ငမိုးရိပ်ရပ်ကွက်, သင်္ဃန်းကျွန်း",Thingangyun,သင်္ဃန်းကျွန်း,Yangon East,ရန်ကုန်အရှေ့ပိုင်း,Yangon,ရန်ကုန်,11431.0,16.839761,96.20187,,4.1,223,,Yangon,"Name: Lin Yaung Shein (လင်းရောင်ရှိန်). Category: Electronic Shop. House Number: 901. Address: ၉၀၁, လေးထောင့်ကန်လမ်း, ငမိုးရိပ်ရပ်ကွက်, သင်္ဃန်းကျွန်း. Township: Thingangyun. District: Yangon East"
272,Lin Yaung Shine,လင်းရောင်ရှိန်,Construction Material,ဆောက်လုပ်ရေးနှင့် ဟာ့ဒ်ဝဲ,902,902,"902 Lay Daung Kan Road, Nga Moe Yeik Ward, Thingangyun, Yangon","၉၀၂, လေးထောင့်ကန်လမ်း, ငမိုးရိပ်ရပ်ကွက်, သင်္ဃန်းကျွန်း",Thingangyun,သင်္ဃန်းကျွန်း,Yangon East,ရန်ကုန်အရှေ့ပိုင်း,Yangon,ရန်ကုန်,11431.0,16.83981,96.201918,,4.2,226,,Yangon,"Name: Lin Yaung Shine (လင်းရောင်ရှိန်). Category: Construction Material. House Number: 902. Address: ၉၀၂, လေးထောင့်ကန်လမ်း, ငမိုးရိပ်ရပ်ကွက်, သင်္ဃန်းကျွန်း. Township: Thingangyun. District: Yangon East"
1068,Linn,လင်း,Restaurant,စားသောက်ဆိုင်,,,Thingangyun,Thingangyun,Thingangyun,,Yangon East,ရန်ကုန်အရှေ့ပိုင်း,Yangon,ရန်ကုန်,,16.82692,96.19081,,4.8,214,,Yangon,Name: Linn (လင်း). Category: Restaurant. Address: Thingangyun. Township: Thingangyun. District: Yangon East
1105,Linn,လင်း,Hospital/Polyclinic,ဆေးရုံနှင့် ဆေးခန်း,,,Thingangyun,Thingangyun,Thingangyun,,Yangon East,ရန်ကုန်အရှေ့ပိုင်း,Yangon,ရန်ကုန်,,16.83474,96.207547,,4.5,325,,Yangon,Name: Linn (လင်း). Category: Hospital/Polyclinic. Address: Thingangyun. Township: Thingangyun. District: Yangon East
1531,Little Gems,လစ်တယ်လ်ဂျမ်စ်,School,ကျောင်းနှင့် တက္ကသိုလ်,,,Thingangyun,Thingangyun,Thingangyun,,Yangon East,ရန်ကုန်အရှေ့ပိုင်း,Yangon,ရန်ကုန်,,16.832878,96.181459,,4.1,403,,Yangon,Name: Little Gems (လစ်တယ်လ်ဂျမ်စ်). Category: School. Address: Thingangyun. Township: Thingangyun. District: Yangon East
1398,Lo Ta Ya,လိုတရ,Shop,အထွေထွေအမျိုးအစား,,,Thingangyun,Thingangyun,Thingangyun,,Yangon East,ရန်ကုန်အရှေ့ပိုင်း,Yangon,ရန်ကုန်,,16.842689,96.199801,,4.8,604,,Yangon,Name: Lo Ta Ya (လိုတရ). Category: Shop. Address: Thingangyun. Township: Thingangyun. District: Yangon East
469,Local Resource Centre,Local Resource Centre,Office Building,ရုံးခန်းနှင့် လူနေအိမ်ရာ,,,"Ka Ward (TGGN), Thingangyun","Ka Ward (TGGN), Thingangyun",Thingangyun,,Yangon East,ရန်ကုန်အရှေ့ပိုင်း,Yangon,ရန်ကုန်,,16.8235,96.2008,,4.9,217,,Yangon,"Name: Local Resource Centre. Category: Office Building. Address: Ka Ward (TGGN), Thingangyun. Township: Thingangyun. District: Yangon East"
701,Loi Swan,လွိုင်ဆွမ်,Restaurant,စားသောက်ဆိုင်,,,Thingangyun,Thingangyun,Thingangyun,,Yangon East,ရန်ကုန်အရှေ့ပိုင်း,Yangon,ရန်ကုန်,,16.826495,96.207301,,4.1,313,,Yangon,Name: Loi Swan (လွိုင်ဆွမ်). Category: Restaurant. Address: Thingangyun. Township: Thingangyun. District: Yangon East
1923,"Long Life Aggregate Mining Co., Ltd.",လောင်းလိုက်(ဖ်)အဂရီဂိတ်တက်မိုင်းနင်းကုမ္ပဏီလီမီတက်,Company,ရုံးခန်းနှင့် လူနေအိမ်ရာ,,,Thingangyun,Thingangyun,Thingangyun,,Yangon East,ရန်ကုန်အရှေ့ပိုင်း,Yangon,ရန်ကုန်,,16.843752,96.198934,,4.3,379,,Yangon,"Name: Long Life Aggregate Mining Co., Ltd. (လောင်းလိုက်(ဖ်)အဂရီဂိတ်တက်မိုင်းနင်းကုမ္ပဏီလီမီတက်). Category: Company. Address: Thingangyun. Township: Thingangyun. District: Yangon East"
101,"Long Life Aggregate Mining Companies., Ltd.",လောင်းလိုက်ဖ်,Company,ရုံးခန်းနှင့် လူနေအိမ်ရာ,8,8,"8 Yadanar Road, Bawa Myint Ward, Thingangyun, Yangon","၈, ရတနာလမ်း, ဘ၀မြင့်ရပ်ကွက်, သင်္ဃန်းကျွန်း",Thingangyun,သင်္ဃန်းကျွန်း,Yangon East,ရန်ကုန်အရှေ့ပိုင်း,Yangon,ရန်ကုန်,11431.0,16.843753,96.198921,,4.1,313,,Yangon,"Name: Long Life Aggregate Mining Companies., Ltd. (လောင်းလိုက်ဖ်). Category: Company. House Number: 8. Address: ၈, ရတနာလမ်း, ဘ၀မြင့်ရပ်ကွက်, သင်္ဃန်းကျွန်း. Township: Thingangyun. District: Yangon East"
1418,Lovely Son,လပ်ဗ်လီဆန်း,Shop,အထွေထွေအမျိုးအစား,,,Thingangyun,Thingangyun,Thingangyun,,Yangon East,ရန်ကုန်အရှေ့ပိုင်း,Yangon,ရန်ကုန်,,16.827789,96.197212,,4.8,64,,Yangon,Name: Lovely Son (လပ်ဗ်လီဆန်း). Category: Shop. Address: Thingangyun. Township: Thingangyun. District: Yangon East
12,Lu Gyi Min,လူကြီးမင်း,Mobile Phone Shop,ဖုန်းနှင့် ဆက်စပ်ပစ္စည်း,294,294,"294 Bagayar Road, May Ni Kone (South) Ward, Sanchaung, Yangon","၂၉၄, ဗားကရာလမ်း, မြေနီကုန်းတောင်ရပ်ကွက်, စမ်းချောင်း",Sanchaung,စမ်းချောင်း,Yangon East,ရန်ကုန်အရှေ့ပိုင်း,Yangon,ရန်ကုန်,11431.0,16.826185,96.186866,,4.2,46,,Yangon,"Name: Lu Gyi Min (လူကြီးမင်း). Category: Mobile Phone Shop. House Number: 294. Address: ၂၉၄, ဗားကရာလမ်း, မြေနီကုန်းတောင်ရပ်ကွက်, စမ်းချောင်း. Township: Sanchaung. District: Yangon East"
870,Lucky,လပ်ကီး,Shop,အထွေထွေအမျိုးအစား,,,Thingangyun,Thingangyun,Thingangyun,,Yangon East,ရန်ကုန်အရှေ့ပိုင်း,Yangon,ရန်ကုန်,,16.823876,96.208084,,4,220,,Yangon,Name: Lucky (လပ်ကီး). Category: Shop. Address: Thingangyun. Township: Thingangyun. District: Yangon East
669,Lucky Day,လပ်ကီးဒေး,Hotel/Motel,ဟိုတယ်နှင့် တည်းခိုခန်း,,,Thingangyun,Thingangyun,Thingangyun,,Yangon East,ရန်ကုန်အရှေ့ပိုင်း,Yangon,ရန်ကုန်,,16.828252,96.189096,,4.9,217,,Yangon,Name: Lucky Day (လပ်ကီးဒေး). Category: Hotel/Motel. Address: Thingangyun. Township: Thingangyun. District: Yangon East
385,Lucky Rose,လက်ကီးရို့,Restaurant (Beer Pub),ဘားနှင့် ဖျော်ဖြေရေး,7,7,"7 Than Thu Mar Road, Ward-29 Thuwunna, Thingangyun, Yangon","၇, သံသုမာလမ်း, သု၀ဏ္ဏ(၂၉)ရပ်ကွက်, သင်္ဃန်းကျွန်း",Thingangyun,သင်္ဃန်းကျွန်း,Yangon East,ရန်ကုန်အရှေ့ပိုင်း,Yangon,ရန်ကုန်,11431.0,16.819366,96.200276,,4.5,565,,Yangon,"Name: Lucky Rose (လက်ကီးရို့). Category: Restaurant (Beer Pub). House Number: 7. Address: ၇, သံသုမာလမ်း, သု၀ဏ္ဏ(၂၉)ရပ်ကွက်, သင်္ဃန်းကျွန်း. Township: Thingangyun. District: Yangon East"
1210,Lucky Sky,လက်ကီးစကိုင်း,Shop,အထွေထွေအမျိုးအစား,,,Thingangyun,Thingangyun,Thingangyun,,Yangon East,ရန်ကုန်အရှေ့ပိုင်း,Yangon,ရန်ကုန်,,16.836901,96.207843,,4,40,,Yangon,Name: Lucky Sky (လက်ကီးစကိုင်း). Category: Shop. Address: Thingangyun. Township: Thingangyun. District: Yangon East
188,Lucky Star,လက်ကီးစတား,Café,ကဖေးနှင့် လက်ဖက်ရည်ဆိုင်,54,54,"54 Lay Daung Kan Road, Lay Daunkan Ward, Thingangyun, Yangon","၅၄, လေးထောင့်ကန်လမ်း, လေးဒေါင့်ကန်ရပ်ကွက်, သင်္ဃန်းကျွန်း",Thingangyun,သင်္ဃန်းကျွန်း,Yangon East,ရန်ကုန်အရှေ့ပိုင်း,Yangon,ရန်ကုန်,11431.0,16.838742,96.201422,,4.8,574,,Yangon,"Name: Lucky Star (လက်ကီးစတား). Category: Café. House Number: 54. Address: ၅၄, လေးထောင့်ကန်လမ်း, လေးဒေါင့်ကန်ရပ်ကွက်, သင်္ဃန်းကျွန်း. Township: Thingangyun. District: Yangon East"
944,Lucky Star,လက်ကီးစတား,Café/Pub,ဘားနှင့် ဖျော်ဖြေရေး,,,Thingangyun,Thingangyun,Thingangyun,,Yangon East,ရန်ကုန်အရှေ့ပိုင်း,Yangon,ရန်ကုန်,,16.838689,96.201464,,4.4,442,,Yangon,Name: Lucky Star (လက်ကီးစတား). Category: Café/Pub. Address: Thingangyun. Township: Thingangyun. District: Yangon East
1041,Lucky Star,လပ်ကီးစတား,Repair Facility,ပြုပြင်ရေးလုပ်ငန်း,,,Thingangyun,Thingangyun,Thingangyun,,Yangon East,ရန်ကုန်အရှေ့ပိုင်း,Yangon,ရန်ကုန်,,16.84351,96.202075,,4.1,133,,Yangon,Name: Lucky Star (လပ်ကီးစတား). Category: Repair Facility. Address: Thingangyun. Township: Thingangyun. District: Yangon East
1304,Lwin,လွင်,Shop,အထွေထွေအမျိုးအစား,,,Thingangyun,Thingangyun,Thingangyun,,Yangon East,ရန်ကုန်အရှေ့ပိုင်း,Yangon,ရန်ကုန်,,16.839764,96.200705,,4.4,322,,Yangon,Name: Lwin (လွင်). Category: Shop. Address: Thingangyun. Township: Thingangyun. District: Yangon East
44,M Family,အမ်ဖန်မလီ,Mobile Phone & Accessories Shop,ဖုန်းနှင့် ဆက်စပ်ပစ္စည်း,590,590,"590 Thu Mingalar Road, Ward-5, South Okkalapa, Yangon","၅၉၀, သုမင်္ဂလာလမ်း, (၅)ရပ်ကွက်, တောင်ဥက္ကလာ",South Okkalapa,awmifOuúvm,Yangon East,ရန်ကုန်အရှေ့ပိုင်း,Yangon,ရန်ကုန်,11431.0,16.843872,96.202778,,4.4,142,,Yangon,"Name: M Family (အမ်ဖန်မလီ). Category: Mobile Phone & Accessories Shop. House Number: 590. Address: ၅၉၀, သုမင်္ဂလာလမ်း, (၅)ရပ်ကွက်, တောင်ဥက္ကလာ. Township: South Okkalapa. District: Yangon East"
610,M Family Mobile,M Family Mobile,Shop,အထွေထွေအမျိုးအစား,,,"Nga Moe Yeik Ward (TGGN), Thingangyun","Nga Moe Yeik Ward (TGGN), Thingangyun",Thingangyun,,Yangon East,ရန်ကုန်အရှေ့ပိုင်း,Yangon,ရန်ကုန်,,16.8439,96.2026,,4,40,,Yangon,"Name: M Family Mobile. Category: Shop. Address: Nga Moe Yeik Ward (TGGN), Thingangyun. Township: Thingangyun. District: Yangon East"
1726,M II,အမ်တူး,Shop,အထွေထွေအမျိုးအစား,,,Thingangyun,Thingangyun,Thingangyun,,Yangon East,ရန်ကုန်အရှေ့ပိုင်း,Yangon,ရန်ကုန်,,16.822983,96.196875,,4.6,388,,Yangon,Name: M II (အမ်တူး). Category: Shop. Address: Thingangyun. Township: Thingangyun. District: Yangon East
2013,M United,အမ်ယူနိုက်တက်,Shop,အထွေထွေအမျိုးအစား,,,Thingangyun,Thingangyun,Thingangyun,,Yangon East,ရန်ကုန်အရှေ့ပိုင်း,Yangon,ရန်ကုန်,,16.832443,96.194961,,4.3,49,,Yangon,Name: M United (အမ်ယူနိုက်တက်). Category: Shop. Address: Thingangyun. Township: Thingangyun. District: Yangon East
120,M United,အမ်ယူနိုက်တက်,Mobile Phone Sale & Service,ဖုန်းနှင့် ဆက်စပ်ပစ္စည်း,668,668,"668 Lower Mingalardon Road, Aung San Ward, Insein, Yangon","၆၆၈, အောက်မင်္ဂလာဒုံလမ်း, အောင်ဆန်းရပ်ကွက်, အင်းစိန်",Insein,အင်းစိန်,Yangon East,ရန်ကုန်အရှေ့ပိုင်း,Yangon,ရန်ကုန်,11431.0,16.83248,96.194932,,4,370,,Yangon,"Name: M United (အမ်ယူနိုက်တက်). Category: Mobile Phone Sale & Service. House Number: 668. Address: ၆၆၈, အောက်မင်္ဂလာဒုံလမ်း, အောင်ဆန်းရပ်ကွက်, အင်းစိန်. Township: Insein. District: Yangon East"
17,M.K.T,အမ်.ကေ.တီ,Construction Company,ဆောက်လုပ်ရေးနှင့် ဟာ့ဒ်ဝဲ,994,994,"994 Thu Mingalar Road, Ward-16\1, Thingangyun, Yangon","၉၉၄, သုမင်္ဂလာလမ်း, (၁၆^၁)ရပ်ကွက်, သင်္ဃန်းကျွန်း",Thingangyun,သင်္ဃန်းကျွန်း,Yangon East,ရန်ကုန်အရှေ့ပိုင်း,Yangon,ရန်ကုန်,11431.0,16.83555,96.186223,,4.7,61,,Yangon,"Name: M.K.T (အမ်.ကေ.တီ). Category: Construction Company. House Number: 994. Address: ၉၉၄, သုမင်္ဂလာလမ်း, (၁၆^၁)ရပ်ကွက်, သင်္ဃန်းကျွန်း. Township: Thingangyun. District: Yangon East"
739,M.T.M,အမ်တီအမ်,Company,ရုံးခန်းနှင့် လူနေအိမ်ရာ,,,Thingangyun,Thingangyun,Thingangyun,,Yangon East,ရန်ကုန်အရှေ့ပိုင်း,Yangon,ရန်ကုန်,,16.817267,96.190766,,4.9,427,,Yangon,Name: M.T.M (အမ်တီအမ်). Category: Company. Address: Thingangyun. Township: Thingangyun. District: Yangon East
1836,MAB Bank,မြန်မာ့ရှေ့ဆောင်ဘဏ်,Bank,ဘဏ်နှင့် ငွေကြေးဝန်ဆောင်မှု,,,Thingangyun,Thingangyun,Thingangyun,,Yangon East,ရန်ကုန်အရှေ့ပိုင်း,Yangon,ရန်ကုန်,,16.837623,96.199724,,4.6,118,,Yangon,Name: MAB Bank (မြန်မာ့ရှေ့ဆောင်ဘဏ်). Category: Bank. Address: Thingangyun. Township: Thingangyun. District: Yangon East
471,MAB Bank,MAB Bank,Bank,ဘဏ်နှင့် ငွေကြေးဝန်ဆောင်မှု,,,"Supaing Ward (TGGN), Thingangyun","Supaing Ward (TGGN), Thingangyun",Thingangyun,,Yangon East,ရန်ကုန်အရှေ့ပိုင်း,Yangon,ရန်ကုန်,,16.8171,96.1955,,4.1,223,,Yangon,"Name: MAB Bank. Category: Bank. Address: Supaing Ward (TGGN), Thingangyun. Township: Thingangyun. District: Yangon East"
305,MAB Bank,အမ်အေဘီဘဏ်,Bank,ဘဏ်နှင့် ငွေကြေးဝန်ဆောင်မှု,133,133,"133 Than Thu Mar Road, Supaing Ward, Thingangyun, Yangon","၁၃၃, သံသုမာလမ်း, စုပေါင်းရပ်ကွက်, သင်္ဃန်းကျွန်း",Thingangyun,သင်္ဃန်းကျွန်း,Yangon East,ရန်ကုန်အရှေ့ပိုင်း,Yangon,ရန်ကုန်,11431.0,16.817149,96.195444,,4.5,325,,Yangon,"Name: MAB Bank (အမ်အေဘီဘဏ်). Category: Bank. House Number: 133. Address: ၁၃၃, သံသုမာလမ်း, စုပေါင်းရပ်ကွက်, သင်္ဃန်းကျွန်း. Township: Thingangyun. District: Yangon East"
307,MAXXIS,မက်ဇ်စစ်,Tyre Shop,အထွေထွေအမျိုးအစား,293/8,293^8,"293/8 Than Thu Mar Road, Supaing Ward, Thingangyun, Yangon","၂၉၃^၈, သံသုမာလမ်း, စုပေါင်းရပ်ကွက်, သင်္ဃန်းကျွန်း",Thingangyun,သင်္ဃန်းကျွန်း,Yangon East,ရန်ကုန်အရှေ့ပိုင်း,Yangon,ရန်ကုန်,11431.0,16.819514,96.199814,,4.7,331,,Yangon,"Name: MAXXIS (မက်ဇ်စစ်). Category: Tyre Shop. House Number: 293/8. Address: ၂၉၃^၈, သံသုမာလမ်း, စုပေါင်းရပ်ကွက်, သင်္ဃန်းကျွန်း. Township: Thingangyun. District: Yangon East"
1149,MCEC,အမ်စီအီးစီ,School,ကျောင်းနှင့် တက္ကသိုလ်,,,Thingangyun,Thingangyun,Thingangyun,,Yangon East,ရန်ကုန်အရှေ့ပိုင်း,Yangon,ရန်ကုန်,,16.842044,96.203296,,4.9,457,,Yangon,Name: MCEC (အမ်စီအီးစီ). Category: School. Address: Thingangyun. Township: Thingangyun. District: Yangon East
29,MIZO,မီဇို,Hair Style,အလှပြင်နှင့် အပ်ချုပ်ဆိုင်,244/C,244^*,"244/C Lay Daung Kan Road, Za (North) Ward, Thingangyun, Yangon","၂၄၄^ဂ, လေးထောင့်ကန်လမ်း, ဇ(မြောက်)ရပ်ကွက်, သင်္ဃန်းကျွန်း",Thingangyun,သင်္ဃန်းကျွန်း,Yangon East,ရန်ကုန်အရှေ့ပိုင်း,Yangon,ရန်ကုန်,11431.0,16.826224,96.186193,,4.9,97,,Yangon,"Name: MIZO (မီဇို). Category: Hair Style. House Number: 244/C. Address: ၂၄၄^ဂ, လေးထောင့်ကန်လမ်း, ဇ(မြောက်)ရပ်ကွက်, သင်္ဃန်းကျွန်း. Township: Thingangyun. District: Yangon East"
1757,MM,အမ်မ်အမ်မ်,Shop,အထွေထွေအမျိုးအစား,,,Thingangyun,Thingangyun,Thingangyun,,Yangon East,ရန်ကုန်အရှေ့ပိုင်း,Yangon,ရန်ကုန်,,16.82683,96.191463,,4.7,481,,Yangon,Name: MM (အမ်မ်အမ်မ်). Category: Shop. Address: Thingangyun. Township: Thingangyun. District: Yangon East
1355,MMA,အမ်အမ်အေ,Shop,အထွေထွေအမျိုးအစား,,,Thingangyun,Thingangyun,Thingangyun,,Yangon East,ရန်ကုန်အရှေ့ပိုင်း,Yangon,ရန်ကုန်,,16.829328,96.20594,,4.5,475,,Yangon,Name: MMA (အမ်အမ်အေ). Category: Shop. Address: Thingangyun. Township: Thingangyun. District: Yangon East
483,MMTM Petrol,MMTM Petrol,Fuel Station,အထွေထွေအမျိုးအစား,,,"Nga/Ka Ward (TGGN), Thingangyun","Nga/Ka Ward (TGGN), Thingangyun",Thingangyun,,Yangon East,ရန်ကုန်အရှေ့ပိုင်း,Yangon,ရန်ကုန်,,16.8331,96.2083,,4.3,259,,Yangon,"Name: MMTM Petrol. Category: Fuel Station. Address: Nga/Ka Ward (TGGN), Thingangyun. Township: Thingangyun. District: Yangon East"
484,MOTHER'S HOME MOTEL,MOTHER'S HOME MOTEL,Hotel,ဟိုတယ်နှင့် တည်းခိုခန်း,,,"Sa Kha Ward (TGGN), Thingangyun","Sa Kha Ward (TGGN), Thingangyun",Thingangyun,,Yangon East,ရန်ကုန်အရှေ့ပိုင်း,Yangon,ရန်ကုန်,,16.8355,96.1976,,4.4,262,,Yangon,"Name: MOTHER'S HOME MOTEL. Category: Hotel. Address: Sa Kha Ward (TGGN), Thingangyun. Township: Thingangyun. District: Yangon East"
1953,MPT Thingangyun,အမ်ပီတီ သင်္ကန်းကျွန်း,Shop,အထွေထွေအမျိုးအစား,,,Thingangyun,Thingangyun,Thingangyun,,Yangon East,ရန်ကုန်အရှေ့ပိုင်း,Yangon,ရန်ကုန်,,16.83218,96.18777,,4.3,469,,Yangon,Name: MPT Thingangyun (အမ်ပီတီ သင်္ကန်းကျွန်း). Category: Shop. Address: Thingangyun. Township: Thingangyun. District: Yangon East
310,MSDN,အမ်အက်စ်ဒီအန်,Company,ရုံးခန်းနှင့် လူနေအိမ်ရာ,210,210,"210 Than Thu Mar Road, Supaing Ward, Thingangyun, Yangon","၂၁၀, သံသုမာလမ်း, စုပေါင်းရပ်ကွက်, သင်္ဃန်းကျွန်း",Thingangyun,သင်္ဃန်းကျွန်း,Yangon East,ရန်ကုန်အရှေ့ပိုင်း,Yangon,ရန်ကုန်,11431.0,16.817836,96.196795,,4,340,,Yangon,"Name: MSDN (အမ်အက်စ်ဒီအန်). Category: Company. House Number: 210. Address: ၂၁၀, သံသုမာလမ်း, စုပေါင်းရပ်ကွက်, သင်္ဃန်းကျွန်း. Township: Thingangyun. District: Yangon East"
1985,MTA Travels & Tours,အမ်တီအေခရီးသွားလုပ်ငန်း,Shop,အထွေထွေအမျိုးအစား,,,Thingangyun,Thingangyun,Thingangyun,,Yangon East,ရန်ကုန်အရှေ့ပိုင်း,Yangon,ရန်ကုန်,,16.833624,96.178406,,4.5,565,,Yangon,Name: MTA Travels & Tours (အမ်တီအေခရီးသွားလုပ်ငန်း). Category: Shop. Address: Thingangyun. Township: Thingangyun. District: Yangon East
9,MTM,အမ်တီအမ်,Restaruant & Beer,ဘားနှင့် ဖျော်ဖြေရေး,201,201,"201 Thu Mingalar Road, Nanwin Kone Ward, Thingangyun, Yangon","၂၀၁, သုမင်္ဂလာလမ်း, နနွင်းကုန်းရပ်ကွက်, သင်္ဃန်းကျွန်း",Thingangyun,သင်္ဃန်းကျွန်း,Yangon East,ရန်ကုန်အရှေ့ပိုင်း,Yangon,ရန်ကုန်,11431.0,16.826605,96.187162,,4.9,37,,Yangon,"Name: MTM (အမ်တီအမ်). Category: Restaruant & Beer. House Number: 201. Address: ၂၀၁, သုမင်္ဂလာလမ်း, နနွင်းကုန်းရပ်ကွက်, သင်္ဃန်းကျွန်း. Township: Thingangyun. District: Yangon East"
1239,MTT,အမ်တီတီ,Shop,အထွေထွေအမျိုးအစား,,,Thingangyun,Thingangyun,Thingangyun,,Yangon East,ရန်ကုန်အရှေ့ပိုင်း,Yangon,ရန်ကုန်,,16.831518,96.202548,,4.9,127,,Yangon,Name: MTT (အမ်တီတီ). Category: Shop. Address: Thingangyun. Township: Thingangyun. District: Yangon East
485,MTT,MTT,Office Building,ရုံးခန်းနှင့် လူနေအိမ်ရာ,,,"Supaing Ward (TGGN), Thingangyun","Supaing Ward (TGGN), Thingangyun",Thingangyun,,Yangon East,ရန်ကုန်အရှေ့ပိုင်း,Yangon,ရန်ကုန်,,16.8177,96.1969,,4.5,265,,Yangon,"Name: MTT. Category: Office Building. Address: Supaing Ward (TGGN), Thingangyun. Township: Thingangyun. District: Yangon East"
1874,MY KTV,မိုင်ကေတီဗီ,Restaurant,စားသောက်ဆိုင်,,,Thingangyun,Thingangyun,Thingangyun,,Yangon East,ရန်ကုန်အရှေ့ပိုင်း,Yangon,ရန်ကုန်,,16.833829,96.195782,,4.4,232,,Yangon,Name: MY KTV (မိုင်ကေတီဗီ). Category: Restaurant. Address: Thingangyun. Township: Thingangyun. District: Yangon East
488,MYANMAR SPORTS HOTE,MYANMAR SPORTS HOTE,Hotel,ဟိုတယ်နှင့် တည်းခိုခန်း,,,"Lay Htaunk Kan Road, Thuwana Football Stedium, Thingan Gyun Township, Yangon, Myanmar.","Lay Htaunk Kan Road, Thuwana Football Stedium, Thingan Gyun Township, Yangon, Myanmar.",Thingangyun,,Yangon East,ရန်ကုန်အရှေ့ပိုင်း,Yangon,ရန်ကုန်,,16.8249,96.1857,,4.8,274,,Yangon,"Name: MYANMAR SPORTS HOTE. Category: Hotel. Address: Lay Htaunk Kan Road, Thuwana Football Stedium, Thingan Gyun Township, Yangon, Myanmar.. Township: Thingangyun. District: Yangon East"
489,MZ HOTEL,MZ HOTEL,Hotel,ဟိုတယ်နှင့် တည်းခိုခန်း,,,"Ka Ward (TGGN), Thingangyun","Ka Ward (TGGN), Thingangyun",Thingangyun,,Yangon East,ရန်ကုန်အရှေ့ပိုင်း,Yangon,ရန်ကုန်,,16.8233,96.1963,,4.9,277,,Yangon,"Name: MZ HOTEL. Category: Hotel. Address: Ka Ward (TGGN), Thingangyun. Township: Thingangyun. District: Yangon East"
1996,Ma Aye Aye Win and Siblings,မအေးအေး၀င်းနှင့်မောင်နှမများ,Shop,အထွေထွေအမျိုးအစား,,,Thingangyun,Thingangyun,Thingangyun,,Yangon East,ရန်ကုန်အရှေ့ပိုင်း,Yangon,ရန်ကုန်,,16.841307,96.20416,,4.6,598,,Yangon,Name: Ma Aye Aye Win and Siblings (မအေးအေး၀င်းနှင့်မောင်နှမများ). Category: Shop. Address: Thingangyun. Township: Thingangyun. District: Yangon East
787,Ma Dar Oo,မဒါဦး,Shop,အထွေထွေအမျိုးအစား,,,Thingangyun,Thingangyun,Thingangyun,,Yangon East,ရန်ကုန်အရှေ့ပိုင်း,Yangon,ရန်ကုန်,,16.823998,96.207316,,4.7,571,,Yangon,Name: Ma Dar Oo (မဒါဦး). Category: Shop. Address: Thingangyun. Township: Thingangyun. District: Yangon East
1131,Ma Har Sarsana Vate Man Taw Kyi,မဟာသာသနာ့ဗိမာန်တော်ကြီး,Place of Worship,ဘာသာရေးနေရာ,,,Thingangyun,Thingangyun,Thingangyun,,Yangon East,ရန်ကုန်အရှေ့ပိုင်း,Yangon,ရန်ကုန်,,16.82764,96.19313,,4.1,403,,Yangon,Name: Ma Har Sarsana Vate Man Taw Kyi (မဟာသာသနာ့ဗိမာန်တော်ကြီး). Category: Place of Worship. Address: Thingangyun. Township: Thingangyun. District: Yangon East
1161,Ma Har Zwe,မဟာဇွဲ,Shop,အထွေထွေအမျိုးအစား,,,Thingangyun,Thingangyun,Thingangyun,,Yangon East,ရန်ကုန်အရှေ့ပိုင်း,Yangon,ရန်ကုန်,,16.840481,96.201424,,4.1,493,,Yangon,Name: Ma Har Zwe (မဟာဇွဲ). Category: Shop. Address: Thingangyun. Township: Thingangyun. District: Yangon East
1538,Ma Har Zwe,မဟာဇွဲ,School,ကျောင်းနှင့် တက္ကသိုလ်,,,Thingangyun,Thingangyun,Thingangyun,,Yangon East,ရန်ကုန်အရှေ့ပိုင်း,Yangon,ရန်ကုန်,,16.840615,96.201339,,4.8,424,,Yangon,Name: Ma Har Zwe (မဟာဇွဲ). Category: School. Address: Thingangyun. Township: Thingangyun. District: Yangon East
871,Ma Htay Win,မဌေး၀င်း,Shop,အထွေထွေအမျိုးအစား,,,Thingangyun,Thingangyun,Thingangyun,,Yangon East,ရန်ကုန်အရှေ့ပိုင်း,Yangon,ရန်ကုန်,,16.817868,96.214669,,4.1,223,,Yangon,Name: Ma Htay Win (မဌေး၀င်း). Category: Shop. Address: Thingangyun. Township: Thingangyun. District: Yangon East
1837,Ma Li Kha,မလိခ,Residential Accommodation,အထွေထွေအမျိုးအစား,,,Thingangyun,Thingangyun,Thingangyun,,Yangon East,ရန်ကုန်အရှေ့ပိုင်း,Yangon,ရန်ကုန်,,16.843132,96.198506,,4.7,121,,Yangon,Name: Ma Li Kha (မလိခ). Category: Residential Accommodation. Address: Thingangyun. Township: Thingangyun. District: Yangon East
470,Ma Li Kha Housing,Ma Li Kha Housing,Residence,ရုံးခန်းနှင့် လူနေအိမ်ရာ,,,"Yadanar Rd.,Bawa Myint Ward (TGGN),Thingangyun","Yadanar Rd.,Bawa Myint Ward (TGGN),Thingangyun",Thingangyun,,Yangon East,ရန်ကုန်အရှေ့ပိုင်း,Yangon,ရန်ကုန်,,16.8409,96.1976,,4,220,,Yangon,"Name: Ma Li Kha Housing. Category: Residence. Address: Yadanar Rd.,Bawa Myint Ward (TGGN),Thingangyun. Township: Thingangyun. District: Yangon East"
1905,Ma Naw Phyu,မနောဖြူ,School,ကျောင်းနှင့် တက္ကသိုလ်,,,Thingangyun,Thingangyun,Thingangyun,,Yangon East,ရန်ကုန်အရှေ့ပိုင်း,Yangon,ရန်ကုန်,,16.838747,96.201565,,4.5,325,,Yangon,Name: Ma Naw Phyu (မနောဖြူ). Category: School. Address: Thingangyun. Township: Thingangyun. District: Yangon East
872,Ma Nge Lay,မငယ်လေး,Shop,အထွေထွေအမျိုးအစား,,,Thingangyun,Thingangyun,Thingangyun,,Yangon East,ရန်ကုန်အရှေ့ပိုင်း,Yangon,ရန်ကုန်,,16.844239,96.20227,,4.2,226,,Yangon,Name: Ma Nge Lay (မငယ်လေး). Category: Shop. Address: Thingangyun. Township: Thingangyun. District: Yangon East
1419,Ma Ni Lar,မနီလာ,Shop,အထွေထွေအမျိုးအစား,,,Thingangyun,Thingangyun,Thingangyun,,Yangon East,ရန်ကုန်အရှေ့ပိုင်း,Yangon,ရန်ကုန်,,16.819073,96.198401,,4.9,67,,Yangon,Name: Ma Ni Lar (မနီလာ). Category: Shop. Address: Thingangyun. Township: Thingangyun. District: Yangon East
1420,Ma Nyein Nyein Myint,မငြိမ်းငြိမ်းမြင့်,Shop,အထွေထွေအမျိုးအစား,,,Thingangyun,Thingangyun,Thingangyun,,Yangon East,ရန်ကုန်အရှေ့ပိုင်း,Yangon,ရန်ကုန်,,16.82782,96.19319,,4,70,,Yangon,Name: Ma Nyein Nyein Myint (မငြိမ်းငြိမ်းမြင့်). Category: Shop. Address: Thingangyun. Township: Thingangyun. District: Yangon East
873,Ma Nyo,မညို,Shop,အထွေထွေအမျိုးအစား,,,Thingangyun,Thingangyun,Thingangyun,,Yangon East,ရန်ကုန်အရှေ့ပိုင်း,Yangon,ရန်ကုန်,,16.817951,96.214546,,4.3,229,,Yangon,Name: Ma Nyo (မညို). Category: Shop. Address: Thingangyun. Township: Thingangyun. District: Yangon East
781,Ma Phu,မဖြူ,Shop,အထွေထွေအမျိုးအစား,,,Thingangyun,Thingangyun,Thingangyun,,Yangon East,ရန်ကုန်အရှေ့ပိုင်း,Yangon,ရန်ကုန်,,16.825578,96.209345,,4.1,553,,Yangon,Name: Ma Phu (မဖြူ). Category: Shop. Address: Thingangyun. Township: Thingangyun. District: Yangon East
45,Ma Phyu,မဖြူ,Retail Outlet,စျေးနှင့် ကုန်စုံဆိုင်,303,303,"303 Ngamoeyeik 7th Street, Nga Moe Yeik Ward, Thingangyun, Yangon","၃၀၃, ငမိုးရိပ်၇လမ်း, ငမိုးရိပ်ရပ်ကွက်, သင်္ဃန်းကျွန်း",Thingangyun,သင်္ဃန်းကျွန်း,Yangon East,ရန်ကုန်အရှေ့ပိုင်း,Yangon,ရန်ကုန်,11431.0,16.843928,96.202789,,4.5,145,,Yangon,"Name: Ma Phyu (မဖြူ). Category: Retail Outlet. House Number: 303. Address: ၃၀၃, ငမိုးရိပ်၇လမ်း, ငမိုးရိပ်ရပ်ကွက်, သင်္ဃန်းကျွန်း. Township: Thingangyun. District: Yangon East"
1211,Ma Pyo Thie Moe,မပြိုသည့်မိုး,Shop,အထွေထွေအမျိုးအစား,,,Thingangyun,Thingangyun,Thingangyun,,Yangon East,ရန်ကုန်အရှေ့ပိုင်း,Yangon,ရန်ကုန်,,16.82775,96.1773,,4.1,43,,Yangon,Name: Ma Pyo Thie Moe (မပြိုသည့်မိုး). Category: Shop. Address: Thingangyun. Township: Thingangyun. District: Yangon East
1421,Ma Thiri,မသီရိ,Shop,အထွေထွေအမျိုးအစား,,,Thingangyun,Thingangyun,Thingangyun,,Yangon East,ရန်ကုန်အရှေ့ပိုင်း,Yangon,ရန်ကုန်,,16.842821,96.201395,,4.1,73,,Yangon,Name: Ma Thiri (မသီရိ). Category: Shop. Address: Thingangyun. Township: Thingangyun. District: Yangon East
1093,Ma Win,မ၀င်း,Restaurant,စားသောက်ဆိုင်,,,Thingangyun,Thingangyun,Thingangyun,,Yangon East,ရန်ကုန်အရှေ့ပိုင်း,Yangon,ရန်ကုန်,,16.82754,96.18989,,4.3,289,,Yangon,Name: Ma Win (မ၀င်း). Category: Restaurant. Address: Thingangyun. Township: Thingangyun. District: Yangon East
189,Mahar,မဟာ,Store,စျေးနှင့် ကုန်စုံဆိုင်,89,89,"89 Lay Daung Kan Road, Lay Daunkan Ward, Thingangyun, Yangon","၈၉, လေးထောင့်ကန်လမ်း, လေးဒေါင့်ကန်ရပ်ကွက်, သင်္ဃန်းကျွန်း",Thingangyun,သင်္ဃန်းကျွန်း,Yangon East,ရန်ကုန်အရှေ့ပိုင်း,Yangon,ရန်ကုန်,11431.0,16.836759,96.199407,,4.9,577,,Yangon,"Name: Mahar (မဟာ). Category: Store. House Number: 89. Address: ၈၉, လေးထောင့်ကန်လမ်း, လေးဒေါင့်ကန်ရပ်ကွက်, သင်္ဃန်းကျွန်း. Township: Thingangyun. District: Yangon East"
874,Mahar,မဟာ,Shop,အထွေထွေအမျိုးအစား,,,Thingangyun,Thingangyun,Thingangyun,,Yangon East,ရန်ကုန်အရှေ့ပိုင်း,Yangon,ရန်ကုန်,,16.836755,96.1995,,4.4,232,,Yangon,Name: Mahar (မဟာ). Category: Shop. Address: Thingangyun. Township: Thingangyun. District: Yangon East
306,Mahar A Ka Yace,မဟာအကယစေ,Monk Robe,အထွေထွေအမျိုးအစား,1266,1266,"1266 Thitsar Road, Ward-7, South Okkalapa, Yangon","၁၂၆၆, သစ္စာလမ်း, (၇)ရပ်ကွက်, တောင်ဥက္ကလာ",South Okkalapa,awmifOuúvm,Yangon East,ရန်ကုန်အရှေ့ပိုင်း,Yangon,ရန်ကုန်,11431.0,16.816316,96.193769,,4.6,328,,Yangon,"Name: Mahar A Ka Yace (မဟာအကယစေ). Category: Monk Robe. House Number: 1266. Address: ၁၂၆၆, သစ္စာလမ်း, (၇)ရပ်ကွက်, တောင်ဥက္ကလာ. Township: South Okkalapa. District: Yangon East"
764,Mahar A Kayit,မဟာဧကရာဇ်,Shop,အထွေထွေအမျိုးအစား,,,Thingangyun,Thingangyun,Thingangyun,,Yangon East,ရန်ကုန်အရှေ့ပိုင်း,Yangon,ရန်ကုန်,,16.81631,96.193757,,4.4,502,,Yangon,Name: Mahar A Kayit (မဟာဧကရာဇ်). Category: Shop. Address: Thingangyun. Township: Thingangyun. District: Yangon East
612,Mahar Akarid,Mahar Akarid,Shop,အထွေထွေအမျိုးအစား,,,"Supaing Ward (TGGN), Thingangyun","Supaing Ward (TGGN), Thingangyun",Thingangyun,,Yangon East,ရန်ကုန်အရှေ့ပိုင်း,Yangon,ရန်ကုန်,,16.8164,96.1939,,4.2,46,,Yangon,"Name: Mahar Akarid. Category: Shop. Address: Supaing Ward (TGGN), Thingangyun. Township: Thingangyun. District: Yangon East"
611,Mahar Aung Myay Shwe Gu Taik Thit Kyaung,Mahar Aung Myay Shwe Gu Taik Thit Kyaung,Monastery,ဘာသာရေးနေရာ,,,"Nga/Ka Ward (TGGN), Thingangyun","Nga/Ka Ward (TGGN), Thingangyun",Thingangyun,,Yangon East,ရန်ကုန်အရှေ့ပိုင်း,Yangon,ရန်ကုန်,,16.8345,96.2033,,4.1,43,,Yangon,"Name: Mahar Aung Myay Shwe Gu Taik Thit Kyaung. Category: Monastery. Address: Nga/Ka Ward (TGGN), Thingangyun. Township: Thingangyun. District: Yangon East"
102,Mahar Bawga Finance,မဟာဘောဂ,Company,ရုံးခန်းနှင့် လူနေအိမ်ရာ,7,7,"7 Yadanar Road, Bawa Myint Ward, Thingangyun, Yangon","၇, ရတနာလမ်း, ဘ၀မြင့်ရပ်ကွက်, သင်္ဃန်းကျွန်း",Thingangyun,သင်္ဃန်းကျွန်း,Yangon East,ရန်ကုန်အရှေ့ပိုင်း,Yangon,ရန်ကုန်,11431.0,16.844189,96.199327,,4.2,316,,Yangon,"Name: Mahar Bawga Finance (မဟာဘောဂ). Category: Company. House Number: 7. Address: ၇, ရတနာလမ်း, ဘ၀မြင့်ရပ်ကွက်, သင်္ဃန်းကျွန်း. Township: Thingangyun. District: Yangon East"
1077,Mahar New,မဟာနွယ်,Restaurant,စားသောက်ဆိုင်,,,Thingangyun,Thingangyun,Thingangyun,,Yangon East,ရန်ကုန်အရှေ့ပိုင်း,Yangon,ရန်ကုန်,,16.826339,96.206796,,4.7,241,,Yangon,Name: Mahar New (မဟာနွယ်). Category: Restaurant. Address: Thingangyun. Township: Thingangyun. District: Yangon East
2010,Mahar Nwe,မဟာနွယ်,Shop,အထွေထွေအမျိုးအစား,,,Thingangyun,Thingangyun,Thingangyun,,Yangon East,ရန်ကုန်အရှေ့ပိုင်း,Yangon,ရန်ကုန်,,16.838369,96.191578,,4,40,,Yangon,Name: Mahar Nwe (မဟာနွယ်). Category: Shop. Address: Thingangyun. Township: Thingangyun. District: Yangon East
714,Mahar Si Myawaddy Thar Tha Na Yeik Thar,မဟာစည်မြ၀တီသာသနာ့ရိပ်သာ,Place of Worship,ဘာသာရေးနေရာ,,,Thingangyun,Thingangyun,Thingangyun,,Yangon East,ရန်ကုန်အရှေ့ပိုင်း,Yangon,ရန်ကုန်,,16.841678,96.211419,,4.4,352,,Yangon,Name: Mahar Si Myawaddy Thar Tha Na Yeik Thar (မဟာစည်မြ၀တီသာသနာ့ရိပ်သာ). Category: Place of Worship. Address: Thingangyun. Township: Thingangyun. District: Yangon East
631,Mahar Theikpan Pariyatti Monastery,မဟာသိပ္ပံပရိယတ္တိစာသင်တိုက်,Place of Worship,ဘာသာရေးနေရာ,,,,,,,Yangon (East),ရန်ကုန်အရှေ့ပိုင်း,Yangon,ရန်ကုန်,,16.845131,96.20035,,4.1,103,,Yangon,Name: Mahar Theikpan Pariyatti Monastery (မဟာသိပ္ပံပရိယတ္တိစာသင်တိုက်). Category: Place of Worship. Address: nan. District: Yangon (East)
946,Mahar Yangon,မဟာရန်ကုန်,Café/Pub,ဘားနှင့် ဖျော်ဖြေရေး,,,Thingangyun,Thingangyun,Thingangyun,,Yangon East,ရန်ကုန်အရှေ့ပိုင်း,Yangon,ရန်ကုန်,,16.836527,96.199203,,4.6,448,,Yangon,Name: Mahar Yangon (မဟာရန်ကုန်). Category: Café/Pub. Address: Thingangyun. Township: Thingangyun. District: Yangon East
945,Mahar Yangon,မဟာရန်ကုန်,Café/Pub,ဘားနှင့် ဖျော်ဖြေရေး,,,Thingangyun,Thingangyun,Thingangyun,,Yangon East,ရန်ကုန်အရှေ့ပိုင်း,Yangon,ရန်ကုန်,,16.8402,96.203077,,4.5,445,,Yangon,Name: Mahar Yangon (မဟာရန်ကုန်). Category: Café/Pub. Address: Thingangyun. Township: Thingangyun. District: Yangon East
190,Mahar Yangon,မဟာရန်ကုန်,Café,ကဖေးနှင့် လက်ဖက်ရည်ဆိုင်,91,91,"91 Lay Daung Kan Road, Lay Daunkan Ward, Thingangyun, Yangon","၉၁, လေးထောင့်ကန်လမ်း, လေးဒေါင့်ကန်ရပ်ကွက်, သင်္ဃန်းကျွန်း",Thingangyun,သင်္ဃန်းကျွန်း,Yangon East,ရန်ကုန်အရှေ့ပိုင်း,Yangon,ရန်ကုန်,11431.0,16.836529,96.19917,,4,580,,Yangon,"Name: Mahar Yangon (မဟာရန်ကုန်). Category: Café. House Number: 91. Address: ၉၁, လေးထောင့်ကန်လမ်း, လေးဒေါင့်ကန်ရပ်ကွက်, သင်္ဃန်းကျွန်း. Township: Thingangyun. District: Yangon East"
273,Mahar Yangon,မဟာရန်ကုန်,Café,ကဖေးနှင့် လက်ဖက်ရည်ဆိုင်,914,914,"914 Lay Daung Kan Road, Nga Moe Yeik Ward, Thingangyun, Yangon","၉၁၄, လေးထောင့်ကန်လမ်း, ငမိုးရိပ်ရပ်ကွက်, သင်္ဃန်းကျွန်း",Thingangyun,သင်္ဃန်းကျွန်း,Yangon East,ရန်ကုန်အရှေ့ပိုင်း,Yangon,ရန်ကုန်,11431.0,16.840495,96.202617,,4.3,229,,Yangon,"Name: Mahar Yangon (မဟာရန်ကုန်). Category: Café. House Number: 914. Address: ၉၁၄, လေးထောင့်ကန်လမ်း, ငမိုးရိပ်ရပ်ကွက်, သင်္ဃန်းကျွန်း. Township: Thingangyun. District: Yangon East"
1287,Maittar,မိတ်တာ,Shop,အထွေထွေအမျိုးအစား,,,Thingangyun,Thingangyun,Thingangyun,,Yangon East,ရန်ကုန်အရှေ့ပိုင်း,Yangon,ရန်ကုန်,,16.84016,96.200593,,4.7,271,,Yangon,Name: Maittar (မိတ်တာ). Category: Shop. Address: Thingangyun. Township: Thingangyun. District: Yangon East
1680,Mal Khin,မယ်ခင်,Shop,အထွေထွေအမျိုးအစား,,,Thingangyun,Thingangyun,Thingangyun,,Yangon East,ရန်ကုန်အရှေ့ပိုင်း,Yangon,ရန်ကုန်,,16.827503,96.189848,,4,250,,Yangon,Name: Mal Khin (မယ်ခင်). Category: Shop. Address: Thingangyun. Township: Thingangyun. District: Yangon East
343,Male,မေးလ်,Fashion (Men),ဖက်ရှင်စတိုး,1/19,43484,"1/19 Than Thu Mar Road, Ward-24 Thuwunna, Thingangyun, Yangon","၄၃၄၈၄, သံသုမာလမ်း, သု၀ဏ္ဏ(၂၄)ရပ်ကွက်, သင်္ဃန်းကျွန်း",Thingangyun,သင်္ဃန်းကျွန်း,Yangon East,ရန်ကုန်အရှေ့ပိုင်း,Yangon,ရန်ကုန်,11431.0,16.817789,96.197667,,4.3,439,,Yangon,"Name: Male (မေးလ်). Category: Fashion (Men). House Number: 1/19. Address: ၄၃၄၈၄, သံသုမာလမ်း, သု၀ဏ္ဏ(၂၄)ရပ်ကွက်, သင်္ဃန်းကျွန်း. Township: Thingangyun. District: Yangon East"
472,Malikha Condo,Malikha Condo,Condo,ရုံးခန်းနှင့် လူနေအိမ်ရာ,,,"Yadanar RD.,Bawa Myint Ward (TGGN),Thingangyun","Yadanar RD.,Bawa Myint Ward (TGGN),Thingangyun",Thingangyun,,Yangon East,ရန်ကုန်အရှေ့ပိုင်း,Yangon,ရန်ကုန်,,16.8442,96.2002,,4.2,226,,Yangon,"Name: Malikha Condo. Category: Condo. Address: Yadanar RD.,Bawa Myint Ward (TGGN),Thingangyun. Township: Thingangyun. District: Yangon East"
1924,Malikha Garden Sale Office,မလိခဂားဒမ်းရုံးခန်း,Company,ရုံးခန်းနှင့် လူနေအိမ်ရာ,,,Thingangyun,Thingangyun,Thingangyun,,Yangon East,ရန်ကုန်အရှေ့ပိုင်း,Yangon,ရန်ကုန်,,16.842988,96.198233,,4.4,382,,Yangon,Name: Malikha Garden Sale Office (မလိခဂားဒမ်းရုံးခန်း). Category: Company. Address: Thingangyun. Township: Thingangyun. District: Yangon East
650,Man Dagon,မန်းဒဂုံ,Repair Facility,ပြုပြင်ရေးလုပ်ငန်း,,,Thingangyun,Thingangyun,Thingangyun,,Yangon East,ရန်ကုန်အရှေ့ပိုင်း,Yangon,ရန်ကုန်,,16.836986,96.198837,,4,160,,Yangon,Name: Man Dagon (မန်းဒဂုံ). Category: Repair Facility. Address: Thingangyun. Township: Thingangyun. District: Yangon East
1873,Mandalay,မန္တလေး,Restaurant,စားသောက်ဆိုင်,,,Thingangyun,Thingangyun,Thingangyun,,Yangon East,ရန်ကုန်အရှေ့ပိုင်း,Yangon,ရန်ကုန်,,16.833032,96.195092,,4.3,229,,Yangon,Name: Mandalay (မန္တလေး). Category: Restaurant. Address: Thingangyun. Township: Thingangyun. District: Yangon East
1925,"Mandalay Star Co., Ltd.",မန္တလေးစတားကုမ္ပဏီ လီမီတက်,Company,ရုံးခန်းနှင့် လူနေအိမ်ရာ,,,Thingangyun,Thingangyun,Thingangyun,,Yangon East,ရန်ကုန်အရှေ့ပိုင်း,Yangon,ရန်ကုန်,,16.844182,96.199405,,4.5,385,,Yangon,"Name: Mandalay Star Co., Ltd. (မန္တလေးစတားကုမ္ပဏီ လီမီတက်). Category: Company. Address: Thingangyun. Township: Thingangyun. District: Yangon East"
103,"Mandalay Star Co., Ltd.",မန္တလေးစတား,Company,ရုံးခန်းနှင့် လူနေအိမ်ရာ,10,10,"10 Yadanar Road, Bawa Myint Ward, Thingangyun, Yangon","၁၀, ရတနာလမ်း, ဘ၀မြင့်ရပ်ကွက်, သင်္ဃန်းကျွန်း",Thingangyun,သင်္ဃန်းကျွန်း,Yangon East,ရန်ကုန်အရှေ့ပိုင်း,Yangon,ရန်ကုန်,11431.0,16.844274,96.199415,,4.3,319,,Yangon,"Name: Mandalay Star Co., Ltd. (မန္တလေးစတား). Category: Company. House Number: 10. Address: ၁၀, ရတနာလမ်း, ဘ၀မြင့်ရပ်ကွက်, သင်္ဃန်းကျွန်း. Township: Thingangyun. District: Yangon East"
1897,Marie Stopes Myanmar,မာရီးစတော့မြန်မာ,Hospital/Polyclinic,ဆေးရုံနှင့် ဆေးခန်း,,,Thingangyun,Thingangyun,Thingangyun,,Yangon East,ရန်ကုန်အရှေ့ပိုင်း,Yangon,ရန်ကုန်,,16.844689,96.199851,,4.7,301,,Yangon,Name: Marie Stopes Myanmar (မာရီးစတော့မြန်မာ). Category: Hospital/Polyclinic. Address: Thingangyun. Township: Thingangyun. District: Yangon East
104,Marie Store Myanmar,မရွိုင်စတိုးမြန်မာ,Non Government Organization,အထွေထွေအမျိုးအစား,5,5,"5 Yadanar Road, Bawa Myint Ward, Thingangyun, Yangon","၅, ရတနာလမ်း, ဘ၀မြင့်ရပ်ကွက်, သင်္ဃန်းကျွန်း",Thingangyun,သင်္ဃန်းကျွန်း,Yangon East,ရန်ကုန်အရှေ့ပိုင်း,Yangon,ရန်ကုန်,11431.0,16.844678,96.199815,,4.4,322,,Yangon,"Name: Marie Store Myanmar (မရွိုင်စတိုးမြန်မာ). Category: Non Government Organization. House Number: 5. Address: ၅, ရတနာလမ်း, ဘ၀မြင့်ရပ်ကွက်, သင်္ဃန်းကျွန်း. Township: Thingangyun. District: Yangon East"
1938,Maruart,မရုးအတ်,Company,ရုံးခန်းနှင့် လူနေအိမ်ရာ,,,Thingangyun,Thingangyun,Thingangyun,,Yangon East,ရန်ကုန်အရှေ့ပိုင်း,Yangon,ရန်ကုန်,,16.844161,96.199351,,4.8,424,,Yangon,Name: Maruart (မရုးအတ်). Category: Company. Address: Thingangyun. Township: Thingangyun. District: Yangon East
473,"Marvellous Memory Travels & Tours Co., Ltd.","Marvellous Memory Travels & Tours Co., Ltd.",Travels & Tours,ခရီးသွားလုပ်ငန်း,,,"Za (North) Ward (TGGN), Thingangyun","Za (North) Ward (TGGN), Thingangyun",Thingangyun,,Yangon East,ရန်ကုန်အရှေ့ပိုင်း,Yangon,ရန်ကုန်,,16.8265,96.1866,,4.3,229,,Yangon,"Name: Marvellous Memory Travels & Tours Co., Ltd.. Category: Travels & Tours. Address: Za (North) Ward (TGGN), Thingangyun. Township: Thingangyun. District: Yangon East"
386,Mate Ta,မြိတ္တ,Veterinary Clinic,ဆေးရုံနှင့် ဆေးခန်း,218,218,"218 Yankin Road, Ward-3, Yankin, Yangon","၂၁၈, ရန်ကင်းလမ်း, (၃)ရပ်ကွက်, ရန်ကင်း",Yankin,ရန်ကင်း,Yangon East,ရန်ကုန်အရှေ့ပိုင်း,Yangon,ရန်ကုန်,11431.0,16.823829,96.206235,,4.6,568,,Yangon,"Name: Mate Ta (မြိတ္တ). Category: Veterinary Clinic. House Number: 218. Address: ၂၁၈, ရန်ကင်းလမ်း, (၃)ရပ်ကွက်, ရန်ကင်း. Township: Yankin. District: Yangon East"
1212,Matrix Flavours & Fragrances,မတ်ထရစ်ဖလေးဗားအန်ဖရက်ဂရန့်စ်,Shop,အထွေထွေအမျိုးအစား,,,Thingangyun,Thingangyun,Thingangyun,,Yangon East,ရန်ကုန်အရှေ့ပိုင်း,Yangon,ရန်ကုန်,,16.82695,96.19066,,4.2,46,,Yangon,Name: Matrix Flavours & Fragrances (မတ်ထရစ်ဖလေးဗားအန်ဖရက်ဂရန့်စ်). Category: Shop. Address: Thingangyun. Township: Thingangyun. District: Yangon East
474,Max Energy,Max Energy,Fuel Station,အထွေထွေအမျိုးအစား,,,"Ward 29 Thuwunna (TGGN), Thingangyun","Ward 29 Thuwunna (TGGN), Thingangyun",Thingangyun,,Yangon East,ရန်ကုန်အရှေ့ပိုင်း,Yangon,ရန်ကုန်,,16.8197,96.2009,,4.4,232,,Yangon,"Name: Max Energy. Category: Fuel Station. Address: Ward 29 Thuwunna (TGGN), Thingangyun. Township: Thingangyun. District: Yangon East"
191,May,မေ,Clinic & Pharmacy,ဆေးဆိုင်,88,88,"88 Lay Daung Kan Road, Lay Daunkan Ward, Thingangyun, Yangon","၈၈, လေးထောင့်ကန်လမ်း, လေးဒေါင့်ကန်ရပ်ကွက်, သင်္ဃန်းကျွန်း",Thingangyun,သင်္ဃန်းကျွန်း,Yangon East,ရန်ကုန်အရှေ့ပိုင်း,Yangon,ရန်ကုန်,11431.0,16.836794,96.199447,,4.1,583,,Yangon,"Name: May (မေ). Category: Clinic & Pharmacy. House Number: 88. Address: ၈၈, လေးထောင့်ကန်လမ်း, လေးဒေါင့်ကန်ရပ်ကွက်, သင်္ဃန်းကျွန်း. Township: Thingangyun. District: Yangon East"
475,May,May,Store,စျေးနှင့် ကုန်စုံဆိုင်,,,"Supaing Ward (TGGN), Thingangyun","Supaing Ward (TGGN), Thingangyun",Thingangyun,,Yangon East,ရန်ကုန်အရှေ့ပိုင်း,Yangon,ရန်ကုန်,,16.818,96.1974,,4.5,235,,Yangon,"Name: May. Category: Store. Address: Supaing Ward (TGGN), Thingangyun. Township: Thingangyun. District: Yangon East"
1754,May Fashion,မေဖက်ရှင်,Shop,အထွေထွေအမျိုးအစား,,,Thingangyun,Thingangyun,Thingangyun,,Yangon East,ရန်ကုန်အရှေ့ပိုင်း,Yangon,ရန်ကုန်,,16.831156,96.18204,,4.4,472,,Yangon,Name: May Fashion (မေဖက်ရှင်). Category: Shop. Address: Thingangyun. Township: Thingangyun. District: Yangon East
1838,May Kha,မေခ,Residential Accommodation,အထွေထွေအမျိုးအစား,,,Thingangyun,Thingangyun,Thingangyun,,Yangon East,ရန်ကုန်အရှေ့ပိုင်း,Yangon,ရန်ကုန်,,16.836,96.198071,,4.8,124,,Yangon,Name: May Kha (မေခ). Category: Residential Accommodation. Address: Thingangyun. Township: Thingangyun. District: Yangon East
1862,May Kha,မေခ,Hotel/Motel,ဟိုတယ်နှင့် တည်းခိုခန်း,,,Thingangyun,Thingangyun,Thingangyun,,Yangon East,ရန်ကုန်အရှေ့ပိုင်း,Yangon,ရန်ကုန်,,16.836232,96.198202,,4.2,196,,Yangon,Name: May Kha (မေခ). Category: Hotel/Motel. Address: Thingangyun. Township: Thingangyun. District: Yangon East
476,May Kha Housing,May Kha Housing,Residence,ရုံးခန်းနှင့် လူနေအိမ်ရာ,,,"Lay Daung Kan Rd.,Sa Kha Ward (TGGN),Thingangyun","Lay Daung Kan Rd.,Sa Kha Ward (TGGN),Thingangyun",Thingangyun,,Yangon East,ရန်ကုန်အရှေ့ပိုင်း,Yangon,ရန်ကုန်,,16.8397,96.1984,,4.6,238,,Yangon,"Name: May Kha Housing. Category: Residence. Address: Lay Daung Kan Rd.,Sa Kha Ward (TGGN),Thingangyun. Township: Thingangyun. District: Yangon East"
1681,May Nan Thu,မေနန်းသူ,Shop,အထွေထွေအမျိုးအစား,,,Thingangyun,Thingangyun,Thingangyun,,Yangon East,ရန်ကုန်အရှေ့ပိုင်း,Yangon,ရန်ကုန်,,16.834465,96.180693,,4.1,253,,Yangon,Name: May Nan Thu (မေနန်းသူ). Category: Shop. Address: Thingangyun. Township: Thingangyun. District: Yangon East
34,May Padauk,မေပိတောက်,Cotton & Silk,အထွေထွေအမျိုးအစား,368,368,"368 Ngamoeyeik 6th Street, Nga Moe Yeik Ward, Thingangyun, Yangon","၃၆၈, ငမိုးရိပ်၆လမ်း, ငမိုးရိပ်ရပ်ကွက်, သင်္ဃန်းကျွန်း",Thingangyun,သင်္ဃန်းကျွန်း,Yangon East,ရန်ကုန်အရှေ့ပိုင်း,Yangon,ရန်ကုန်,11431.0,16.843694,96.202854,,4.4,112,,Yangon,"Name: May Padauk (မေပိတောက်). Category: Cotton & Silk. House Number: 368. Address: ၃၆၈, ငမိုးရိပ်၆လမ်း, ငမိုးရိပ်ရပ်ကွက်, သင်္ဃန်းကျွန်း. Township: Thingangyun. District: Yangon East"
1682,May Yamin,မေယမင်း,Shop,အထွေထွေအမျိုးအစား,,,Thingangyun,Thingangyun,Thingangyun,,Yangon East,ရန်ကုန်အရှေ့ပိုင်း,Yangon,ရန်ကုန်,,16.827857,96.189853,,4.2,256,,Yangon,Name: May Yamin (မေယမင်း). Category: Shop. Address: Thingangyun. Township: Thingangyun. District: Yangon East
1971,Mectronic,မထရောနစ်,Shop,အထွေထွေအမျိုးအစား,,,Thingangyun,Thingangyun,Thingangyun,,Yangon East,ရန်ကုန်အရှေ့ပိုင်း,Yangon,ရန်ကုန်,,16.834263,96.196298,,4.1,523,,Yangon,Name: Mectronic (မထရောနစ်). Category: Shop. Address: Thingangyun. Township: Thingangyun. District: Yangon East
1824,Mega Music,မီကာမြူးဇစ်,Leisure Center,အထွေထွေအမျိုးအစား,,,Thingangyun,Thingangyun,Thingangyun,,Yangon East,ရန်ကုန်အရှေ့ပိုင်း,Yangon,ရန်ကုန်,,16.841978,96.202674,,4.4,82,,Yangon,Name: Mega Music (မီကာမြူးဇစ်). Category: Leisure Center. Address: Thingangyun. Township: Thingangyun. District: Yangon East
1213,Mega Power,မီဂါပါဝါ,Shop,အထွေထွေအမျိုးအစား,,,Thingangyun,Thingangyun,Thingangyun,,Yangon East,ရန်ကုန်အရှေ့ပိုင်း,Yangon,ရန်ကုန်,,16.827283,96.196972,,4.3,49,,Yangon,Name: Mega Power (မီဂါပါဝါ). Category: Shop. Address: Thingangyun. Township: Thingangyun. District: Yangon East
2008,Mi,မီ,Shop,အထွေထွေအမျိုးအစား,,,Thingangyun,Thingangyun,Thingangyun,,Yangon East,ရန်ကုန်အရှေ့ပိုင်း,Yangon,ရန်ကုန်,,16.842004,96.197009,,4.8,34,,Yangon,Name: Mi (မီ). Category: Shop. Address: Thingangyun. Township: Thingangyun. District: Yangon East
105,Mi,မီ,Beauty Salon,အလှပြင်နှင့် အပ်ချုပ်ဆိုင်,4,4,"4 Yadanar Road, Bawa Myint Ward, Thingangyun, Yangon","၄, ရတနာလမ်း, ဘ၀မြင့်ရပ်ကွက်, သင်္ဃန်းကျွန်း",Thingangyun,သင်္ဃန်းကျွန်း,Yangon East,ရန်ကုန်အရှေ့ပိုင်း,Yangon,ရန်ကုန်,11431.0,16.842009,96.196981,,4.5,325,,Yangon,"Name: Mi (မီ). Category: Beauty Salon. House Number: 4. Address: ၄, ရတနာလမ်း, ဘ၀မြင့်ရပ်ကွက်, သင်္ဃန်းကျွန်း. Township: Thingangyun. District: Yangon East"
1334,Mi Ba A Yeik,မိဘအရိပ်,Shop,အထွေထွေအမျိုးအစား,,,Thingangyun,Thingangyun,Thingangyun,,Yangon East,ရန်ကုန်အရှေ့ပိုင်း,Yangon,ရန်ကုန်,,16.831542,96.202477,,4.4,412,,Yangon,Name: Mi Ba A Yeik (မိဘအရိပ်). Category: Shop. Address: Thingangyun. Township: Thingangyun. District: Yangon East
1214,Mi Ba A Yeik,မိဘအရိပ်,Shop,အထွေထွေအမျိုးအစား,,,Thingangyun,Thingangyun,Thingangyun,,Yangon East,ရန်ကုန်အရှေ့ပိုင်း,Yangon,ရန်ကုန်,,16.843798,96.200926,,4.4,52,,Yangon,Name: Mi Ba A Yeik (မိဘအရိပ်). Category: Shop. Address: Thingangyun. Township: Thingangyun. District: Yangon East
477,Mi Ba Gone Yay,Mi Ba Gone Yay,Restaurant,စားသောက်ဆိုင်,,,"Nga/Ka Ward (TGGN), Thingangyun","Nga/Ka Ward (TGGN), Thingangyun",Thingangyun,,Yangon East,ရန်ကုန်အရှေ့ပိုင်း,Yangon,ရန်ကုန်,,16.8351,96.2078,,4.7,241,,Yangon,"Name: Mi Ba Gone Yay. Category: Restaurant. Address: Nga/Ka Ward (TGGN), Thingangyun. Township: Thingangyun. District: Yangon East"
1808,Mi Ba Gone Yi,မိဘဂုဏ်ရည်,Café/Pub,ဘားနှင့် ဖျော်ဖြေရေး,,,Thingangyun,Thingangyun,Thingangyun,,Yangon East,ရန်ကုန်အရှေ့ပိုင်း,Yangon,ရန်ကုန်,,16.834946,96.207472,,4.8,34,,Yangon,Name: Mi Ba Gone Yi (မိဘဂုဏ်ရည်). Category: Café/Pub. Address: Thingangyun. Township: Thingangyun. District: Yangon East
1215,Mi Ba Myit Tar,မိဘမေတ္တာ,Shop,အထွေထွေအမျိုးအစား,,,Thingangyun,Thingangyun,Thingangyun,,Yangon East,ရန်ကုန်အရှေ့ပိုင်း,Yangon,ရန်ကုန်,,16.835395,96.207874,,4.5,55,,Yangon,Name: Mi Ba Myit Tar (မိဘမေတ္တာ). Category: Shop. Address: Thingangyun. Township: Thingangyun. District: Yangon East
1115,Mi Ba Myittar,မိဘမေတ္တာ,Hospital/Polyclinic,ဆေးရုံနှင့် ဆေးခန်း,,,Thingangyun,Thingangyun,Thingangyun,,Yangon East,ရန်ကုန်အရှေ့ပိုင်း,Yangon,ရန်ကုန်,,16.823388,96.197016,,4.5,355,,Yangon,Name: Mi Ba Myittar (မိဘမေတ္တာ). Category: Hospital/Polyclinic. Address: Thingangyun. Township: Thingangyun. District: Yangon East
1809,Mi Ba Myittar,မိဘမေတ္တာ,Café/Pub,ဘားနှင့် ဖျော်ဖြေရေး,,,Thingangyun,Thingangyun,Thingangyun,,Yangon East,ရန်ကုန်အရှေ့ပိုင်း,Yangon,ရန်ကုန်,,16.831443,96.203207,,4.9,37,,Yangon,Name: Mi Ba Myittar (မိဘမေတ္တာ). Category: Café/Pub. Address: Thingangyun. Township: Thingangyun. District: Yangon East
1020,Mi Ba Myittar,မိဘမေတ္တာ,Repair Facility,ပြုပြင်ရေးလုပ်ငန်း,,,Thingangyun,Thingangyun,Thingangyun,,Yangon East,ရန်ကုန်အရှေ့ပိုင်း,Yangon,ရန်ကုန်,,16.825886,96.206749,,4,70,,Yangon,Name: Mi Ba Myittar (မိဘမေတ္တာ). Category: Repair Facility. Address: Thingangyun. Township: Thingangyun. District: Yangon East
1755,Mi Ba Yeik,မိဘရိပ်,Shop,အထွေထွေအမျိုးအစား,,,Thingangyun,Thingangyun,Thingangyun,,Yangon East,ရန်ကုန်အရှေ့ပိုင်း,Yangon,ရန်ကုန်,,16.842751,96.202873,,4.5,475,,Yangon,Name: Mi Ba Yeik (မိဘရိပ်). Category: Shop. Address: Thingangyun. Township: Thingangyun. District: Yangon East
1042,Mi Ba Yeik,မိဘရိပ်,Repair Facility,ပြုပြင်ရေးလုပ်ငန်း,,,Thingangyun,Thingangyun,Thingangyun,,Yangon East,ရန်ကုန်အရှေ့ပိုင်း,Yangon,ရန်ကုန်,,16.831594,96.202416,,4.2,136,,Yangon,Name: Mi Ba Yeik (မိဘရိပ်). Category: Repair Facility. Address: Thingangyun. Township: Thingangyun. District: Yangon East
1422,Mi Ba Yeik,မိဘရိပ်,Shop,အထွေထွေအမျိုးအစား,,,Thingangyun,Thingangyun,Thingangyun,,Yangon East,ရန်ကုန်အရှေ့ပိုင်း,Yangon,ရန်ကုန်,,16.828834,96.203865,,4.2,76,,Yangon,Name: Mi Ba Yeik (မိဘရိပ်). Category: Shop. Address: Thingangyun. Township: Thingangyun. District: Yangon East
1683,Mi Kyawt,မိကျော့,Shop,အထွေထွေအမျိုးအစား,,,Thingangyun,Thingangyun,Thingangyun,,Yangon East,ရန်ကုန်အရှေ့ပိုင်း,Yangon,ရန်ကုန်,,16.841068,96.201826,,4.3,259,,Yangon,Name: Mi Kyawt (မိကျော့). Category: Shop. Address: Thingangyun. Township: Thingangyun. District: Yangon East
192,Mi Ni,မီနီ,Cosmetic Shop,အလှပြင်နှင့် အပ်ချုပ်ဆိုင်,32,32,"32 Lay Daung Kan Road, Lay Daunkan Ward, Thingangyun, Yangon","၃၂, လေးထောင့်ကန်လမ်း, လေးဒေါင့်ကန်ရပ်ကွက်, သင်္ဃန်းကျွန်း",Thingangyun,သင်္ဃန်းကျွန်း,Yangon East,ရန်ကုန်အရှေ့ပိုင်း,Yangon,ရန်ကုန်,11431.0,16.840387,96.203115,,4.2,586,,Yangon,"Name: Mi Ni (မီနီ). Category: Cosmetic Shop. House Number: 32. Address: ၃၂, လေးထောင့်ကန်လမ်း, လေးဒေါင့်ကန်ရပ်ကွက်, သင်္ဃန်းကျွန်း. Township: Thingangyun. District: Yangon East"
478,Mi Tar Su,Mi Tar Su,Hospital,ဆေးရုံနှင့် ဆေးခန်း,,,"Yangon Thit Ward (TGGN), Thingangyun","Yangon Thit Ward (TGGN), Thingangyun",Thingangyun,,Yangon East,ရန်ကုန်အရှေ့ပိုင်း,Yangon,ရန်ကုန်,,16.8262,96.2072,,4.8,244,,Yangon,"Name: Mi Tar Su. Category: Hospital. Address: Yangon Thit Ward (TGGN), Thingangyun. Township: Thingangyun. District: Yangon East"
274,Mi Tha Su,မိသားစု,Mini Mart,စျေးနှင့် ကုန်စုံဆိုင်,904,904,"904 Lay Daung Kan Road, Nga Moe Yeik Ward, Thingangyun, Yangon","၉၀၄, လေးထောင့်ကန်လမ်း, ငမိုးရိပ်ရပ်ကွက်, သင်္ဃန်းကျွန်း",Thingangyun,သင်္ဃန်းကျွန်း,Yangon East,ရန်ကုန်အရှေ့ပိုင်း,Yangon,ရန်ကုန်,11431.0,16.839941,96.202048,,4.4,232,,Yangon,"Name: Mi Tha Su (မိသားစု). Category: Mini Mart. House Number: 904. Address: ၉၀၄, လေးထောင့်ကန်လမ်း, ငမိုးရိပ်ရပ်ကွက်, သင်္ဃန်းကျွန်း. Township: Thingangyun. District: Yangon East"
1810,Mi Thar Su,မိသားစု,Café/Pub,ဘားနှင့် ဖျော်ဖြေရေး,,,Thingangyun,Thingangyun,Thingangyun,,Yangon East,ရန်ကုန်အရှေ့ပိုင်း,Yangon,ရန်ကုန်,,16.82891,96.203799,,4,40,,Yangon,Name: Mi Thar Su (မိသားစု). Category: Café/Pub. Address: Thingangyun. Township: Thingangyun. District: Yangon East
1116,Mi Thar Su,မိသားစု,Hospital/Polyclinic,ဆေးရုံနှင့် ဆေးခန်း,,,Thingangyun,Thingangyun,Thingangyun,,Yangon East,ရန်ကုန်အရှေ့ပိုင်း,Yangon,ရန်ကုန်,,16.826213,96.206675,,4.6,358,,Yangon,Name: Mi Thar Su (မိသားစု). Category: Hospital/Polyclinic. Address: Thingangyun. Township: Thingangyun. District: Yangon East
1756,Mi Thar Su,မိသားစု,Shop,အထွေထွေအမျိုးအစား,,,Thingangyun,Thingangyun,Thingangyun,,Yangon East,ရန်ကုန်အရှေ့ပိုင်း,Yangon,ရန်ကုန်,,16.829228,96.198589,,4.6,478,,Yangon,Name: Mi Thar Su (မိသားစု). Category: Shop. Address: Thingangyun. Township: Thingangyun. District: Yangon East
653,Miba A Yeik,မိဘအရိပ်,Repair Facility,ပြုပြင်ရေးလုပ်ငန်း,,,Thingangyun,Thingangyun,Thingangyun,,Yangon East,ရန်ကုန်အရှေ့ပိုင်း,Yangon,ရန်ကုန်,,16.824037,96.206401,,4.3,169,,Yangon,Name: Miba A Yeik (မိဘအရိပ်). Category: Repair Facility. Address: Thingangyun. Township: Thingangyun. District: Yangon East
193,Miba A Yeik,မိဘအရိပ်,Mobile Phone Sale & Service,ဖုန်းနှင့် ဆက်စပ်ပစ္စည်း,670,670,"670 Lower Mingalardon Road, Aung San Ward, Insein, Yangon","၆၇၀, အောက်မင်္ဂလာဒုံလမ်း, အောင်ဆန်းရပ်ကွက်, အင်းစိန်",Insein,အင်းစိန်,Yangon East,ရန်ကုန်အရှေ့ပိုင်း,Yangon,ရန်ကုန်,11431.0,16.836265,96.198919,,4.3,589,,Yangon,"Name: Miba A Yeik (မိဘအရိပ်). Category: Mobile Phone Sale & Service. House Number: 670. Address: ၆၇၀, အောက်မင်္ဂလာဒုံလမ်း, အောင်ဆန်းရပ်ကွက်, အင်းစိန်. Township: Insein. District: Yangon East"
344,Miba Gone,မိဘဂုဏ်,Construction Material,ဆောက်လုပ်ရေးနှင့် ဟာ့ဒ်ဝဲ,166,166,"166 Than Thu Mar Road, Ward-24 Thuwunna, Thingangyun, Yangon","၁၆၆, သံသုမာလမ်း, သု၀ဏ္ဏ(၂၄)ရပ်ကွက်, သင်္ဃန်းကျွန်း",Thingangyun,သင်္ဃန်းကျွန်း,Yangon East,ရန်ကုန်အရှေ့ပိုင်း,Yangon,ရန်ကုန်,11431.0,16.816832,96.195725,,4.4,442,,Yangon,"Name: Miba Gone (မိဘဂုဏ်). Category: Construction Material. House Number: 166. Address: ၁၆၆, သံသုမာလမ်း, သု၀ဏ္ဏ(၂၄)ရပ်ကွက်, သင်္ဃန်းကျွန်း. Township: Thingangyun. District: Yangon East"
773,Miba Myitthar,မိဘမေတ္တာ,Shop,အထွေထွေအမျိုးအစား,,,Thingangyun,Thingangyun,Thingangyun,,Yangon East,ရန်ကုန်အရှေ့ပိုင်း,Yangon,ရန်ကုန်,,16.823453,96.208499,,4.3,529,,Yangon,Name: Miba Myitthar (မိဘမေတ္တာ). Category: Shop. Address: Thingangyun. Township: Thingangyun. District: Yangon East
1367,Miba Yake Do Be,မိဘရိပ်ဒိုဘီ,Shop,အထွေထွေအမျိုးအစား,,,Thingangyun,Thingangyun,Thingangyun,,Yangon East,ရန်ကုန်အရှေ့ပိုင်း,Yangon,ရန်ကုန်,,16.839689,96.201251,,4.7,511,,Yangon,Name: Miba Yake Do Be (မိဘရိပ်ဒိုဘီ). Category: Shop. Address: Thingangyun. Township: Thingangyun. District: Yangon East
1423,Miba Yeik,မိဘရိပ်,Shop,အထွေထွေအမျိုးအစား,,,Thingangyun,Thingangyun,Thingangyun,,Yangon East,ရန်ကုန်အရှေ့ပိုင်း,Yangon,ရန်ကုန်,,16.842965,96.200005,,4.3,79,,Yangon,Name: Miba Yeik (မိဘရိပ်). Category: Shop. Address: Thingangyun. Township: Thingangyun. District: Yangon East
740,Microfinance Delta International Company Limited,မိုက်ခရိုဖိုင်းနန့် ဒရ်တာ အင်တာနေရှင်နယ် ကုမ္ပဏီ,Comapny,အထွေထွေအမျိုးအစား,,,Thingangyun,Thingangyun,Thingangyun,,Yangon East,ရန်ကုန်အရှေ့ပိုင်း,Yangon,ရန်ကုန်,,16.82465,96.212234,,4,430,,Yangon,Name: Microfinance Delta International Company Limited (မိုက်ခရိုဖိုင်းနန့် ဒရ်တာ အင်တာနေရှင်နယ် ကုမ္ပဏီ). Category: Comapny. Address: Thingangyun. Township: Thingangyun. District: Yangon East
1180,Mika,မီကာ,Company,ရုံးခန်းနှင့် လူနေအိမ်ရာ,,,Thingangyun,Thingangyun,Thingangyun,,Yangon East,ရန်ကုန်အရှေ့ပိုင်း,Yangon,ရန်ကုန်,,16.830366,96.207836,,4,550,,Yangon,Name: Mika (မီကာ). Category: Company. Address: Thingangyun. Township: Thingangyun. District: Yangon East
387,Min,မင်း,Car Repair Facility,ပြုပြင်ရေးလုပ်ငန်း,1/13,1^13,"1/13 Than Thu Mar Road, Ward-29 Thuwunna, Thingangyun, Yangon","၁^၁၃, သံသုမာလမ်း, သု၀ဏ္ဏ(၂၉)ရပ်ကွက်, သင်္ဃန်းကျွန်း",Thingangyun,သင်္ဃန်းကျွန်း,Yangon East,ရန်ကုန်အရှေ့ပိုင်း,Yangon,ရန်ကုန်,11431.0,16.821625,96.203692,,4.7,571,,Yangon,"Name: Min (မင်း). Category: Car Repair Facility. House Number: 1/13. Address: ၁^၁၃, သံသုမာလမ်း, သု၀ဏ္ဏ(၂၉)ရပ်ကွက်, သင်္ဃန်းကျွန်း. Township: Thingangyun. District: Yangon East"
1926,"Min Anawyahta Group Co., Ltd.",မင်းအနော်ရထာအုပ်စုကုမ္ပဏီ လီမီတက်,Company,ရုံးခန်းနှင့် လူနေအိမ်ရာ,,,Thingangyun,Thingangyun,Thingangyun,,Yangon East,ရန်ကုန်အရှေ့ပိုင်း,Yangon,ရန်ကုန်,,16.844604,96.199756,,4.6,388,,Yangon,"Name: Min Anawyahta Group Co., Ltd. (မင်းအနော်ရထာအုပ်စုကုမ္ပဏီ လီမီတက်). Category: Company. Address: Thingangyun. Township: Thingangyun. District: Yangon East"
479,Min Htet Kyaw,Min Htet Kyaw,Cafe,ကဖေးနှင့် လက်ဖက်ရည်ဆိုင်,,,"Ward 29 Thuwunna (TGGN), Thingangyun","Ward 29 Thuwunna (TGGN), Thingangyun",Thingangyun,,Yangon East,ရန်ကုန်အရှေ့ပိုင်း,Yangon,ရန်ကုန်,,16.822,96.2042,,4.9,247,,Yangon,"Name: Min Htet Kyaw. Category: Cafe. Address: Ward 29 Thuwunna (TGGN), Thingangyun. Township: Thingangyun. District: Yangon East"
1727,Min Min,မင်းမင်း,Shop,အထွေထွေအမျိုးအစား,,,Thingangyun,Thingangyun,Thingangyun,,Yangon East,ရန်ကုန်အရှေ့ပိုင်း,Yangon,ရန်ကုန်,,16.829637,96.199848,,4.7,391,,Yangon,Name: Min Min (မင်းမင်း). Category: Shop. Address: Thingangyun. Township: Thingangyun. District: Yangon East
194,Min Thar Gyi,မင်းသားကြီး,Antique Shop,အထွေထွေအမျိုးအစား,85,85,"85 Lay Daung Kan Road, Lay Daunkan Ward, Thingangyun, Yangon","၈၅, လေးထောင့်ကန်လမ်း, လေးဒေါင့်ကန်ရပ်ကွက်, သင်္ဃန်းကျွန်း",Thingangyun,သင်္ဃန်းကျွန်း,Yangon East,ရန်ကုန်အရှေ့ပိုင်း,Yangon,ရန်ကုန်,11431.0,16.836931,96.199604,,4.4,592,,Yangon,"Name: Min Thar Gyi (မင်းသားကြီး). Category: Antique Shop. House Number: 85. Address: ၈၅, လေးထောင့်ကန်လမ်း, လေးဒေါင့်ကန်ရပ်ကွက်, သင်္ဃန်းကျွန်း. Township: Thingangyun. District: Yangon East"
480,Min Thiha Condo 1,Min Thiha Condo 1,Condo,ရုံးခန်းနှင့် လူနေအိမ်ရာ,,,"Za (North) Ward (TGGN), Thingangyun","Za (North) Ward (TGGN), Thingangyun",Thingangyun,,Yangon East,ရန်ကုန်အရှေ့ပိုင်း,Yangon,ရန်ကုန်,,16.8294,96.1861,,4,250,,Yangon,"Name: Min Thiha Condo 1. Category: Condo. Address: Za (North) Ward (TGGN), Thingangyun. Township: Thingangyun. District: Yangon East"
481,Min Thiha Condo 2,Min Thiha Condo 2,Condo,ရုံးခန်းနှင့် လူနေအိမ်ရာ,,,"Za (North) Ward (TGGN), Thingangyun","Za (North) Ward (TGGN), Thingangyun",Thingangyun,,Yangon East,ရန်ကုန်အရှေ့ပိုင်း,Yangon,ရန်ကုန်,,16.8295,96.1859,,4.1,253,,Yangon,"Name: Min Thiha Condo 2. Category: Condo. Address: Za (North) Ward (TGGN), Thingangyun. Township: Thingangyun. District: Yangon East"
1522,Min Yarzar,မင်းရာဇာ,Hospital/Polyclinic,ဆေးရုံနှင့် ဆေးခန်း,,,Thingangyun,Thingangyun,Thingangyun,,Yangon East,ရန်ကုန်အရှေ့ပိုင်း,Yangon,ရန်ကုန်,,16.829862,96.182472,,4.2,376,,Yangon,Name: Min Yarzar (မင်းရာဇာ). Category: Hospital/Polyclinic. Address: Thingangyun. Township: Thingangyun. District: Yangon East
1335,Mingalar,မင်္ဂလာ,Shop,အထွေထွေအမျိုးအစား,,,Thingangyun,Thingangyun,Thingangyun,,Yangon East,ရန်ကုန်အရှေ့ပိုင်း,Yangon,ရန်ကုန်,,16.828791,96.197355,,4.5,415,,Yangon,Name: Mingalar (မင်္ဂလာ). Category: Shop. Address: Thingangyun. Township: Thingangyun. District: Yangon East
715,Mingalar Wi Sait Tar Yar Ma (Mon) Kyaung Tike,မင်္ဂလာဝိစိတ္တာရာမ(မွန်)ကျောင်းတိုက်,Place of Worship,ဘာသာရေးနေရာ,,,Thingangyun,Thingangyun,Thingangyun,,Yangon East,ရန်ကုန်အရှေ့ပိုင်း,Yangon,ရန်ကုန်,,16.828802,96.212657,,4.5,355,,Yangon,Name: Mingalar Wi Sait Tar Yar Ma (Mon) Kyaung Tike (မင်္ဂလာဝိစိတ္တာရာမ(မွန်)ကျောင်းတိုက်). Category: Place of Worship. Address: Thingangyun. Township: Thingangyun. District: Yangon East
724,Ministry of Construction (Thuwanna),ဆောက်လုပ်ရေး၀န်ကြီးဌာန (သု၀ဏ္ဏ),Government Office,ရုံးခန်းနှင့် လူနေအိမ်ရာ,,,Thingangyun,Thingangyun,Thingangyun,,Yangon East,ရန်ကုန်အရှေ့ပိုင်း,Yangon,ရန်ကုန်,,16.820225,96.213084,,4.4,382,,Yangon,Name: Ministry of Construction (Thuwanna) (ဆောက်လုပ်ရေး၀န်ကြီးဌာန (သု၀ဏ္ဏ)). Category: Government Office. Address: Thingangyun. Township: Thingangyun. District: Yangon East
482,Ministry of Sport,အားကစား၀န်ကြီးဌာန,Government Office,ရုံးခန်းနှင့် လူနေအိမ်ရာ,,,"Tut Wine Gyi Ward (TGGN), Thingangyun","Tut Wine Gyi Ward (TGGN), Thingangyun",Thingangyun,,Yangon East,ရန်ကုန်အရှေ့ပိုင်း,Yangon,ရန်ကုန်,,16.8168,96.1856,,4.2,256,,Yangon,"Name: Ministry of Sport (အားကစား၀န်ကြီးဌာန). Category: Government Office. Address: Tut Wine Gyi Ward (TGGN), Thingangyun. Township: Thingangyun. District: Yangon East"
1728,Mo Mo,မိုမို,Shop,အထွေထွေအမျိုးအစား,,,Thingangyun,Thingangyun,Thingangyun,,Yangon East,ရန်ကုန်အရှေ့ပိုင်း,Yangon,ရန်ကုန်,,16.8286,96.197503,,4.8,394,,Yangon,Name: Mo Mo (မိုမို). Category: Shop. Address: Thingangyun. Township: Thingangyun. District: Yangon East
613,Mobile King,Mobile King,Shop,အထွေထွေအမျိုးအစား,,,"Bo Kan Nyunt Ward (TGGN), Thingangyun","Bo Kan Nyunt Ward (TGGN), Thingangyun",Thingangyun,,Yangon East,ရန်ကုန်အရှေ့ပိုင်း,Yangon,ရန်ကုန်,,16.8295,96.1912,,4.3,49,,Yangon,"Name: Mobile King. Category: Shop. Address: Bo Kan Nyunt Ward (TGGN), Thingangyun. Township: Thingangyun. District: Yangon East"
1729,Mobile King,မိုဘိုင်းကင်း,Shop,အထွေထွေအမျိုးအစား,,,Thingangyun,Thingangyun,Thingangyun,,Yangon East,ရန်ကုန်အရှေ့ပိုင်း,Yangon,ရန်ကုန်,,16.828785,96.207499,,4.9,397,,Yangon,Name: Mobile King (မိုဘိုင်းကင်း). Category: Shop. Address: Thingangyun. Township: Thingangyun. District: Yangon East
1730,Mobile World,မိုဘိုင်းကမ္ဘာ,Shop,အထွေထွေအမျိုးအစား,,,Thingangyun,Thingangyun,Thingangyun,,Yangon East,ရန်ကုန်အရှေ့ပိုင်း,Yangon,ရန်ကုန်,,16.832815,96.202364,,4,400,,Yangon,Name: Mobile World (မိုဘိုင်းကမ္ဘာ). Category: Shop. Address: Thingangyun. Township: Thingangyun. District: Yangon East
388,Mobile World,မိုဘိုင်းေဝါ,Mobile Phone Shop,ဖုန်းနှင့် ဆက်စပ်ပစ္စည်း,275,275,"275 Bagayar Road, May Ni Kone (South) Ward, Sanchaung, Yangon","၂၇၅, ဗားကရာလမ်း, မြေနီကုန်းတောင်ရပ်ကွက်, စမ်းချောင်း",Sanchaung,စမ်းချောင်း,Yangon East,ရန်ကုန်အရှေ့ပိုင်း,Yangon,ရန်ကုန်,11431.0,16.825321,96.20694,,4.8,574,,Yangon,"Name: Mobile World (မိုဘိုင်းေဝါ). Category: Mobile Phone Shop. House Number: 275. Address: ၂၇၅, ဗားကရာလမ်း, မြေနီကုန်းတောင်ရပ်ကွက်, စမ်းချောင်း. Township: Sanchaung. District: Yangon East"
1155,Modern,မော်ဒန်,School,ကျောင်းနှင့် တက္ကသိုလ်,,,Thingangyun,Thingangyun,Thingangyun,,Yangon East,ရန်ကုန်အရှေ့ပိုင်း,Yangon,ရန်ကုန်,,16.840481,96.200561,,4.5,475,,Yangon,Name: Modern (မော်ဒန်). Category: School. Address: Thingangyun. Township: Thingangyun. District: Yangon East
389,Modern Myanmar,မော်ဒန်မြန်မာ,PP Boards & Signage Accessories,အထွေထွေအမျိုးအစား,1,1,"1 Than Thu Mar Road, Ward-29 Thuwunna, Thingangyun, Yangon","၁, သံသုမာလမ်း, သု၀ဏ္ဏ(၂၉)ရပ်ကွက်, သင်္ဃန်းကျွန်း",Thingangyun,သင်္ဃန်းကျွန်း,Yangon East,ရန်ကုန်အရှေ့ပိုင်း,Yangon,ရန်ကုန်,11431.0,16.81961,96.200656,,4.9,577,,Yangon,"Name: Modern Myanmar (မော်ဒန်မြန်မာ). Category: PP Boards & Signage Accessories. House Number: 1. Address: ၁, သံသုမာလမ်း, သု၀ဏ္ဏ(၂၉)ရပ်ကွက်, သင်္ဃန်းကျွန်း. Township: Thingangyun. District: Yangon East"
1241,Moe,မိုး,Shop,အထွေထွေအမျိုးအစား,,,Thingangyun,Thingangyun,Thingangyun,,Yangon East,ရန်ကုန်အရှေ့ပိုင်း,Yangon,ရန်ကုန်,,16.842478,96.202594,,4.1,133,,Yangon,Name: Moe (မိုး). Category: Shop. Address: Thingangyun. Township: Thingangyun. District: Yangon East
275,Moe Goke,မိုးကုတ်,Gas & Gas Stove Shop,အထွေထွေအမျိုးအစား,A1-2,at1-2,"A1-2 Banyardala Road, Bolein Aung Mingalar Ward, Tarmwe, Yangon","အေ၁-၂, ဗညားဒလလမ်း, ဘိုးဘိန်းအောင်မင်္ဂလာရပ်ကွက်, တာမွေ",Tarmwe,wmarG,Yangon East,ရန်ကုန်အရှေ့ပိုင်း,Yangon,ရန်ကုန်,11431.0,16.840229,96.202322,,4.5,235,,Yangon,"Name: Moe Goke (မိုးကုတ်). Category: Gas & Gas Stove Shop. House Number: A1-2. Address: အေ၁-၂, ဗညားဒလလမ်း, ဘိုးဘိန်းအောင်မင်္ဂလာရပ်ကွက်, တာမွေ. Township: Tarmwe. District: Yangon East"
308,Moe Hti Nan Taw,မိုးထိနန်းတော်,Silk Shop,အထွေထွေအမျိုးအစား,204,204,"204 Yanshin Street, Ward-3, Yankin, Yangon","၂၀၄, ရန်ရှင်းလမ်း, (၃)ရပ်ကွက်, ရန်ကင်း",Yankin,ရန်ကင်း,Yangon East,ရန်ကုန်အရှေ့ပိုင်း,Yangon,ရန်ကုန်,11431.0,16.817908,96.196957,,4.8,334,,Yangon,"Name: Moe Hti Nan Taw (မိုးထိနန်းတော်). Category: Silk Shop. House Number: 204. Address: ၂၀၄, ရန်ရှင်းလမ်း, (၃)ရပ်ကွက်, ရန်ကင်း. Township: Yankin. District: Yangon East"
1424,Moe Kaung Kin,မိုးကောင်းကင်,Shop,အထွေထွေအမျိုးအစား,,,Thingangyun,Thingangyun,Thingangyun,,Yangon East,ရန်ကုန်အရှေ့ပိုင်း,Yangon,ရန်ကုန်,,16.842637,96.202386,,4.4,82,,Yangon,Name: Moe Kaung Kin (မိုးကောင်းကင်). Category: Shop. Address: Thingangyun. Township: Thingangyun. District: Yangon East
694,Moe Moh Khaing,မိုးမို့ခိုင်,Restaurant,စားသောက်ဆိုင်,,,Thingangyun,Thingangyun,Thingangyun,,Yangon East,ရန်ကုန်အရှေ့ပိုင်း,Yangon,ရန်ကုန်,,16.82424,96.211597,,4.4,292,,Yangon,Name: Moe Moh Khaing (မိုးမို့ခိုင်). Category: Restaurant. Address: Thingangyun. Township: Thingangyun. District: Yangon East
907,Moe Sandar,မိုးစန္ဒာ,Shop,အထွေထွေအမျိုးအစား,,,Thingangyun,Thingangyun,Thingangyun,,Yangon East,ရန်ကုန်အရှေ့ပိုင်း,Yangon,ရန်ကုန်,,16.824105,96.206953,,4.7,331,,Yangon,Name: Moe Sandar (မိုးစန္ဒာ). Category: Shop. Address: Thingangyun. Township: Thingangyun. District: Yangon East
345,Moe Sun,မွန်းဆန်း,Construction Company,ဆောက်လုပ်ရေးနှင့် ဟာ့ဒ်ဝဲ,1/20,43485,"1/20 Than Thu Mar Road, Ward-24 Thuwunna, Thingangyun, Yangon","၄၃၄၈၅, သံသုမာလမ်း, သု၀ဏ္ဏ(၂၄)ရပ်ကွက်, သင်္ဃန်းကျွန်း",Thingangyun,သင်္ဃန်းကျွန်း,Yangon East,ရန်ကုန်အရှေ့ပိုင်း,Yangon,ရန်ကုန်,11431.0,16.817819,96.197718,,4.5,445,,Yangon,"Name: Moe Sun (မွန်းဆန်း). Category: Construction Company. House Number: 1/20. Address: ၄၃၄၈၅, သံသုမာလမ်း, သု၀ဏ္ဏ(၂၄)ရပ်ကွက်, သင်္ဃန်းကျွန်း. Township: Thingangyun. District: Yangon East"
1094,Moe Tauk Pan,မိုးသောက်ပန်း,Restaurant,စားသောက်ဆိုင်,,,Thingangyun,Thingangyun,Thingangyun,,Yangon East,ရန်ကုန်အရှေ့ပိုင်း,Yangon,ရန်ကုန်,,16.833095,96.208294,,4.4,292,,Yangon,Name: Moe Tauk Pan (မိုးသောက်ပန်း). Category: Restaurant. Address: Thingangyun. Township: Thingangyun. District: Yangon East
1974,Moe Thakyar,မိုးသိကြား,Shop,အထွေထွေအမျိုးအစား,,,Thingangyun,Thingangyun,Thingangyun,,Yangon East,ရန်ကုန်အရှေ့ပိုင်း,Yangon,ရန်ကုန်,,16.836367,96.186218,,4.4,532,,Yangon,Name: Moe Thakyar (မိုးသိကြား). Category: Shop. Address: Thingangyun. Township: Thingangyun. District: Yangon East
1117,Moe Thauk Kyal,မိုးသောက်ကြယ်,Hospital/Polyclinic,ဆေးရုံနှင့် ဆေးခန်း,,,Thingangyun,Thingangyun,Thingangyun,,Yangon East,ရန်ကုန်အရှေ့ပိုင်း,Yangon,ရန်ကုန်,,16.838244,96.207341,,4.7,361,,Yangon,Name: Moe Thauk Kyal (မိုးသောက်ကြယ်). Category: Hospital/Polyclinic. Address: Thingangyun. Township: Thingangyun. District: Yangon East
24,Moe Thauk Pan,မိုးသောက်ပန်း,Private High School,ကိုယ်ပိုင်ကျောင်း,2,2,"2 Thu Mingalar Road, Kyaikasan West Ward, Thingangyun, Yangon","၂, သုမင်္ဂလာလမ်း, ကျိုက္ကဆံရပ်ကွက်, သင်္ဃန်းကျွန်း",Thingangyun,သင်္ဃန်းကျွန်း,Yangon East,ရန်ကုန်အရှေ့ပိုင်း,Yangon,ရန်ကုန်,11431.0,16.832154,96.188373,,4.4,82,,Yangon,"Name: Moe Thauk Pan (မိုးသောက်ပန်း). Category: Private High School. House Number: 2. Address: ၂, သုမင်္ဂလာလမ်း, ကျိုက္ကဆံရပ်ကွက်, သင်္ဃန်းကျွန်း. Township: Thingangyun. District: Yangon East"
1846,Moe Thida,မိုးသီတာ,Repair Facility,ပြုပြင်ရေးလုပ်ငန်း,,,Thingangyun,Thingangyun,Thingangyun,,Yangon East,ရန်ကုန်အရှေ့ပိုင်း,Yangon,ရန်ကုန်,,16.8391,96.201193,,4.6,148,,Yangon,Name: Moe Thida (မိုးသီတာ). Category: Repair Facility. Address: Thingangyun. Township: Thingangyun. District: Yangon East
716,Mogok Wi Pa Ta Nar Dama Yeik Thar,မိုးကုတ်ဝိပဿနာဓမ္မရိပ်သာ,Place of Worship,ဘာသာရေးနေရာ,,,Thingangyun,Thingangyun,Thingangyun,,Yangon East,ရန်ကုန်အရှေ့ပိုင်း,Yangon,ရန်ကုန်,,16.823375,96.210632,,4.6,358,,Yangon,Name: Mogok Wi Pa Ta Nar Dama Yeik Thar (မိုးကုတ်ဝိပဿနာဓမ္မရိပ်သာ). Category: Place of Worship. Address: Thingangyun. Township: Thingangyun. District: Yangon East
1952,Mogoke,မိုးကုတ်,Shop,အထွေထွေအမျိုးအစား,,,Thingangyun,Thingangyun,Thingangyun,,Yangon East,ရန်ကုန်အရှေ့ပိုင်း,Yangon,ရန်ကုန်,,16.840224,96.202376,,4.2,466,,Yangon,Name: Mogoke (မိုးကုတ်). Category: Shop. Address: Thingangyun. Township: Thingangyun. District: Yangon East
788,Mole,မိုးလ်,Shop,အထွေထွေအမျိုးအစား,,,Thingangyun,Thingangyun,Thingangyun,,Yangon East,ရန်ကုန်အရှေ့ပိုင်း,Yangon,ရန်ကုန်,,16.817711,96.197686,,4.8,574,,Yangon,Name: Mole (မိုးလ်). Category: Shop. Address: Thingangyun. Township: Thingangyun. District: Yangon East
121,Mon Myat,မွန်မြတ်,Pharmacy,ဆေးဆိုင်,56,56,"56 Lay Daung Kan Road, Bo Kan Nyunt Ward, Thingangyun, Yangon","၅၆, လေးထောင့်ကန်လမ်း, ဗိုလ်ကံညွန့်ရပ်ကွက်, သင်္ဃန်းကျွန်း",Thingangyun,သင်္ဃန်းကျွန်း,Yangon East,ရန်ကုန်အရှေ့ပိုင်း,Yangon,ရန်ကုန်,11431.0,16.832234,96.194765,,4.1,373,,Yangon,"Name: Mon Myat (မွန်မြတ်). Category: Pharmacy. House Number: 56. Address: ၅၆, လေးထောင့်ကန်လမ်း, ဗိုလ်ကံညွန့်ရပ်ကွက်, သင်္ဃန်းကျွန်း. Township: Thingangyun. District: Yangon East"
1425,Mon Narr,မွန်နား,Shop,အထွေထွေအမျိုးအစား,,,Thingangyun,Thingangyun,Thingangyun,,Yangon East,ရန်ကုန်အရှေ့ပိုင်း,Yangon,ရန်ကုန်,,16.829076,96.202555,,4.5,85,,Yangon,Name: Mon Narr (မွန်နား). Category: Shop. Address: Thingangyun. Township: Thingangyun. District: Yangon East
27,Money Changer,မန်းနီးချိန်ချာ,Money Changer,ဘဏ်နှင့် ငွေကြေးဝန်ဆောင်မှု,31,31,"31 East Hourse Race Course Road, Tarmwe Gyi (Kha) Ward, Tarmwe, Yangon","၃၁, အရှေ့မြင်းပြိုင်ကွင်းလမ်း, တာမွေကြီး(ခ)ရပ်ကွက်, တာမွေ",Tarmwe,wmarG,Yangon East,ရန်ကုန်အရှေ့ပိုင်း,Yangon,ရန်ကုန်,11431.0,16.82819,96.187724,,4.7,91,,Yangon,"Name: Money Changer (မန်းနီးချိန်ချာ). Category: Money Changer. House Number: 31. Address: ၃၁, အရှေ့မြင်းပြိုင်ကွင်းလမ်း, တာမွေကြီး(ခ)ရပ်ကွက်, တာမွေ. Township: Tarmwe. District: Yangon East"
195,Money King,မန်းနီးကင်း,Currency Exchange,ဘဏ်နှင့် ငွေကြေးဝန်ဆောင်မှု,73,73,"73 Lay Daung Kan Road, Lay Daunkan Ward, Thingangyun, Yangon","၇၃, လေးထောင့်ကန်လမ်း, လေးဒေါင့်ကန်ရပ်ကွက်, သင်္ဃန်းကျွန်း",Thingangyun,သင်္ဃန်းကျွန်း,Yangon East,ရန်ကုန်အရှေ့ပိုင်း,Yangon,ရန်ကုန်,11431.0,16.837644,96.200273,,4.5,595,,Yangon,"Name: Money King (မန်းနီးကင်း). Category: Currency Exchange. House Number: 73. Address: ၇၃, လေးထောင့်ကန်လမ်း, လေးဒေါင့်ကန်ရပ်ကွက်, သင်္ဃန်းကျွန်း. Township: Thingangyun. District: Yangon East"
1684,Moon,မွန်း,Shop,အထွေထွေအမျိုးအစား,,,Thingangyun,Thingangyun,Thingangyun,,Yangon East,ရန်ကုန်အရှေ့ပိုင်း,Yangon,ရန်ကုန်,,16.840331,96.202147,,4.4,262,,Yangon,Name: Moon (မွန်း). Category: Shop. Address: Thingangyun. Township: Thingangyun. District: Yangon East
39,Moon Light,မွန်းလိုက်,Beauty Salon,အလှပြင်နှင့် အပ်ချုပ်ဆိုင်,310,310,"310 Ngamoeyeik 7th Street, Nga Moe Yeik Ward, Thingangyun, Yangon","၃၁၀, ငမိုးရိပ်၇လမ်း, ငမိုးရိပ်ရပ်ကွက်, သင်္ဃန်းကျွန်း",Thingangyun,သင်္ဃန်းကျွန်း,Yangon East,ရန်ကုန်အရှေ့ပိုင်း,Yangon,ရန်ကုန်,11431.0,16.843626,96.202507,,4.9,127,,Yangon,"Name: Moon Light (မွန်းလိုက်). Category: Beauty Salon. House Number: 310. Address: ၃၁၀, ငမိုးရိပ်၇လမ်း, ငမိုးရိပ်ရပ်ကွက်, သင်္ဃန်းကျွန်း. Township: Thingangyun. District: Yangon East"
765,Mother Smile,မားသားစမိုင်း,Shop,အထွေထွေအမျိုးအစား,,,Thingangyun,Thingangyun,Thingangyun,,Yangon East,ရန်ကုန်အရှေ့ပိုင်း,Yangon,ရန်ကုန်,,16.844262,96.202594,,4.5,505,,Yangon,Name: Mother Smile (မားသားစမိုင်း). Category: Shop. Address: Thingangyun. Township: Thingangyun. District: Yangon East
309,Mr Pet,မစ္စတာပတ်,Pet Food Accessories,စားသောက်ဆိုင်,132,132,"132 Than Thu Mar Road, Supaing Ward, Thingangyun, Yangon","၁၃၂, သံသုမာလမ်း, စုပေါင်းရပ်ကွက်, သင်္ဃန်းကျွန်း",Thingangyun,သင်္ဃန်းကျွန်း,Yangon East,ရန်ကုန်အရှေ့ပိုင်း,Yangon,ရန်ကုန်,11431.0,16.817039,96.195185,,4.9,337,,Yangon,"Name: Mr Pet (မစ္စတာပတ်). Category: Pet Food Accessories. House Number: 132. Address: ၁၃၂, သံသုမာလမ်း, စုပေါင်းရပ်ကွက်, သင်္ဃန်းကျွန်း. Township: Thingangyun. District: Yangon East"
1288,Mr. Cool,မစ်စတာကူး(လ်),Shop,အထွေထွေအမျိုးအစား,,,Thingangyun,Thingangyun,Thingangyun,,Yangon East,ရန်ကုန်အရှေ့ပိုင်း,Yangon,ရန်ကုန်,,16.843019,96.201611,,4.8,274,,Yangon,Name: Mr. Cool (မစ်စတာကူး(လ်)). Category: Shop. Address: Thingangyun. Township: Thingangyun. District: Yangon East
25,Music Spider,မြူးဇစ် စပိုင်ဒါ,Bar,ဘားနှင့် ဖျော်ဖြေရေး,27/A,27^at,"27/A Thu Mingalar Road, Zawana Ward, Thingangyun, Yangon","၂၇^အေ, သုမင်္ဂလာလမ်း, ဇ၀နရပ်ကွက်, သင်္ဃန်းကျွန်း",Thingangyun,သင်္ဃန်းကျွန်း,Yangon East,ရန်ကုန်အရှေ့ပိုင်း,Yangon,ရန်ကုန်,11431.0,16.830668,96.188684,,4.5,85,,Yangon,"Name: Music Spider (မြူးဇစ် စပိုင်ဒါ). Category: Bar. House Number: 27/A. Address: ၂၇^အေ, သုမင်္ဂလာလမ်း, ဇ၀နရပ်ကွက်, သင်္ဃန်းကျွန်း. Township: Thingangyun. District: Yangon East"
1893,Music Spider,မြူးဇစ် စပိုက်ဒါ,Theater,ပြတိုက်နှင့် ယဉ်ကျေးမှု,,,Thingangyun,Thingangyun,Thingangyun,,Yangon East,ရန်ကုန်အရှေ့ပိုင်း,Yangon,ရန်ကုန်,,16.830674,96.188693,,4.3,289,,Yangon,Name: Music Spider (မြူးဇစ် စပိုက်ဒါ). Category: Theater. Address: Thingangyun. Township: Thingangyun. District: Yangon East
26,Music Zone,မြူးဇစ်ဇုန်,Restaurant & KTV,ဘားနှင့် ဖျော်ဖြေရေး,27/B,27^bD,"27/B Thu Mingalar Road, Zawana Ward, Thingangyun, Yangon","၂၇^ဘီ, သုမင်္ဂလာလမ်း, ဇ၀နရပ်ကွက်, သင်္ဃန်းကျွန်း",Thingangyun,သင်္ဃန်းကျွန်း,Yangon East,ရန်ကုန်အရှေ့ပိုင်း,Yangon,ရန်ကုန်,11431.0,16.830447,96.188757,,4.6,88,,Yangon,"Name: Music Zone (မြူးဇစ်ဇုန်). Category: Restaurant & KTV. House Number: 27/B. Address: ၂၇^ဘီ, သုမင်္ဂလာလမ်း, ဇ၀နရပ်ကွက်, သင်္ဃန်းကျွန်း. Township: Thingangyun. District: Yangon East"
1894,Music Zone,မြူးဇစ် ဇုန်,Theater,ပြတိုက်နှင့် ယဉ်ကျေးမှု,,,Thingangyun,Thingangyun,Thingangyun,,Yangon East,ရန်ကုန်အရှေ့ပိုင်း,Yangon,ရန်ကုန်,,16.830478,96.188763,,4.4,292,,Yangon,Name: Music Zone (မြူးဇစ် ဇုန်). Category: Theater. Address: Thingangyun. Township: Thingangyun. District: Yangon East
1969,My,မိုင်,Shop,အထွေထွေအမျိုးအစား,,,Thingangyun,Thingangyun,Thingangyun,,Yangon East,ရန်ကုန်အရှေ့ပိုင်း,Yangon,ရန်ကုန်,,16.829311,96.188567,,4.9,517,,Yangon,Name: My (မိုင်). Category: Shop. Address: Thingangyun. Township: Thingangyun. District: Yangon East
1554,My Bird's Nest,မိုင်ဘတ်စ်နတ်စ်,Shop,အထွေထွေအမျိုးအစား,,,Thingangyun,Thingangyun,Thingangyun,,Yangon East,ရန်ကုန်အရှေ့ပိုင်း,Yangon,ရန်ကုန်,,16.83016,96.182584,,4.4,472,,Yangon,Name: My Bird's Nest (မိုင်ဘတ်စ်နတ်စ်). Category: Shop. Address: Thingangyun. Township: Thingangyun. District: Yangon East
676,My Friends 2,မိုင်ဖရန့် (၂) အလင်းဆိုင်,Restaurant,စားသောက်ဆိုင်,,,Thingangyun,Thingangyun,Thingangyun,,Yangon East,ရန်ကုန်အရှေ့ပိုင်း,Yangon,ရန်ကုန်,,16.828362,96.189321,,4.6,238,,Yangon,Name: My Friends 2 (မိုင်ဖရန့် (၂) အလင်းဆိုင်). Category: Restaurant. Address: Thingangyun. Township: Thingangyun. District: Yangon East
1195,"My Future Trading Co., Ltd.",မိုင်ဖီးချားထရေးဒင်းကုမ္ပဏီလီမိတက်,Company,ရုံးခန်းနှင့် လူနေအိမ်ရာ,,,Thingangyun,Thingangyun,Thingangyun,,Yangon East,ရန်ကုန်အရှေ့ပိုင်း,Yangon,ရန်ကုန်,,16.828263,96.207794,,4.5,595,,Yangon,"Name: My Future Trading Co., Ltd. (မိုင်ဖီးချားထရေးဒင်းကုမ္ပဏီလီမိတက်). Category: Company. Address: Thingangyun. Township: Thingangyun. District: Yangon East"
106,My Inn,အိုမ် အင်း,Company,ရုံးခန်းနှင့် လူနေအိမ်ရာ,10,10,"10 Yadanar Road, Bawa Myint Ward, Thingangyun, Yangon","၁၀, ရတနာလမ်း, ဘ၀မြင့်ရပ်ကွက်, သင်္ဃန်းကျွန်း",Thingangyun,သင်္ဃန်းကျွန်း,Yangon East,ရန်ကုန်အရှေ့ပိုင်း,Yangon,ရန်ကုန်,11431.0,16.844905,96.200047,,4.6,328,,Yangon,"Name: My Inn (အိုမ် အင်း). Category: Company. House Number: 10. Address: ၁၀, ရတနာလမ်း, ဘ၀မြင့်ရပ်ကွက်, သင်္ဃန်းကျွန်း. Township: Thingangyun. District: Yangon East"
875,Mya,မြ,Shop,အထွေထွေအမျိုးအစား,,,Thingangyun,Thingangyun,Thingangyun,,Yangon East,ရန်ကုန်အရှေ့ပိုင်း,Yangon,ရန်ကုန်,,16.829808,96.212471,,4.5,235,,Yangon,Name: Mya (မြ). Category: Shop. Address: Thingangyun. Township: Thingangyun. District: Yangon East
82,Mya Bayin,မြဘုရင်,Retail Outlet,စျေးနှင့် ကုန်စုံဆိုင်,101,101,"101 Lay Daung Kan Road, (Sa Ka)Ward, Thingangyun, Yangon","၁၀၁, လေးထောင့်ကန်လမ်း, (ဆ^က)ရပ်ကွက်, သင်္ဃန်းကျွန်း",Thingangyun,သင်္ဃန်းကျွန်း,Yangon East,ရန်ကုန်အရှေ့ပိုင်း,Yangon,ရန်ကုန်,11431.0,16.832432,96.194478,,4.2,256,,Yangon,"Name: Mya Bayin (မြဘုရင်). Category: Retail Outlet. House Number: 101. Address: ၁၀၁, လေးထောင့်ကန်လမ်း, (ဆ^က)ရပ်ကွက်, သင်္ဃန်းကျွန်း. Township: Thingangyun. District: Yangon East"
1685,Mya In May,မြအင်မေ,Shop,အထွေထွေအမျိုးအစား,,,Thingangyun,Thingangyun,Thingangyun,,Yangon East,ရန်ကုန်အရှေ့ပိုင်း,Yangon,ရန်ကုန်,,16.843145,96.201695,,4.5,265,,Yangon,Name: Mya In May (မြအင်မေ). Category: Shop. Address: Thingangyun. Township: Thingangyun. District: Yangon East
486,Mya Myint Zue,Mya Myint Zue,Restaurant,စားသောက်ဆိုင်,,,"Ward 25 Thuwunna (TGGN), Thingangyun","Ward 25 Thuwunna (TGGN), Thingangyun",Thingangyun,,Yangon East,ရန်ကုန်အရှေ့ပိုင်း,Yangon,ရန်ကုန်,,16.8215,96.203,,4.6,268,,Yangon,"Name: Mya Myint Zue. Category: Restaurant. Address: Ward 25 Thuwunna (TGGN), Thingangyun. Township: Thingangyun. District: Yangon East"
390,Mya Nandar,မြနန္ဒာ,Thai Restaurant,စားသောက်ဆိုင်,2-Apr,43500,"2/4 Than Thu Mar Road, Ward-29 Thuwunna, Thingangyun, Yangon","၄၃၅၀၀, သံသုမာလမ်း, သု၀ဏ္ဏ(၂၉)ရပ်ကွက်, သင်္ဃန်းကျွန်း",Thingangyun,သင်္ဃန်းကျွန်း,Yangon East,ရန်ကုန်အရှေ့ပိုင်း,Yangon,ရန်ကုန်,11431.0,16.818161,96.198443,,4,580,,Yangon,"Name: Mya Nandar (မြနန္ဒာ). Category: Thai Restaurant. House Number: 2-Apr. Address: ၄၃၅၀၀, သံသုမာလမ်း, သု၀ဏ္ဏ(၂၉)ရပ်ကွက်, သင်္ဃန်းကျွန်း. Township: Thingangyun. District: Yangon East"
923,Mya Tain Gar,မြသိင်္ဂာ,Shop,အထွေထွေအမျိုးအစား,,,Thingangyun,Thingangyun,Thingangyun,,Yangon East,ရန်ကုန်အရှေ့ပိုင်း,Yangon,ရန်ကုန်,,16.821234,96.204834,,4.3,379,,Yangon,Name: Mya Tain Gar (မြသိင်္ဂာ). Category: Shop. Address: Thingangyun. Township: Thingangyun. District: Yangon East
1758,Mya Than Dar,မြသန္တာ,Shop,အထွေထွေအမျိုးအစား,,,Thingangyun,Thingangyun,Thingangyun,,Yangon East,ရန်ကုန်အရှေ့ပိုင်း,Yangon,ရန်ကုန်,,16.84169,96.20085,,4.8,484,,Yangon,Name: Mya Than Dar (မြသန္တာ). Category: Shop. Address: Thingangyun. Township: Thingangyun. District: Yangon East
876,Mya Tharaphu,မြသရဖူ,Shop,အထွေထွေအမျိုးအစား,,,Thingangyun,Thingangyun,Thingangyun,,Yangon East,ရန်ကုန်အရှေ့ပိုင်း,Yangon,ရန်ကုန်,,16.828176,96.210271,,4.6,238,,Yangon,Name: Mya Tharaphu (မြသရဖူ). Category: Shop. Address: Thingangyun. Township: Thingangyun. District: Yangon East
614,Mya Thit Sar,Mya Thit Sar,Shop,အထွေထွေအမျိုးအစား,,,"Nga/Ka Ward (TGGN), Thingangyun","Nga/Ka Ward (TGGN), Thingangyun",Thingangyun,,Yangon East,ရန်ကုန်အရှေ့ပိုင်း,Yangon,ရန်ကုန်,,16.8344,96.2079,,4.4,52,,Yangon,"Name: Mya Thit Sar. Category: Shop. Address: Nga/Ka Ward (TGGN), Thingangyun. Township: Thingangyun. District: Yangon East"
643,Mya Ya Mon,မြယမုံ ကမ်းသာယာအိမ်ရာ,Residential Accommodation,အထွေထွေအမျိုးအစား,,,Thingangyun,Thingangyun,Thingangyun,,Yangon East,ရန်ကုန်အရှေ့ပိုင်း,Yangon,ရန်ကုန်,,16.846962,96.211684,,4.3,139,,Yangon,Name: Mya Ya Mon (မြယမုံ ကမ်းသာယာအိမ်ရာ). Category: Residential Accommodation. Address: Thingangyun. Township: Thingangyun. District: Yangon East
615,Mya Yamone Housing,Mya Yamone Housing,Residence,ရုံးခန်းနှင့် လူနေအိမ်ရာ,,,"Kyi Pwar Yae Ward (TGGN), Thingangyun","Kyi Pwar Yae Ward (TGGN), Thingangyun",Thingangyun,,Yangon East,ရန်ကုန်အရှေ့ပိုင်း,Yangon,ရန်ကုန်,,16.8434,96.2129,,4.5,55,,Yangon,"Name: Mya Yamone Housing. Category: Residence. Address: Kyi Pwar Yae Ward (TGGN), Thingangyun. Township: Thingangyun. District: Yangon East"
487,Myanma Economic Bank,Myanma Economic Bank,Bank,ဘဏ်နှင့် ငွေကြေးဝန်ဆောင်မှု,,,"Thu Mingalar Rd, Kyaikasan West Ward (TGGN), Thingangyun","Thu Mingalar Rd, Kyaikasan West Ward (TGGN), Thingangyun",Thingangyun,,Yangon East,ရန်ကုန်အရှေ့ပိုင်း,Yangon,ရန်ကုန်,,16.8329,96.1879,,4.7,271,,Yangon,"Name: Myanma Economic Bank. Category: Bank. Address: Thu Mingalar Rd, Kyaikasan West Ward (TGGN), Thingangyun. Township: Thingangyun. District: Yangon East"
1388,Myanmar,မြန်မာ,Shop,အထွေထွေအမျိုးအစား,,,Thingangyun,Thingangyun,Thingangyun,,Yangon East,ရန်ကုန်အရှေ့ပိုင်း,Yangon,ရန်ကုန်,,16.826822,96.207471,,4.8,574,,Yangon,Name: Myanmar (မြန်မာ). Category: Shop. Address: Thingangyun. Township: Thingangyun. District: Yangon East
1216,Myanmar,မြန်မာ,Shop,အထွေထွေအမျိုးအစား,,,Thingangyun,Thingangyun,Thingangyun,,Yangon East,ရန်ကုန်အရှေ့ပိုင်း,Yangon,ရန်ကုန်,,16.82957,96.18631,,4.6,58,,Yangon,Name: Myanmar (မြန်မာ). Category: Shop. Address: Thingangyun. Township: Thingangyun. District: Yangon East
1937,"Myanmar Auto Mobile Co., Ltd.",မြန်မာအော်တိုမိုဘိုင်းကုမ္ပဏီလီမီတက်,Company,ရုံးခန်းနှင့် လူနေအိမ်ရာ,,,Thingangyun,Thingangyun,Thingangyun,,Yangon East,ရန်ကုန်အရှေ့ပိုင်း,Yangon,ရန်ကုန်,,16.84363,96.198773,,4.7,421,,Yangon,"Name: Myanmar Auto Mobile Co., Ltd. (မြန်မာအော်တိုမိုဘိုင်းကုမ္ပဏီလီမီတက်). Category: Company. Address: Thingangyun. Township: Thingangyun. District: Yangon East"
107,Myanmar Automobile,မြန်မာအော်တိုမိုဘိုင်း,Company,ရုံးခန်းနှင့် လူနေအိမ်ရာ,3,3,"3 Yadanar Road, Bawa Myint Ward, Thingangyun, Yangon","၃, ရတနာလမ်း, ဘ၀မြင့်ရပ်ကွက်, သင်္ဃန်းကျွန်း",Thingangyun,သင်္ဃန်းကျွန်း,Yangon East,ရန်ကုန်အရှေ့ပိုင်း,Yangon,ရန်ကုန်,11431.0,16.843616,96.198757,,4.7,331,,Yangon,"Name: Myanmar Automobile (မြန်မာအော်တိုမိုဘိုင်း). Category: Company. House Number: 3. Address: ၃, ရတနာလမ်း, ဘ၀မြင့်ရပ်ကွက်, သင်္ဃန်းကျွန်း. Township: Thingangyun. District: Yangon East"
1828,Myanmar Dental Association,မြန်မာနိုင်ငံသွားနှင့်ခံတွင်းဆရာ၀န်အသင်း,Club & Association,အထွေထွေအမျိုးအစား,,,Thingangyun,Thingangyun,Thingangyun,,Yangon East,ရန်ကုန်အရှေ့ပိုင်း,Yangon,ရန်ကုန်,,16.836462,96.207891,,4.8,94,,Yangon,Name: Myanmar Dental Association (မြန်မာနိုင်ငံသွားနှင့်ခံတွင်းဆရာ၀န်အသင်း). Category: Club & Association. Address: Thingangyun. Township: Thingangyun. District: Yangon East
1336,Myanmar Golden Credit,မြန်မာဂိုးဒင်းခရက်ဒစ်,Shop,အထွေထွေအမျိုးအစား,,,Thingangyun,Thingangyun,Thingangyun,,Yangon East,ရန်ကုန်အရှေ့ပိုင်း,Yangon,ရန်ကုန်,,16.821271,96.197119,,4.6,418,,Yangon,Name: Myanmar Golden Credit (မြန်မာဂိုးဒင်းခရက်ဒစ်). Category: Shop. Address: Thingangyun. Township: Thingangyun. District: Yangon East
616,Myanmar Jade Crown,Myanmar Jade Crown,Shop,အထွေထွေအမျိုးအစား,,,"Mikyaung Kan (3) Ward (TGGN), Thingangyun","Mikyaung Kan (3) Ward (TGGN), Thingangyun",Thingangyun,,Yangon East,ရန်ကုန်အရှေ့ပိုင်း,Yangon,ရန်ကုန်,,16.8322,96.1785,,4.6,58,,Yangon,"Name: Myanmar Jade Crown. Category: Shop. Address: Mikyaung Kan (3) Ward (TGGN), Thingangyun. Township: Thingangyun. District: Yangon East"
196,Myanmar Net,မြန်မာနက်,Wi-Fi Service,ပြုပြင်ရေးလုပ်ငန်း,64,64,"64 Lay Daung Kan Road, Lay Daunkan Ward, Thingangyun, Yangon","၆၄, လေးထောင့်ကန်လမ်း, လေးဒေါင့်ကန်ရပ်ကွက်, သင်္ဃန်းကျွန်း",Thingangyun,သင်္ဃန်းကျွန်း,Yangon East,ရန်ကုန်အရှေ့ပိုင်း,Yangon,ရန်ကုန်,11431.0,16.838167,96.200839,,4.6,598,,Yangon,"Name: Myanmar Net (မြန်မာနက်). Category: Wi-Fi Service. House Number: 64. Address: ၆၄, လေးထောင့်ကန်လမ်း, လေးဒေါင့်ကန်ရပ်ကွက်, သင်္ဃန်းကျွန်း. Township: Thingangyun. District: Yangon East"
713,Myanmar Police Station Thingangyun,မြန်မာနိုင်ငံရဲတပ်ဖွဲ့သင်္ဃန်းကျွန်း,Police Station,အထွေထွေအမျိုးအစား,,,Thingangyun,Thingangyun,Thingangyun,,Yangon East,ရန်ကုန်အရှေ့ပိုင်း,Yangon,ရန်ကုန်,,16.82497,96.205853,,4.3,349,,Yangon,Name: Myanmar Police Station Thingangyun (မြန်မာနိုင်ငံရဲတပ်ဖွဲ့သင်္ဃန်းကျွန်း). Category: Police Station. Address: Thingangyun. Township: Thingangyun. District: Yangon East
1372,Myanmar Pyi Thar,မြန်မာပြည်သား,Shop,အထွေထွေအမျိုးအစား,,,Thingangyun,Thingangyun,Thingangyun,,Yangon East,ရန်ကုန်အရှေ့ပိုင်း,Yangon,ရန်ကုန်,,16.838113,96.207311,,4.2,526,,Yangon,Name: Myanmar Pyi Thar (မြန်မာပြည်သား). Category: Shop. Address: Thingangyun. Township: Thingangyun. District: Yangon East
1196,"Myanmar Shwe Pyi Tan Trading Co., Ltd.",မြန်မာရွှေပြည်တန်ထရိတ်ဒင်းကုမ္ပဏီလီမိတက်,Company,ရုံးခန်းနှင့် လူနေအိမ်ရာ,,,Thingangyun,Thingangyun,Thingangyun,,Yangon East,ရန်ကုန်အရှေ့ပိုင်း,Yangon,ရန်ကုန်,,16.82892,96.18167,,4.6,598,,Yangon,"Name: Myanmar Shwe Pyi Tan Trading Co., Ltd. (မြန်မာရွှေပြည်တန်ထရိတ်ဒင်းကုမ္ပဏီလီမိတက်). Category: Company. Address: Thingangyun. Township: Thingangyun. District: Yangon East"
726,Myanmar Tailor Design School,မြန်မာဒီဇိုင်းသင်တန်းကျောင်း,School,ကျောင်းနှင့် တက္ကသိုလ်,,,Thingangyun,Thingangyun,Thingangyun,,Yangon East,ရန်ကုန်အရှေ့ပိုင်း,Yangon,ရန်ကုန်,,16.826185,96.209112,,4.6,388,,Yangon,Name: Myanmar Tailor Design School (မြန်မာဒီဇိုင်းသင်တန်းကျောင်း). Category: School. Address: Thingangyun. Township: Thingangyun. District: Yangon East
1569,Myat Nan Theingi,မြတ်နန်းသိင်္ဂ,Shop,အထွေထွေအမျိုးအစား,,,Thingangyun,Thingangyun,Thingangyun,,Yangon East,ရန်ကုန်အရှေ့ပိုင်း,Yangon,ရန်ကုန်,,16.833646,96.178534,,4.9,517,,Yangon,Name: Myat Nan Theingi (မြတ်နန်းသိင်္ဂ). Category: Shop. Address: Thingangyun. Township: Thingangyun. District: Yangon East
1686,Myat Noe Eain,မြတ်နိုးအိမ်,Shop,အထွေထွေအမျိုးအစား,,,Thingangyun,Thingangyun,Thingangyun,,Yangon East,ရန်ကုန်အရှေ့ပိုင်း,Yangon,ရန်ကုန်,,16.833902,96.20398,,4.6,268,,Yangon,Name: Myat Noe Eain (မြတ်နိုးအိမ်). Category: Shop. Address: Thingangyun. Township: Thingangyun. District: Yangon East
1759,Myat Phu Pwint,မြတ်ဖူးပွင့်,Shop,အထွေထွေအမျိုးအစား,,,Thingangyun,Thingangyun,Thingangyun,,Yangon East,ရန်ကုန်အရှေ့ပိုင်း,Yangon,ရန်ကုန်,,16.838456,96.202605,,4.9,487,,Yangon,Name: Myat Phu Pwint (မြတ်ဖူးပွင့်). Category: Shop. Address: Thingangyun. Township: Thingangyun. District: Yangon East
276,Myat Thit,မြတ်သစ်,Monk Robe,အထွေထွေအမျိုးအစား,1265,1265,"1265 Thitsar Road, Ward-7, South Okkalapa, Yangon","၁၂၆၅, သစ္စာလမ်း, (၇)ရပ်ကွက်, တောင်ဥက္ကလာ",South Okkalapa,awmifOuúvm,Yangon East,ရန်ကုန်အရှေ့ပိုင်း,Yangon,ရန်ကုန်,11431.0,16.839061,96.201176,,4.6,238,,Yangon,"Name: Myat Thit (မြတ်သစ်). Category: Monk Robe. House Number: 1265. Address: ၁၂၆၅, သစ္စာလမ်း, (၇)ရပ်ကွက်, တောင်ဥက္ကလာ. Township: South Okkalapa. District: Yangon East"
1954,Myat Thit,မြတ်သစ်,Shop,အထွေထွေအမျိုးအစား,,,Thingangyun,Thingangyun,Thingangyun,,Yangon East,ရန်ကုန်အရှေ့ပိုင်း,Yangon,ရန်ကုန်,,16.839042,96.20118,,4.4,472,,Yangon,Name: Myat Thit (မြတ်သစ်). Category: Shop. Address: Thingangyun. Township: Thingangyun. District: Yangon East
122,Myat Thu Ka,မြတ်သုခ,Pharmacy,ဆေးဆိုင်,32,32,"32 Lay Daung Kan Road, Bo Kan Nyunt Ward, Thingangyun, Yangon","၃၂, လေးထောင့်ကန်လမ်း, ဗိုလ်ကံညွန့်ရပ်ကွက်, သင်္ဃန်းကျွန်း",Thingangyun,သင်္ဃန်းကျွန်း,Yangon East,ရန်ကုန်အရှေ့ပိုင်း,Yangon,ရန်ကုန်,11431.0,16.832634,96.195093,,4.2,376,,Yangon,"Name: Myat Thu Ka (မြတ်သုခ). Category: Pharmacy. House Number: 32. Address: ၃၂, လေးထောင့်ကန်လမ်း, ဗိုလ်ကံညွန့်ရပ်ကွက်, သင်္ဃန်းကျွန်း. Township: Thingangyun. District: Yangon East"
1829,Myat Yadanar A Thin,မြတ်ရတနာအသင်း,Club & Association,အထွေထွေအမျိုးအစား,,,Thingangyun,Thingangyun,Thingangyun,,Yangon East,ရန်ကုန်အရှေ့ပိုင်း,Yangon,ရန်ကုန်,,16.825415,96.207015,,4.9,97,,Yangon,Name: Myat Yadanar A Thin (မြတ်ရတနာအသင်း). Category: Club & Association. Address: Thingangyun. Township: Thingangyun. District: Yangon East
1095,Myate,မြိတ်,Restaurant,စားသောက်ဆိုင်,,,Thingangyun,Thingangyun,Thingangyun,,Yangon East,ရန်ကုန်အရှေ့ပိုင်း,Yangon,ရန်ကုန်,,16.823937,96.199238,,4.5,295,,Yangon,Name: Myate (မြိတ်). Category: Restaurant. Address: Thingangyun. Township: Thingangyun. District: Yangon East
391,Myaung Mya Daw Cho,မြောင်းမြ ဒေါ်ချို,Mont Hin Gar Shop,အထွေထွေအမျိုးအစား,115,115,"115 Sayar San Road, North Sayar (East) Ward, Bahan, Yangon","၁၁၅, ဆရာစံလမ်း, ဆရာစံမြောက်အရှေ့ရပ်ကွက်, ဗဟန်း",Bahan,ဗဟန်း,Yangon East,ရန်ကုန်အရှေ့ပိုင်း,Yangon,ရန်ကုန်,11431.0,16.819573,96.20061,,4.1,583,,Yangon,"Name: Myaung Mya Daw Cho (မြောင်းမြ ဒေါ်ချို). Category: Mont Hin Gar Shop. House Number: 115. Address: ၁၁၅, ဆရာစံလမ်း, ဆရာစံမြောက်အရှေ့ရပ်ကွက်, ဗဟန်း. Township: Bahan. District: Yangon East"
7,Myin Chan,မြင်းခြံ,Restaurant (Burmese Food),စားသောက်ဆိုင်,1136,1136,"1136 Thu Mingalar Road, Ward-16\1, Thingangyun, Yangon","၁၁၃၆, သုမင်္ဂလာလမ်း, (၁၆^၁)ရပ်ကွက်, သင်္ဃန်းကျွန်း",Thingangyun,သင်္ဃန်းကျွန်း,Yangon East,ရန်ကုန်အရှေ့ပိုင်း,Yangon,ရန်ကုန်,11431.0,16.833884,96.187023,,4.7,31,,Yangon,"Name: Myin Chan (မြင်းခြံ). Category: Restaurant (Burmese Food). House Number: 1136. Address: ၁၁၃၆, သုမင်္ဂလာလမ်း, (၁၆^၁)ရပ်ကွက်, သင်္ဃန်းကျွန်း. Township: Thingangyun. District: Yangon East"
1731,Myin Chan Min Min,မြင့်ခြံမင်းမင်း,Shop,အထွေထွေအမျိုးအစား,,,Thingangyun,Thingangyun,Thingangyun,,Yangon East,ရန်ကုန်အရှေ့ပိုင်း,Yangon,ရန်ကုန်,,16.830225,96.207786,,4.1,403,,Yangon,Name: Myin Chan Min Min (မြင့်ခြံမင်းမင်း). Category: Shop. Address: Thingangyun. Township: Thingangyun. District: Yangon East
392,Myin Pyan,မြင်းပျံ,Construction Material,ဆောက်လုပ်ရေးနှင့် ဟာ့ဒ်ဝဲ,166,166,"166 Than Thu Mar Road, Ward-29 Thuwunna, Thingangyun, Yangon","၁၆၆, သံသုမာလမ်း, သု၀ဏ္ဏ(၂၉)ရပ်ကွက်, သင်္ဃန်းကျွန်း",Thingangyun,သင်္ဃန်းကျွန်း,Yangon East,ရန်ကုန်အရှေ့ပိုင်း,Yangon,ရန်ကုန်,11431.0,16.822803,96.205275,,4.2,586,,Yangon,"Name: Myin Pyan (မြင်းပျံ). Category: Construction Material. House Number: 166. Address: ၁၆၆, သံသုမာလမ်း, သု၀ဏ္ဏ(၂၉)ရပ်ကွက်, သင်္ဃန်းကျွန်း. Township: Thingangyun. District: Yangon East"
1311,Myin Yine,မြင်းရိုင်း,Shop,အထွေထွေအမျိုးအစား,,,Thingangyun,Thingangyun,Thingangyun,,Yangon East,ရန်ကုန်အရှေ့ပိုင်း,Yangon,ရန်ကုန်,,16.840333,96.206765,,4.1,343,,Yangon,Name: Myin Yine (မြင်းရိုင်း). Category: Shop. Address: Thingangyun. Township: Thingangyun. District: Yangon East
1888,Myinchan,မြင်းခြံ,Restaurant,စားသောက်ဆိုင်,,,Thingangyun,Thingangyun,Thingangyun,,Yangon East,ရန်ကုန်အရှေ့ပိုင်း,Yangon,ရန်ကုန်,,16.833553,96.18717,,4.8,274,,Yangon,Name: Myinchan (မြင်းခြံ). Category: Restaurant. Address: Thingangyun. Township: Thingangyun. District: Yangon East
2001,Myint,မြင့်,Shop,အထွေထွေအမျိုးအစား,,,Thingangyun,Thingangyun,Thingangyun,,Yangon East,ရန်ကုန်အရှေ့ပိုင်း,Yangon,ရန်ကုန်,,16.833613,96.177818,,4.1,13,,Yangon,Name: Myint (မြင့်). Category: Shop. Address: Thingangyun. Township: Thingangyun. District: Yangon East
1426,Myint Mo,မြင့်မိုရ်,Shop,အထွေထွေအမျိုးအစား,,,Thingangyun,Thingangyun,Thingangyun,,Yangon East,ရန်ကုန်အရှေ့ပိုင်း,Yangon,ရန်ကုန်,,16.82926,96.18313,,4.6,88,,Yangon,Name: Myint Mo (မြင့်မိုရ်). Category: Shop. Address: Thingangyun. Township: Thingangyun. District: Yangon East
1312,Myint Mo Oo,မြင့်မိုရ်ဦး,Shop,အထွေထွေအမျိုးအစား,,,Thingangyun,Thingangyun,Thingangyun,,Yangon East,ရန်ကုန်အရှေ့ပိုင်း,Yangon,ရန်ကုန်,,16.834233,96.206311,,4.2,346,,Yangon,Name: Myint Mo Oo (မြင့်မိုရ်ဦး). Category: Shop. Address: Thingangyun. Township: Thingangyun. District: Yangon East
1118,Myittar,မေတ္တာ,Hospital/Polyclinic,ဆေးရုံနှင့် ဆေးခန်း,,,Thingangyun,Thingangyun,Thingangyun,,Yangon East,ရန်ကုန်အရှေ့ပိုင်း,Yangon,ရန်ကုန်,,16.82917,96.200667,,4.8,364,,Yangon,Name: Myittar (မေတ္တာ). Category: Hospital/Polyclinic. Address: Thingangyun. Township: Thingangyun. District: Yangon East
1119,Myittar Mon,မေတ္တာမွန်,Hospital/Polyclinic,ဆေးရုံနှင့် ဆေးခန်း,,,Thingangyun,Thingangyun,Thingangyun,,Yangon East,ရန်ကုန်အရှေ့ပိုင်း,Yangon,ရန်ကုန်,,16.829296,96.205965,,4.9,367,,Yangon,Name: Myittar Mon (မေတ္တာမွန်). Category: Hospital/Polyclinic. Address: Thingangyun. Township: Thingangyun. District: Yangon East
1162,Myittar Yeik,မေတ္တာရိပ်,School,ကျောင်းနှင့် တက္ကသိုလ်,,,Thingangyun,Thingangyun,Thingangyun,,Yangon East,ရန်ကုန်အရှေ့ပိုင်း,Yangon,ရန်ကုန်,,16.834245,96.20639,,4.2,496,,Yangon,Name: Myittar Yeik (မေတ္တာရိပ်). Category: School. Address: Thingangyun. Township: Thingangyun. District: Yangon East
31,Myo Gyi,မျိုးကြီး,Aluminium & Glass,ဆောက်လုပ်ရေးနှင့် ဟာ့ဒ်ဝဲ,367,367,"367 Ngamoeyeik 6th Street, Nga Moe Yeik Ward, Thingangyun, Yangon","၃၆၇, ငမိုးရိပ်၆လမ်း, ငမိုးရိပ်ရပ်ကွက်, သင်္ဃန်းကျွန်း",Thingangyun,သင်္ဃန်းကျွန်း,Yangon East,ရန်ကုန်အရှေ့ပိုင်း,Yangon,ရန်ကုန်,11431.0,16.843534,96.202714,,4.1,103,,Yangon,"Name: Myo Gyi (မျိုးကြီး). Category: Aluminium & Glass. House Number: 367. Address: ၃၆၇, ငမိုးရိပ်၆လမ်း, ငမိုးရိပ်ရပ်ကွက်, သင်္ဃန်းကျွန်း. Township: Thingangyun. District: Yangon East"
1875,Myo Myanmar,မျိုးမြန်မာ,Restaurant,စားသောက်ဆိုင်,,,Thingangyun,Thingangyun,Thingangyun,,Yangon East,ရန်ကုန်အရှေ့ပိုင်း,Yangon,ရန်ကုန်,,16.841602,96.203806,,4.5,235,,Yangon,Name: Myo Myanmar (မျိုးမြန်မာ). Category: Restaurant. Address: Thingangyun. Township: Thingangyun. District: Yangon East
722,Myo Oo Su Taung Pyae Zedi Taw,သု၀ဏ္ဏမြို့ မြို့ဦးဆုတောင်းပြည့်စေတီတော်,Place of Worship,ဘာသာရေးနေရာ,,,Thingangyun,Thingangyun,Thingangyun,,Yangon East,ရန်ကုန်အရှေ့ပိုင်း,Yangon,ရန်ကုန်,,16.823312,96.212436,,4.2,376,,Yangon,Name: Myo Oo Su Taung Pyae Zedi Taw (သု၀ဏ္ဏမြို့ မြို့ဦးဆုတောင်းပြည့်စေတီတော်). Category: Place of Worship. Address: Thingangyun. Township: Thingangyun. District: Yangon East
654,Myo Sat Thit,မျိုးဆက်သစ်,Repair Facility,ပြုပြင်ရေးလုပ်ငန်း,,,Thingangyun,Thingangyun,Thingangyun,,Yangon East,ရန်ကုန်အရှေ့ပိုင်း,Yangon,ရန်ကုန်,,16.826771,96.210978,,4.4,172,,Yangon,Name: Myo Sat Thit (မျိုးဆက်သစ်). Category: Repair Facility. Address: Thingangyun. Township: Thingangyun. District: Yangon East
1889,Myoe Myittar,မြို့မေတ္တာ,Restaurant,စားသောက်ဆိုင်,,,Thingangyun,Thingangyun,Thingangyun,,Yangon East,ရန်ကုန်အရှေ့ပိုင်း,Yangon,ရန်ကုန်,,16.834639,96.186663,,4.9,277,,Yangon,Name: Myoe Myittar (မြို့မေတ္တာ). Category: Restaurant. Address: Thingangyun. Township: Thingangyun. District: Yangon East
123,Mytel,မိုင်တယ်လ်,Sim Card Shop,ဖုန်းနှင့် ဆက်စပ်ပစ္စည်း,179,179,"179 Corner of Anawrahta Road and Shwe Taung Tan Street, Ward-6, Lanmadaw, Yangon","၁၇၉, အနော်ရထာလမ်းနှင့်ရွှေတောင်တန်လမ်း, (၆)ရပ်ကွက်, လမ်းမတော်",Lanmadaw,လမ်းမတော်,Yangon East,ရန်ကုန်အရှေ့ပိုင်း,Yangon,ရန်ကုန်,11431.0,16.83239,96.19488,,4.3,379,,Yangon,"Name: Mytel (မိုင်တယ်လ်). Category: Sim Card Shop. House Number: 179. Address: ၁၇၉, အနော်ရထာလမ်းနှင့်ရွှေတောင်တန်လမ်း, (၆)ရပ်ကွက်, လမ်းမတော်. Township: Lanmadaw. District: Yangon East"
197,Mytel,မိုင်တယ်,SIM Card Supplier,ဖုန်းနှင့် ဆက်စပ်ပစ္စည်း,35,35,"35 Lay Daung Kan Road, Lay Daunkan Ward, Thingangyun, Yangon","၃၅, လေးထောင့်ကန်လမ်း, လေးဒေါင့်ကန်ရပ်ကွက်, သင်္ဃန်းကျွန်း",Thingangyun,သင်္ဃန်းကျွန်း,Yangon East,ရန်ကုန်အရှေ့ပိုင်း,Yangon,ရန်ကုန်,11431.0,16.840265,96.203034,,4.7,601,,Yangon,"Name: Mytel (မိုင်တယ်). Category: SIM Card Supplier. House Number: 35. Address: ၃၅, လေးထောင့်ကန်လမ်း, လေးဒေါင့်ကန်ရပ်ကွက်, သင်္ဃန်းကျွန်း. Township: Thingangyun. District: Yangon East"
1163,N 3,အန် ၃,School,ကျောင်းနှင့် တက္ကသိုလ်,,,Thingangyun,Thingangyun,Thingangyun,,Yangon East,ရန်ကုန်အရှေ့ပိုင်း,Yangon,ရန်ကုန်,,16.829319,96.206564,,4.3,499,,Yangon,Name: N 3 (အန် ၃). Category: School. Address: Thingangyun. Township: Thingangyun. District: Yangon East
677,N Nyunt,အန်ညွန့်,Restaurant,စားသောက်ဆိုင်,,,Thingangyun,Thingangyun,Thingangyun,,Yangon East,ရန်ကုန်အရှေ့ပိုင်း,Yangon,ရန်ကုန်,,16.825077,96.209954,,4.7,241,,Yangon,Name: N Nyunt (အန်ညွန့်). Category: Restaurant. Address: Thingangyun. Township: Thingangyun. District: Yangon East
1812,NAPOLI,နပိုလီ,Café/Pub,ဘားနှင့် ဖျော်ဖြေရေး,,,Thingangyun,Thingangyun,Thingangyun,,Yangon East,ရန်ကုန်အရှေ့ပိုင်း,Yangon,ရန်ကုန်,,16.827329,96.189468,,4.2,46,,Yangon,Name: NAPOLI (နပိုလီ). Category: Café/Pub. Address: Thingangyun. Township: Thingangyun. District: Yangon East
108,NEO,အမ်အီးအို,Company,ရုံးခန်းနှင့် လူနေအိမ်ရာ,3,3,"3 Yadanar Road, Bawa Myint Ward, Thingangyun, Yangon","၃, ရတနာလမ်း, ဘ၀မြင့်ရပ်ကွက်, သင်္ဃန်းကျွန်း",Thingangyun,သင်္ဃန်းကျွန်း,Yangon East,ရန်ကုန်အရှေ့ပိုင်း,Yangon,ရန်ကုန်,11431.0,16.843987,96.199117,,4.8,334,,Yangon,"Name: NEO (အမ်အီးအို). Category: Company. House Number: 3. Address: ၃, ရတနာလမ်း, ဘ၀မြင့်ရပ်ကွက်, သင်္ဃန်းကျွန်း. Township: Thingangyun. District: Yangon East"
1993,NEO,အမ်(န်)အီးအို,Shop,အထွေထွေအမျိုးအစား,,,Thingangyun,Thingangyun,Thingangyun,,Yangon East,ရန်ကုန်အရှေ့ပိုင်း,Yangon,ရန်ကုန်,,16.844006,96.199178,,4.3,589,,Yangon,Name: NEO (အမ်(န်)အီးအို). Category: Shop. Address: Thingangyun. Township: Thingangyun. District: Yangon East
742,NMG,အန်အမ်ဂျီ,Company,ရုံးခန်းနှင့် လူနေအိမ်ရာ,,,Thingangyun,Thingangyun,Thingangyun,,Yangon East,ရန်ကုန်အရှေ့ပိုင်း,Yangon,ရန်ကုန်,,16.82488,96.210023,,4.2,436,,Yangon,Name: NMG (အန်အမ်ဂျီ). Category: Company. Address: Thingangyun. Township: Thingangyun. District: Yangon East
1132,Na Noon Kone Kaung Tite,နနွင်းကုန်းကျောင်းတိုက်,Place of Worship,ဘာသာရေးနေရာ,,,Thingangyun,Thingangyun,Thingangyun,,Yangon East,ရန်ကုန်အရှေ့ပိုင်း,Yangon,ရန်ကုန်,,16.82585,96.19131,,4.2,406,,Yangon,Name: Na Noon Kone Kaung Tite (နနွင်းကုန်းကျောင်းတိုက်). Category: Place of Worship. Address: Thingangyun. Township: Thingangyun. District: Yangon East
277,Nadi Ayar,နဒီဧရာ,Hospital,ဆေးရုံနှင့် ဆေးခန်း,916,916,"916 Lay Daung Kan Road, Nga Moe Yeik Ward, Thingangyun, Yangon","၉၁၆, လေးထောင့်ကန်လမ်း, ငမိုးရိပ်ရပ်ကွက်, သင်္ဃန်းကျွန်း",Thingangyun,သင်္ဃန်းကျွန်း,Yangon East,ရန်ကုန်အရှေ့ပိုင်း,Yangon,ရန်ကုန်,11431.0,16.840635,96.202759,,4.7,241,,Yangon,"Name: Nadi Ayar (နဒီဧရာ). Category: Hospital. House Number: 916. Address: ၉၁၆, လေးထောင့်ကန်လမ်း, ငမိုးရိပ်ရပ်ကွက်, သင်္ဃန်းကျွန်း. Township: Thingangyun. District: Yangon East"
1898,Nadi Ayar,နဒီဧရာ,Hospital/Polyclinic,ဆေးရုံနှင့် ဆေးခန်း,,,Thingangyun,Thingangyun,Thingangyun,,Yangon East,ရန်ကုန်အရှေ့ပိုင်း,Yangon,ရန်ကုန်,,16.840591,96.202781,,4.8,304,,Yangon,Name: Nadi Ayar (နဒီဧရာ). Category: Hospital/Polyclinic. Address: Thingangyun. Township: Thingangyun. District: Yangon East
678,Nagani,နဂားနီ,Restaurant,စားသောက်ဆိုင်,,,Thingangyun,Thingangyun,Thingangyun,,Yangon East,ရန်ကုန်အရှေ့ပိုင်း,Yangon,ရန်ကုန်,,16.815994,96.194259,,4.8,244,,Yangon,Name: Nagani (နဂားနီ). Category: Restaurant. Address: Thingangyun. Township: Thingangyun. District: Yangon East
661,Naing Brother,နိုင်ဘရားသား,Repair Facility,ပြုပြင်ရေးလုပ်ငန်း,,,Thingangyun,Thingangyun,Thingangyun,,Yangon East,ရန်ကုန်အရှေ့ပိုင်း,Yangon,ရန်ကုန်,,16.838564,96.200609,,4.1,193,,Yangon,Name: Naing Brother (နိုင်ဘရားသား). Category: Repair Facility. Address: Thingangyun. Township: Thingangyun. District: Yangon East
1389,Naing Electric(2),နိုင်လျှပ်စစ်(၂),Shop,အထွေထွေအမျိုးအစား,,,Thingangyun,Thingangyun,Thingangyun,,Yangon East,ရန်ကုန်အရှေ့ပိုင်း,Yangon,ရန်ကုန်,,16.832597,96.207924,,4.9,577,,Yangon,Name: Naing Electric(2) (နိုင်လျှပ်စစ်(၂)). Category: Shop. Address: Thingangyun. Township: Thingangyun. District: Yangon East
490,Naing Hlyat Sit (2),Naing Hlyat Sit (2),Store,စျေးနှင့် ကုန်စုံဆိုင်,,,"Nga/Ka Ward (TGGN), Thingangyun","Nga/Ka Ward (TGGN), Thingangyun",Thingangyun,,Yangon East,ရန်ကုန်အရှေ့ပိုင်း,Yangon,ရန်ကုန်,,16.8323,96.2083,,4,280,,Yangon,"Name: Naing Hlyat Sit (2). Category: Store. Address: Nga/Ka Ward (TGGN), Thingangyun. Township: Thingangyun. District: Yangon East"
393,Naing Lin,နိုင်လင်း,Mobile Phone Shop,ဖုန်းနှင့် ဆက်စပ်ပစ္စည်း,276,276,"276 Bagayar Road, May Ni Kone (South) Ward, Sanchaung, Yangon","၂၇၆, ဗားကရာလမ်း, မြေနီကုန်းတောင်ရပ်ကွက်, စမ်းချောင်း",Sanchaung,စမ်းချောင်း,Yangon East,ရန်ကုန်အရှေ့ပိုင်း,Yangon,ရန်ကုန်,11431.0,16.82179,96.203979,,4.3,589,,Yangon,"Name: Naing Lin (နိုင်လင်း). Category: Mobile Phone Shop. House Number: 276. Address: ၂၇၆, ဗားကရာလမ်း, မြေနီကုန်းတောင်ရပ်ကွက်, စမ်းချောင်း. Township: Sanchaung. District: Yangon East"
1811,Naing San San,နိုင်ဆန်းဆန်း,Café/Pub,ဘားနှင့် ဖျော်ဖြေရေး,,,Thingangyun,Thingangyun,Thingangyun,,Yangon East,ရန်ကုန်အရှေ့ပိုင်း,Yangon,ရန်ကုန်,,16.829873,96.208173,,4.1,43,,Yangon,Name: Naing San San (နိုင်ဆန်းဆန်း). Category: Café/Pub. Address: Thingangyun. Township: Thingangyun. District: Yangon East
1012,Naing Theikdi Aung,နိုင်သိဒ္ဓွိအောင်,Repair Facility,ပြုပြင်ရေးလုပ်ငန်း,,,Thingangyun,Thingangyun,Thingangyun,,Yangon East,ရန်ကုန်အရှေ့ပိုင်း,Yangon,ရန်ကုန်,,16.83544,96.207863,,4.2,46,,Yangon,Name: Naing Theikdi Aung (နိုင်သိဒ္ဓွိအောင်). Category: Repair Facility. Address: Thingangyun. Township: Thingangyun. District: Yangon East
877,Nan Akari,နန်းဧကရီ,Shop,အထွေထွေအမျိုးအစား,,,Thingangyun,Thingangyun,Thingangyun,,Yangon East,ရန်ကုန်အရှေ့ပိုင်း,Yangon,ရန်ကုန်,,16.824024,96.207268,,4.7,241,,Yangon,Name: Nan Akari (နန်းဧကရီ). Category: Shop. Address: Thingangyun. Township: Thingangyun. District: Yangon East
878,Nan Cherry,နန်းချယ်ရီ,Shop,အထွေထွေအမျိုးအစား,,,Thingangyun,Thingangyun,Thingangyun,,Yangon East,ရန်ကုန်အရှေ့ပိုင်း,Yangon,ရန်ကုန်,,16.843305,96.203094,,4.8,244,,Yangon,Name: Nan Cherry (နန်းချယ်ရီ). Category: Shop. Address: Thingangyun. Township: Thingangyun. District: Yangon East
1973,Nan Eain Thu,နန်းအိမ်သူ,Shop,အထွေထွေအမျိုးအစား,,,Thingangyun,Thingangyun,Thingangyun,,Yangon East,ရန်ကုန်အရှေ့ပိုင်း,Yangon,ရန်ကုန်,,16.840583,96.195398,,4.3,529,,Yangon,Name: Nan Eain Thu (နန်းအိမ်သူ). Category: Shop. Address: Thingangyun. Township: Thingangyun. District: Yangon East
908,Nan Pyo May,နန်းပျိုမေ,Shop,အထွေထွေအမျိုးအစား,,,Thingangyun,Thingangyun,Thingangyun,,Yangon East,ရန်ကုန်အရှေ့ပိုင်း,Yangon,ရန်ကုန်,,16.82911,96.212477,,4.8,334,,Yangon,Name: Nan Pyo May (နန်းပျိုမေ). Category: Shop. Address: Thingangyun. Township: Thingangyun. District: Yangon East
679,Nan Taw Win,နန်းတော်၀င်,Restaurant,စားသောက်ဆိုင်,,,Thingangyun,Thingangyun,Thingangyun,,Yangon East,ရန်ကုန်အရှေ့ပိုင်း,Yangon,ရန်ကုန်,,16.813207,96.209378,,4.9,247,,Yangon,Name: Nan Taw Win (နန်းတော်၀င်). Category: Restaurant. Address: Thingangyun. Township: Thingangyun. District: Yangon East
1687,Nan Thit Oo,နန်းသစ်ဦး,Shop,အထွေထွေအမျိုးအစား,,,Thingangyun,Thingangyun,Thingangyun,,Yangon East,ရန်ကုန်အရှေ့ပိုင်း,Yangon,ရန်ကုန်,,16.82162,96.197182,,4.7,271,,Yangon,Name: Nan Thit Oo (နန်းသစ်ဦး). Category: Shop. Address: Thingangyun. Township: Thingangyun. District: Yangon East
198,Nature Republic,နေချာရီပပလစ်,Cosmetic Shop,အလှပြင်နှင့် အပ်ချုပ်ဆိုင်,28,28,"28 Lay Daung Kan Road, Lay Daunkan Ward, Thingangyun, Yangon","၂၈, လေးထောင့်ကန်လမ်း, လေးဒေါင့်ကန်ရပ်ကွက်, သင်္ဃန်းကျွန်း",Thingangyun,သင်္ဃန်းကျွန်း,Yangon East,ရန်ကုန်အရှေ့ပိုင်း,Yangon,ရန်ကုန်,11431.0,16.840683,96.20344,,4.8,604,,Yangon,"Name: Nature Republic (နေချာရီပပလစ်). Category: Cosmetic Shop. House Number: 28. Address: ၂၈, လေးထောင့်ကန်လမ်း, လေးဒေါင့်ကန်ရပ်ကွက်, သင်္ဃန်းကျွန်း. Township: Thingangyun. District: Yangon East"
850,Nature Republic,နေးချား ရီပက်ပလစ်,Shop,အထွေထွေအမျိုးအစား,,,Thingangyun,Thingangyun,Thingangyun,,Yangon East,ရန်ကုန်အရှေ့ပိုင်း,Yangon,ရန်ကုန်,,16.840671,96.203543,,4,160,,Yangon,Name: Nature Republic (နေးချား ရီပက်ပလစ်). Category: Shop. Address: Thingangyun. Township: Thingangyun. District: Yangon East
636,Nay Chi,နေခြည်,Pharmacy,ဆေးဆိုင်,,,Thingangyun,Thingangyun,Thingangyun,,Yangon East,ရန်ကုန်အရှေ့ပိုင်း,Yangon,ရန်ကုန်,,16.824086,96.20706,,4.6,118,,Yangon,Name: Nay Chi (နေခြည်). Category: Pharmacy. Address: Thingangyun. Township: Thingangyun. District: Yangon East
1262,Nay Chi Oo(2),နေခြည်ဦး(၂),Shop,အထွေထွေအမျိုးအစား,,,Thingangyun,Thingangyun,Thingangyun,,Yangon East,ရန်ကုန်အရှေ့ပိုင်း,Yangon,ရန်ကုန်,,16.829116,96.203501,,4.2,196,,Yangon,Name: Nay Chi Oo(2) (နေခြည်ဦး(၂)). Category: Shop. Address: Thingangyun. Township: Thingangyun. District: Yangon East
1986,Nay La,နေလ,Shop,အထွေထွေအမျိုးအစား,,,Thingangyun,Thingangyun,Thingangyun,,Yangon East,ရန်ကုန်အရှေ့ပိုင်း,Yangon,ရန်ကုန်,,16.84519,96.201531,,4.6,568,,Yangon,Name: Nay La (နေလ). Category: Shop. Address: Thingangyun. Township: Thingangyun. District: Yangon East
278,Nay La,နေလ,Restaurant (Beer Pub),ဘားနှင့် ဖျော်ဖြေရေး,886,886,"886 Lay Daung Kan Road, Nga Moe Yeik Ward, Thingangyun, Yangon","၈၈၆, လေးထောင့်ကန်လမ်း, ငမိုးရိပ်ရပ်ကွက်, သင်္ဃန်းကျွန်း",Thingangyun,သင်္ဃန်းကျွန်း,Yangon East,ရန်ကုန်အရှေ့ပိုင်း,Yangon,ရန်ကုန်,11431.0,16.838906,96.200998,,4.8,244,,Yangon,"Name: Nay La (နေလ). Category: Restaurant (Beer Pub). House Number: 886. Address: ၈၈၆, လေးထောင့်ကန်လမ်း, ငမိုးရိပ်ရပ်ကွက်, သင်္ဃန်းကျွန်း. Township: Thingangyun. District: Yangon East"
680,Nay La,နေလ,Restaurant,စားသောက်ဆိုင်,,,Thingangyun,Thingangyun,Thingangyun,,Yangon East,ရန်ကုန်အရှေ့ပိုင်း,Yangon,ရန်ကုန်,,16.839182,96.201259,,4,250,,Yangon,Name: Nay La (နေလ). Category: Restaurant. Address: Thingangyun. Township: Thingangyun. District: Yangon East
1876,Nay La,နေလ,Restaurant,စားသောက်ဆိုင်,,,Thingangyun,Thingangyun,Thingangyun,,Yangon East,ရန်ကုန်အရှေ့ပိုင်း,Yangon,ရန်ကုန်,,16.838917,96.200979,,4.6,238,,Yangon,Name: Nay La (နေလ). Category: Restaurant. Address: Thingangyun. Township: Thingangyun. District: Yangon East
1337,Nay La,နေလ,Shop,အထွေထွေအမျိုးအစား,,,Thingangyun,Thingangyun,Thingangyun,,Yangon East,ရန်ကုန်အရှေ့ပိုင်း,Yangon,ရန်ကုန်,,16.828,96.19001,,4.7,421,,Yangon,Name: Nay La (နေလ). Category: Shop. Address: Thingangyun. Township: Thingangyun. District: Yangon East
199,Nay Lin Tun,နေလင်းထွန်း,Construction Material,ဆောက်လုပ်ရေးနှင့် ဟာ့ဒ်ဝဲ,1,1,"1 Lay Daung Kan Road, Lay Daunkan Ward, Thingangyun, Yangon","၁, လေးထောင့်ကန်လမ်း, လေးဒေါင့်ကန်ရပ်ကွက်, သင်္ဃန်းကျွန်း",Thingangyun,သင်္ဃန်းကျွန်း,Yangon East,ရန်ကုန်အရှေ့ပိုင်း,Yangon,ရန်ကုန်,11431.0,16.841718,96.204486,,4.9,607,,Yangon,"Name: Nay Lin Tun (နေလင်းထွန်း). Category: Construction Material. House Number: 1. Address: ၁, လေးထောင့်ကန်လမ်း, လေးဒေါင့်ကန်ရပ်ကွက်, သင်္ဃန်းကျွန်း. Township: Thingangyun. District: Yangon East"
1989,Nay Lin Tun,နေလင်းထွန်း,Shop,အထွေထွေအမျိုးအစား,,,Thingangyun,Thingangyun,Thingangyun,,Yangon East,ရန်ကုန်အရှေ့ပိုင်း,Yangon,ရန်ကုန်,,16.841679,96.204492,,4.9,577,,Yangon,Name: Nay Lin Tun (နေလင်းထွန်း). Category: Shop. Address: Thingangyun. Township: Thingangyun. District: Yangon East
200,Nay Min II,နေမင်း ၂,Glass & Aluminium Shop,ဆောက်လုပ်ရေးနှင့် ဟာ့ဒ်ဝဲ,90,90,"90 Lay Daung Kan Road, Lay Daunkan Ward, Thingangyun, Yangon","၉၀, လေးထောင့်ကန်လမ်း, လေးဒေါင့်ကန်ရပ်ကွက်, သင်္ဃန်းကျွန်း",Thingangyun,သင်္ဃန်းကျွန်း,Yangon East,ရန်ကုန်အရှေ့ပိုင်း,Yangon,ရန်ကုန်,11431.0,16.836727,96.199344,,4,10,,Yangon,"Name: Nay Min II (နေမင်း ၂). Category: Glass & Aluminium Shop. House Number: 90. Address: ၉၀, လေးထောင့်ကန်လမ်း, လေးဒေါင့်ကန်ရပ်ကွက်, သင်္ဃန်းကျွန်း. Township: Thingangyun. District: Yangon East"
1955,Nay Min II,နေမင်း၂,Shop,အထွေထွေအမျိုးအစား,,,Thingangyun,Thingangyun,Thingangyun,,Yangon East,ရန်ကုန်အရှေ့ပိုင်း,Yangon,ရန်ကုန်,,16.836642,96.199413,,4.5,475,,Yangon,Name: Nay Min II (နေမင်း၂). Category: Shop. Address: Thingangyun. Township: Thingangyun. District: Yangon East
201,Nay Oo Nee,နေဦးနီ,Traditional Clinic,ဆေးရုံနှင့် ဆေးခန်း,2,2,"2 Lay Daung Kan Road, Lay Daunkan Ward, Thingangyun, Yangon","၂, လေးထောင့်ကန်လမ်း, လေးဒေါင့်ကန်ရပ်ကွက်, သင်္ဃန်းကျွန်း",Thingangyun,သင်္ဃန်းကျွန်း,Yangon East,ရန်ကုန်အရှေ့ပိုင်း,Yangon,ရန်ကုန်,11431.0,16.83608,96.198711,,4.1,13,,Yangon,"Name: Nay Oo Nee (နေဦးနီ). Category: Traditional Clinic. House Number: 2. Address: ၂, လေးထောင့်ကန်လမ်း, လေးဒေါင့်ကန်ရပ်ကွက်, သင်္ဃန်းကျွန်း. Township: Thingangyun. District: Yangon East"
1899,Nay Oo Ni,နေဦးနီ,Hospital/Polyclinic,ဆေးရုံနှင့် ဆေးခန်း,,,Thingangyun,Thingangyun,Thingangyun,,Yangon East,ရန်ကုန်အရှေ့ပိုင်း,Yangon,ရန်ကုန်,,16.836074,96.198758,,4.9,307,,Yangon,Name: Nay Oo Ni (နေဦးနီ). Category: Hospital/Polyclinic. Address: Thingangyun. Township: Thingangyun. District: Yangon East
1217,Nay Soe,နေစိုး,Shop,အထွေထွေအမျိုးအစား,,,Thingangyun,Thingangyun,Thingangyun,,Yangon East,ရန်ကုန်အရှေ့ပိုင်း,Yangon,ရန်ကုန်,,16.829399,96.204917,,4.7,61,,Yangon,Name: Nay Soe (နေစိုး). Category: Shop. Address: Thingangyun. Township: Thingangyun. District: Yangon East
1218,Nay Soe,နေစိုး,Shop,အထွေထွေအမျိုးအစား,,,Thingangyun,Thingangyun,Thingangyun,,Yangon East,ရန်ကုန်အရှေ့ပိုင်း,Yangon,ရန်ကုန်,,16.829343,96.20505,,4.8,64,,Yangon,Name: Nay Soe (နေစိုး). Category: Shop. Address: Thingangyun. Township: Thingangyun. District: Yangon East
1010,Nay Thu Rain,နေသူရိန်,Library,အထွေထွေအမျိုးအစား,,,Thingangyun,Thingangyun,Thingangyun,,Yangon East,ရန်ကုန်အရှေ့ပိုင်း,Yangon,ရန်ကုန်,,16.835954,96.20043,,4,40,,Yangon,Name: Nay Thu Rain (နေသူရိန်). Category: Library. Address: Thingangyun. Township: Thingangyun. District: Yangon East
1342,Nay Win,နေ၀င်း,Shop,အထွေထွေအမျိုးအစား,,,Thingangyun,Thingangyun,Thingangyun,,Yangon East,ရန်ကုန်အရှေ့ပိုင်း,Yangon,ရန်ကုန်,,16.84355,96.200948,,4.2,436,,Yangon,Name: Nay Win (နေ၀င်း). Category: Shop. Address: Thingangyun. Township: Thingangyun. District: Yangon East
491,Nay Yar Thit,Nay Yar Thit,Restaurant,စားသောက်ဆိုင်,,,"Kyi Pwar Yae Ward (TGGN), Thingangyun","Kyi Pwar Yae Ward (TGGN), Thingangyun",Thingangyun,,Yangon East,ရန်ကုန်အရှေ့ပိုင်း,Yangon,ရန်ကုန်,,16.8439,96.2073,,4.1,283,,Yangon,"Name: Nay Yar Thit. Category: Restaurant. Address: Kyi Pwar Yae Ward (TGGN), Thingangyun. Township: Thingangyun. District: Yangon East"
924,New Call Mobile,နယူးကောလ် မိုဘိုင်းလ်,Shop,အထွေထွေအမျိုးအစား,,,Thingangyun,Thingangyun,Thingangyun,,Yangon East,ရန်ကုန်အရှေ့ပိုင်း,Yangon,ရန်ကုန်,,16.826161,96.208638,,4.4,382,,Yangon,Name: New Call Mobile (နယူးကောလ် မိုဘိုင်းလ်). Category: Shop. Address: Thingangyun. Township: Thingangyun. District: Yangon East
1877,New City,နယူးစီးတီး,Restaurant,စားသောက်ဆိုင်,,,Thingangyun,Thingangyun,Thingangyun,,Yangon East,ရန်ကုန်အရှေ့ပိုင်း,Yangon,ရန်ကုန်,,16.835552,96.186229,,4.7,241,,Yangon,Name: New City (နယူးစီးတီး). Category: Restaurant. Address: Thingangyun. Township: Thingangyun. District: Yangon East
74,New Day Light,နယူးဒေးလိုက်,Restaurant (Beer Pub),ဘားနှင့် ဖျော်ဖြေရေး,249,249,"249 Than Thu Mar Road, (Nga/Ka) Ward, Thingangyun, Yangon","၂၄၉, သံသုမာလမ်း, (င^က)ရပ်ကွက်, သင်္ဃန်းကျွန်း",Thingangyun,သင်္ဃန်းကျွန်း,Yangon East,ရန်ကုန်အရှေ့ပိုင်း,Yangon,ရန်ကုန်,11431.0,16.835493,96.20747,,4.4,232,,Yangon,"Name: New Day Light (နယူးဒေးလိုက်). Category: Restaurant (Beer Pub). House Number: 249. Address: ၂၄၉, သံသုမာလမ်း, (င^က)ရပ်ကွက်, သင်္ဃန်းကျွန်း. Township: Thingangyun. District: Yangon East"
1069,New Day Like,နယူးဒေးလိုက်,Restaurant,စားသောက်ဆိုင်,,,Thingangyun,Thingangyun,Thingangyun,,Yangon East,ရန်ကုန်အရှေ့ပိုင်း,Yangon,ရန်ကုန်,,16.835498,96.207475,,4.9,217,,Yangon,Name: New Day Like (နယူးဒေးလိုက်). Category: Restaurant. Address: Thingangyun. Township: Thingangyun. District: Yangon East
492,New Daylight,New Daylight,Restaurant,စားသောက်ဆိုင်,,,"Kyi Pwar Yae Ward (TGGN), Thingangyun","Kyi Pwar Yae Ward (TGGN), Thingangyun",Thingangyun,,Yangon East,ရန်ကုန်အရှေ့ပိုင်း,Yangon,ရန်ကုန်,,16.8359,96.2077,,4.2,286,,Yangon,"Name: New Daylight. Category: Restaurant. Address: Kyi Pwar Yae Ward (TGGN), Thingangyun. Township: Thingangyun. District: Yangon East"
1070,New Land,နယူးလန်း,Restaurant,စားသောက်ဆိုင်,,,Thingangyun,Thingangyun,Thingangyun,,Yangon East,ရန်ကုန်အရှေ့ပိုင်း,Yangon,ရန်ကုန်,,16.828824,96.206796,,4,220,,Yangon,Name: New Land (နယူးလန်း). Category: Restaurant. Address: Thingangyun. Township: Thingangyun. District: Yangon East
1732,New Life,နယူးလိုက်(ဖ်),Shop,အထွေထွေအမျိုးအစား,,,Thingangyun,Thingangyun,Thingangyun,,Yangon East,ရန်ကုန်အရှေ့ပိုင်း,Yangon,ရန်ကုန်,,16.828857,96.204178,,4.2,406,,Yangon,Name: New Life (နယူးလိုက်(ဖ်)). Category: Shop. Address: Thingangyun. Township: Thingangyun. District: Yangon East
1813,New One,နယူး၀မ်း,Café/Pub,ဘားနှင့် ဖျော်ဖြေရေး,,,Thingangyun,Thingangyun,Thingangyun,,Yangon East,ရန်ကုန်အရှေ့ပိုင်း,Yangon,ရန်ကုန်,,16.829539,96.208055,,4.3,49,,Yangon,Name: New One (နယူး၀မ်း). Category: Café/Pub. Address: Thingangyun. Township: Thingangyun. District: Yangon East
1814,New One,နယူး၀မ်း,Café/Pub,ဘားနှင့် ဖျော်ဖြေရေး,,,Thingangyun,Thingangyun,Thingangyun,,Yangon East,ရန်ကုန်အရှေ့ပိုင်း,Yangon,ရန်ကုန်,,16.829421,96.205334,,4.4,52,,Yangon,Name: New One (နယူး၀မ်း). Category: Café/Pub. Address: Thingangyun. Township: Thingangyun. District: Yangon East
681,New Year,နယူးရီယား,Restaurant,စားသောက်ဆိုင်,,,Thingangyun,Thingangyun,Thingangyun,,Yangon East,ရန်ကုန်အရှေ့ပိုင်း,Yangon,ရန်ကုန်,,16.842703,96.204904,,4.1,253,,Yangon,Name: New Year (နယူးရီယား). Category: Restaurant. Address: Thingangyun. Township: Thingangyun. District: Yangon East
1142,Nga Ka Ward Council,င^ကအုပ်ချုပ်ရေးမှူးရုံး,Government Office,ရုံးခန်းနှင့် လူနေအိမ်ရာ,,,Thingangyun,Thingangyun,Thingangyun,,Yangon East,ရန်ကုန်အရှေ့ပိုင်း,Yangon,ရန်ကုန်,,16.831204,96.202922,,4.2,436,,Yangon,Name: Nga Ka Ward Council (င^ကအုပ်ချုပ်ရေးမှူးရုံး). Category: Government Office. Address: Thingangyun. Township: Thingangyun. District: Yangon East
202,Nga Moe Yeik,ငမိုးရိပ်,Electronic Shop,လျှပ်စစ်ပစ္စည်းဆိုင်,22,22,"22 Lay Daung Kan Road, Lay Daunkan Ward, Thingangyun, Yangon","၂၂, လေးထောင့်ကန်လမ်း, လေးဒေါင့်ကန်ရပ်ကွက်, သင်္ဃန်းကျွန်း",Thingangyun,သင်္ဃန်းကျွန်း,Yangon East,ရန်ကုန်အရှေ့ပိုင်း,Yangon,ရန်ကုန်,11431.0,16.841106,96.203903,,4.2,16,,Yangon,"Name: Nga Moe Yeik (ငမိုးရိပ်). Category: Electronic Shop. House Number: 22. Address: ၂၂, လေးထောင့်ကန်လမ်း, လေးဒေါင့်ကန်ရပ်ကွက်, သင်္ဃန်းကျွန်း. Township: Thingangyun. District: Yangon East"
493,Nga Moe Yeik Railway Station,Nga Moe Yeik Railway Station,Railway Station,အထွေထွေအမျိုးအစား,,,"Lay Daunkan Ward (TGGN), Thingangyun","Lay Daunkan Ward (TGGN), Thingangyun",Thingangyun,,Yangon East,ရန်ကုန်အရှေ့ပိုင်း,Yangon,ရန်ကုန်,,16.8399,96.2046,,4.3,289,,Yangon,"Name: Nga Moe Yeik Railway Station. Category: Railway Station. Address: Lay Daunkan Ward (TGGN), Thingangyun. Township: Thingangyun. District: Yangon East"
682,Ngu War,ငုဝါ,Restaurant,စားသောက်ဆိုင်,,,Thingangyun,Thingangyun,Thingangyun,,Yangon East,ရန်ကုန်အရှေ့ပိုင်း,Yangon,ရန်ကုန်,,16.816458,96.194978,,4.2,256,,Yangon,Name: Ngu War (ငုဝါ). Category: Restaurant. Address: Thingangyun. Township: Thingangyun. District: Yangon East
1555,Ngwe Eain Si,ငွေအိမ်စည်,Shop,အထွေထွေအမျိုးအစား,,,Thingangyun,Thingangyun,Thingangyun,,Yangon East,ရန်ကုန်အရှေ့ပိုင်း,Yangon,ရန်ကုန်,,16.835153,96.181654,,4.5,475,,Yangon,Name: Ngwe Eain Si (ငွေအိမ်စည်). Category: Shop. Address: Thingangyun. Township: Thingangyun. District: Yangon East
822,Ngwe Kaung Kin,ငွေကောင်းကင်,Shop,အထွေထွေအမျိုးအစား,,,Thingangyun,Thingangyun,Thingangyun,,Yangon East,ရန်ကုန်အရှေ့ပိုင်း,Yangon,ရန်ကုန်,,16.82932,96.185535,,4.2,76,,Yangon,Name: Ngwe Kaung Kin (ငွေကောင်းကင်). Category: Shop. Address: Thingangyun. Township: Thingangyun. District: Yangon East
1546,Ngwe Kyal Zin Lin,ငွေကြယ်စင်လင်း,Company,ရုံးခန်းနှင့် လူနေအိမ်ရာ,,,Thingangyun,Thingangyun,Thingangyun,,Yangon East,ရန်ကုန်အရှေ့ပိုင်း,Yangon,ရန်ကုန်,,16.833728,96.178718,,4.6,448,,Yangon,Name: Ngwe Kyal Zin Lin (ငွေကြယ်စင်လင်း). Category: Company. Address: Thingangyun. Township: Thingangyun. District: Yangon East
1219,Ngwe Kyo Kyar,ငွေကြိုးကြာ,Shop,အထွေထွေအမျိုးအစား,,,Thingangyun,Thingangyun,Thingangyun,,Yangon East,ရန်ကုန်အရှေ့ပိုင်း,Yangon,ရန်ကုန်,,16.825922,96.206714,,4.9,67,,Yangon,Name: Ngwe Kyo Kyar (ငွေကြိုးကြာ). Category: Shop. Address: Thingangyun. Township: Thingangyun. District: Yangon East
842,Ngwe Moe Eain,ငွေမိုးအိမ်,Shop,အထွေထွေအမျိုးအစား,,,Thingangyun,Thingangyun,Thingangyun,,Yangon East,ရန်ကုန်အရှေ့ပိုင်း,Yangon,ရန်ကုန်,,16.839981,96.202873,,4.2,136,,Yangon,Name: Ngwe Moe Eain (ငွေမိုးအိမ်). Category: Shop. Address: Thingangyun. Township: Thingangyun. District: Yangon East
851,Ngwe Pyae Hlan,ဆုပြည့်လျှံ,Shop,အထွေထွေအမျိုးအစား,,,Thingangyun,Thingangyun,Thingangyun,,Yangon East,ရန်ကုန်အရှေ့ပိုင်း,Yangon,ရန်ကုန်,,16.839933,96.20282,,4.1,163,,Yangon,Name: Ngwe Pyae Hlan (ဆုပြည့်လျှံ). Category: Shop. Address: Thingangyun. Township: Thingangyun. District: Yangon East
1963,Ngwe Sin,ငွေစင်,Shop,အထွေထွေအမျိုးအစား,,,Thingangyun,Thingangyun,Thingangyun,,Yangon East,ရန်ကုန်အရှေ့ပိုင်း,Yangon,ရန်ကုန်,,16.836319,96.19905,,4.3,499,,Yangon,Name: Ngwe Sin (ငွေစင်). Category: Shop. Address: Thingangyun. Township: Thingangyun. District: Yangon East
203,Ngwe Sin,ငွေစင်,Shoes Shop,အထွေထွေအမျိုးအစား,315,315,"315 Sule Pagoda Street, Ward-2, Pabedan, Yangon","၃၁၅, အနော်ရထာလမ်း, (၂)ရပ်ကွက်, ပန်းဘဲတန်း",Pabedan,ပန်းဘဲတန်း,Yangon East,ရန်ကုန်အရှေ့ပိုင်း,Yangon,ရန်ကုန်,11431.0,16.836365,96.199003,,4.3,19,,Yangon,"Name: Ngwe Sin (ငွေစင်). Category: Shoes Shop. House Number: 315. Address: ၃၁၅, အနော်ရထာလမ်း, (၂)ရပ်ကွက်, ပန်းဘဲတန်း. Township: Pabedan. District: Yangon East"
1390,Ngwe Sin Hein,ငွေဇင်ဟိန်း,Shop,အထွေထွေအမျိုးအစား,,,Thingangyun,Thingangyun,Thingangyun,,Yangon East,ရန်ကုန်အရှေ့ပိုင်း,Yangon,ရန်ကုန်,,16.838415,96.207315,,4,580,,Yangon,Name: Ngwe Sin Hein (ငွေဇင်ဟိန်း). Category: Shop. Address: Thingangyun. Township: Thingangyun. District: Yangon East
1688,Ngwe Thazin,ငွေသဇင်,Shop,အထွေထွေအမျိုးအစား,,,Thingangyun,Thingangyun,Thingangyun,,Yangon East,ရန်ကုန်အရှေ့ပိုင်း,Yangon,ရန်ကုန်,,16.83087,96.182164,,4.8,274,,Yangon,Name: Ngwe Thazin (ငွေသဇင်). Category: Shop. Address: Thingangyun. Township: Thingangyun. District: Yangon East
947,Ngwe Thit,ငွေသစ်,Café/Pub,ဘားနှင့် ဖျော်ဖြေရေး,,,Thingangyun,Thingangyun,Thingangyun,,Yangon East,ရန်ကုန်အရှေ့ပိုင်း,Yangon,ရန်ကုန်,,16.824578,96.212125,,4.7,451,,Yangon,Name: Ngwe Thit (ငွေသစ်). Category: Café/Pub. Address: Thingangyun. Township: Thingangyun. District: Yangon East
741,"Ngwe Wathon Co., Ltd.",ငွေ၀သုန်ကုမ္ပဏီလီမိတက်,Company,ရုံးခန်းနှင့် လူနေအိမ်ရာ,,,Thingangyun,Thingangyun,Thingangyun,,Yangon East,ရန်ကုန်အရှေ့ပိုင်း,Yangon,ရန်ကုန်,,16.817368,96.196995,,4.1,433,,Yangon,"Name: Ngwe Wathon Co., Ltd. (ငွေ၀သုန်ကုမ္ပဏီလီမိတက်). Category: Company. Address: Thingangyun. Township: Thingangyun. District: Yangon East"
852,Ni Ko,နီကို,Shop,အထွေထွေအမျိုးအစား,,,Thingangyun,Thingangyun,Thingangyun,,Yangon East,ရန်ကုန်အရှေ့ပိုင်း,Yangon,ရန်ကုန်,,16.840294,96.202428,,4.2,166,,Yangon,Name: Ni Ko (နီကို). Category: Shop. Address: Thingangyun. Township: Thingangyun. District: Yangon East
1646,Ni Lar Swe,နီလာဆွေ,Shop,အထွေထွေအမျိုးအစား,,,Thingangyun,Thingangyun,Thingangyun,,Yangon East,ရန်ကုန်အရှေ့ပိုင်း,Yangon,ရန်ကုန်,,16.8401,96.201049,,4.6,148,,Yangon,Name: Ni Lar Swe (နီလာဆွေ). Category: Shop. Address: Thingangyun. Township: Thingangyun. District: Yangon East
404,Nice Bay,နိုက်ဘေဘီ,Convenience Store,စျေးနှင့် ကုန်စုံဆိုင်,14,14,"14 Than Thu Mar Road, Yangon Thit Ward, Thingangyun, Yangon","၁၄, သံသုမာလမ်း, ရန်ကုန်သစ်ရပ်ကွက်, သင်္ဃန်းကျွန်း",Thingangyun,သင်္ဃန်းကျွန်း,Yangon East,ရန်ကုန်အရှေ့ပိုင်း,Yangon,ရန်ကုန်,11431.0,16.82627,96.207158,,4.4,22,,Yangon,"Name: Nice Bay (နိုက်ဘေဘီ). Category: Convenience Store. House Number: 14. Address: ၁၄, သံသုမာလမ်း, ရန်ကုန်သစ်ရပ်ကွက်, သင်္ဃန်းကျွန်း. Township: Thingangyun. District: Yangon East"
1274,Nice Buy,နိုက်စ်ဘိုင်း,Shop,အထွေထွေအမျိုးအစား,,,Thingangyun,Thingangyun,Thingangyun,,Yangon East,ရန်ကုန်အရှေ့ပိုင်း,Yangon,ရန်ကုန်,,16.82625,96.20724,,4.4,232,,Yangon,Name: Nice Buy (နိုက်စ်ဘိုင်း). Category: Shop. Address: Thingangyun. Township: Thingangyun. District: Yangon East
909,Nikko,နီကို,Shop,အထွေထွေအမျိုးအစား,,,Thingangyun,Thingangyun,Thingangyun,,Yangon East,ရန်ကုန်အရှေ့ပိုင်း,Yangon,ရန်ကုန်,,16.830215,96.210903,,4.9,337,,Yangon,Name: Nikko (နီကို). Category: Shop. Address: Thingangyun. Township: Thingangyun. District: Yangon East
204,Niko,နီကို,Cosmetic Shop,အလှပြင်နှင့် အပ်ချုပ်ဆိုင်,31,31,"31 Lay Daung Kan Road, Lay Daunkan Ward, Thingangyun, Yangon","၃၁, လေးထောင့်ကန်လမ်း, လေးဒေါင့်ကန်ရပ်ကွက်, သင်္ဃန်းကျွန်း",Thingangyun,သင်္ဃန်းကျွန်း,Yangon East,ရန်ကုန်အရှေ့ပိုင်း,Yangon,ရန်ကုန်,11431.0,16.839958,96.202695,,4.4,22,,Yangon,"Name: Niko (နီကို). Category: Cosmetic Shop. House Number: 31. Address: ၃၁, လေးထောင့်ကန်လမ်း, လေးဒေါင့်ကန်ရပ်ကွက်, သင်္ဃန်းကျွန်း. Township: Thingangyun. District: Yangon East"
205,Nilar,နီလာ,Restaurant (Biryani),စားသောက်ဆိုင်,34,34,"34 Lay Daung Kan Road, Lay Daunkan Ward, Thingangyun, Yangon","၃၄, လေးထောင့်ကန်လမ်း, လေးဒေါင့်ကန်ရပ်ကွက်, သင်္ဃန်းကျွန်း",Thingangyun,သင်္ဃန်းကျွန်း,Yangon East,ရန်ကုန်အရှေ့ပိုင်း,Yangon,ရန်ကုန်,11431.0,16.840322,96.203078,,4.5,25,,Yangon,"Name: Nilar (နီလာ). Category: Restaurant (Biryani). House Number: 34. Address: ၃၄, လေးထောင့်ကန်လမ်း, လေးဒေါင့်ကန်ရပ်ကွက်, သင်္ဃန်းကျွန်း. Township: Thingangyun. District: Yangon East"
1733,Nilar,နီလာ,Shop,အထွေထွေအမျိုးအစား,,,Thingangyun,Thingangyun,Thingangyun,,Yangon East,ရန်ကုန်အရှေ့ပိုင်း,Yangon,ရန်ကုန်,,16.832118,96.201979,,4.3,409,,Yangon,Name: Nilar (နီလာ). Category: Shop. Address: Thingangyun. Township: Thingangyun. District: Yangon East
206,Nine,နိုင်း,Printing Service,ပြုပြင်ရေးလုပ်ငန်း,29,29,"29 Lay Daung Kan Road, Lay Daunkan Ward, Thingangyun, Yangon","၂၉, လေးထောင့်ကန်လမ်း, လေးဒေါင့်ကန်ရပ်ကွက်, သင်္ဃန်းကျွန်း",Thingangyun,သင်္ဃန်းကျွန်း,Yangon East,ရန်ကုန်အရှေ့ပိုင်း,Yangon,ရန်ကုန်,11431.0,16.840049,96.202772,,4.6,28,,Yangon,"Name: Nine (နိုင်း). Category: Printing Service. House Number: 29. Address: ၂၉, လေးထောင့်ကန်လမ်း, လေးဒေါင့်ကန်ရပ်ကွက်, သင်္ဃန်းကျွန်း. Township: Thingangyun. District: Yangon East"
1479,Nine,နိုင်း,Museum,ပြတိုက်နှင့် ယဉ်ကျေးမှု,,,Thingangyun,Thingangyun,Thingangyun,,Yangon East,ရန်ကုန်အရှေ့ပိုင်း,Yangon,ရန်ကုန်,,16.832359,96.18515,,4.9,247,,Yangon,Name: Nine (နိုင်း). Category: Museum. Address: Thingangyun. Township: Thingangyun. District: Yangon East
1997,Nine Star,နိုင်းစတား,Shop,အထွေထွေအမျိုးအစား,,,Thingangyun,Thingangyun,Thingangyun,,Yangon East,ရန်ကုန်အရှေ့ပိုင်း,Yangon,ရန်ကုန်,,16.833169,96.195233,,4.7,601,,Yangon,Name: Nine Star (နိုင်းစတား). Category: Shop. Address: Thingangyun. Township: Thingangyun. District: Yangon East
717,No. (4) Kyaung Tike,အမှတ်(၄)ကျောင်းတိုက်,Place of Worship,ဘာသာရေးနေရာ,,,Thingangyun,Thingangyun,Thingangyun,,Yangon East,ရန်ကုန်အရှေ့ပိုင်း,Yangon,ရန်ကုန်,,16.844391,96.201561,,4.7,361,,Yangon,Name: No. (4) Kyaung Tike (အမှတ်(၄)ကျောင်းတိုက်). Category: Place of Worship. Address: Thingangyun. Township: Thingangyun. District: Yangon East
1529,No.(2) Ward Council (Thingangyun),အမှတ(၂)ရပ်ကွက်၊အုပ်ချုပ်ရေးမှူးရုံး၊သင်္ဃန်းကျွန်း,Government Office,ရုံးခန်းနှင့် လူနေအိမ်ရာ,,,Thingangyun,Thingangyun,Thingangyun,,Yangon East,ရန်ကုန်အရှေ့ပိုင်း,Yangon,ရန်ကုန်,,16.832147,96.181811,,4.9,397,,Yangon,Name: No.(2) Ward Council (Thingangyun) (အမှတ(၂)ရပ်ကွက်၊အုပ်ချုပ်ရေးမှူးရုံး၊သင်္ဃန်းကျွန်း). Category: Government Office. Address: Thingangyun. Township: Thingangyun. District: Yangon East
1530,No.(3) Ward Council (Thingangyun),အမှတ်(၃)ရပ်ကွက်၊အုပ်ချုပ်ရေးမှူးရုံး၊သင်္ဃန်းကျွန်း,Government Office,ရုံးခန်းနှင့် လူနေအိမ်ရာ,,,Thingangyun,Thingangyun,Thingangyun,,Yangon East,ရန်ကုန်အရှေ့ပိုင်း,Yangon,ရန်ကုန်,,16.829746,96.182464,,4,400,,Yangon,Name: No.(3) Ward Council (Thingangyun) (အမှတ်(၃)ရပ်ကွက်၊အုပ်ချုပ်ရေးမှူးရုံး၊သင်္ဃန်းကျွန်း). Category: Government Office. Address: Thingangyun. Township: Thingangyun. District: Yangon East
494,No.1 Condo,No.1 Condo,Condo,ရုံးခန်းနှင့် လူနေအိမ်ရာ,,,"16\4 Ward (TGGN), Thingangyun","16\4 Ward (TGGN), Thingangyun",Thingangyun,,Yangon East,ရန်ကုန်အရှေ့ပိုင်း,Yangon,ရန်ကုန်,,16.8296,96.1874,,4.4,292,,Yangon,"Name: No.1 Condo. Category: Condo. Address: 16\4 Ward (TGGN), Thingangyun. Township: Thingangyun. District: Yangon East"
495,No.652 Condo,No.652 Condo,Condo,ရုံးခန်းနှင့် လူနေအိမ်ရာ,,,"16\4 Ward (TGGN), Thingangyun","16\4 Ward (TGGN), Thingangyun",Thingangyun,,Yangon East,ရန်ကုန်အရှေ့ပိုင်း,Yangon,ရန်ကုန်,,16.8299,96.185,,4.5,295,,Yangon,"Name: No.652 Condo. Category: Condo. Address: 16\4 Ward (TGGN), Thingangyun. Township: Thingangyun. District: Yangon East"
496,No.654 Condo,No.654 Condo,Condo,ရုံးခန်းနှင့် လူနေအိမ်ရာ,,,"16\4 Ward (TGGN), Thingangyun","16\4 Ward (TGGN), Thingangyun",Thingangyun,,Yangon East,ရန်ကုန်အရှေ့ပိုင်း,Yangon,ရန်ကုန်,,16.8298,96.1861,,4.6,298,,Yangon,"Name: No.654 Condo. Category: Condo. Address: 16\4 Ward (TGGN), Thingangyun. Township: Thingangyun. District: Yangon East"
497,No.658 Condo,No.658 Condo,Condo,ရုံးခန်းနှင့် လူနေအိမ်ရာ,,,"16\4 Ward (TGGN), Thingangyun","16\4 Ward (TGGN), Thingangyun",Thingangyun,,Yangon East,ရန်ကုန်အရှေ့ပိုင်း,Yangon,ရန်ကုန်,,16.8297,96.1867,,4.7,301,,Yangon,"Name: No.658 Condo. Category: Condo. Address: 16\4 Ward (TGGN), Thingangyun. Township: Thingangyun. District: Yangon East"
498,No.7 Funture Factory,No.7 Funture Factory,Factory,အထွေထွေအမျိုးအစား,,,"Aung Su Pan Ward (TGGN), Thingangyun","Aung Su Pan Ward (TGGN), Thingangyun",Thingangyun,,Yangon East,ရန်ကုန်အရှေ့ပိုင်း,Yangon,ရန်ကုန်,,16.8143,96.1897,,4.8,304,,Yangon,"Name: No.7 Funture Factory. Category: Factory. Address: Aung Su Pan Ward (TGGN), Thingangyun. Township: Thingangyun. District: Yangon East"
1220,Noble Steel,နိုဗယ်စတီး,Shop,အထွေထွေအမျိုးအစား,,,Thingangyun,Thingangyun,Thingangyun,,Yangon East,ရန်ကုန်အရှေ့ပိုင်း,Yangon,ရန်ကုန်,,16.835177,96.207896,,4,70,,Yangon,Name: Noble Steel (နိုဗယ်စတီး). Category: Shop. Address: Thingangyun. Township: Thingangyun. District: Yangon East
394,Noi 99,နွိုင် နိုင်းနိုင်း,Fruniture Sale,အထွေထွေအမျိုးအစား,1/20,1^20,"1/20 Than Thu Mar Road, Ward-29 Thuwunna, Thingangyun, Yangon","၁^၂၀, သံသုမာလမ်း, သု၀ဏ္ဏ(၂၉)ရပ်ကွက်, သင်္ဃန်းကျွန်း",Thingangyun,သင်္ဃန်းကျွန်း,Yangon East,ရန်ကုန်အရှေ့ပိုင်း,Yangon,ရန်ကုန်,11431.0,16.821836,96.20402,,4.4,592,,Yangon,"Name: Noi 99 (နွိုင် နိုင်းနိုင်း). Category: Fruniture Sale. House Number: 1/20. Address: ၁^၂၀, သံသုမာလမ်း, သု၀ဏ္ဏ(၂၉)ရပ်ကွက်, သင်္ဃန်းကျွန်း. Township: Thingangyun. District: Yangon East"
1490,Nova Dent,နိုဘာဒန့်,Dentist,အထွေထွေအမျိုးအစား,,,Thingangyun,Thingangyun,Thingangyun,,Yangon East,ရန်ကုန်အရှေ့ပိုင်း,Yangon,ရန်ကုန်,,16.834328,96.180528,,4,280,,Yangon,Name: Nova Dent (နိုဘာဒန့်). Category: Dentist. Address: Thingangyun. Township: Thingangyun. District: Yangon East
1289,Nway Moe Saung,နွေမိုးဆောင်း,Shop,အထွေထွေအမျိုးအစား,,,Thingangyun,Thingangyun,Thingangyun,,Yangon East,ရန်ကုန်အရှေ့ပိုင်း,Yangon,ရန်ကုန်,,16.829237,96.202235,,4.9,277,,Yangon,Name: Nway Moe Saung (နွေမိုးဆောင်း). Category: Shop. Address: Thingangyun. Township: Thingangyun. District: Yangon East
207,Nwe Moe Hein,ငွေမိုးဟိန်း,Travels & Tours,ခရီးသွားလုပ်ငန်း,31,31,"31 Lay Daung Kan Road, Lay Daunkan Ward, Thingangyun, Yangon","၃၁, လေးထောင့်ကန်လမ်း, လေးဒေါင့်ကန်ရပ်ကွက်, သင်္ဃန်းကျွန်း",Thingangyun,သင်္ဃန်းကျွန်း,Yangon East,ရန်ကုန်အရှေ့ပိုင်း,Yangon,ရန်ကုန်,11431.0,16.839951,96.20269,,4.7,31,,Yangon,"Name: Nwe Moe Hein (ငွေမိုးဟိန်း). Category: Travels & Tours. House Number: 31. Address: ၃၁, လေးထောင့်ကန်လမ်း, လေးဒေါင့်ကန်ရပ်ကွက်, သင်္ဃန်းကျွန်း. Township: Thingangyun. District: Yangon East"
1760,Nwe Ni,နွယ်နီ,Shop,အထွေထွေအမျိုးအစား,,,Thingangyun,Thingangyun,Thingangyun,,Yangon East,ရန်ကုန်အရှေ့ပိုင်း,Yangon,ရန်ကုန်,,16.841796,96.200921,,4,490,,Yangon,Name: Nwe Ni (နွယ်နီ). Category: Shop. Address: Thingangyun. Township: Thingangyun. District: Yangon East
346,Nwe Zin Yaw,ငွေဇင်ယော်,"Aluminium,Glass & Steel",ဆောက်လုပ်ရေးနှင့် ဟာ့ဒ်ဝဲ,174,174,"174 U Chit Maung Road, North Sayar (East) Ward, Bahan, Yangon","၁၇၄, ဦးချစ်မောင်လမ်း, ဆရာစံမြောက်အရှေ့ရပ်ကွက်, ဗဟန်း",Bahan,ဗဟန်း,Yangon East,ရန်ကုန်အရှေ့ပိုင်း,Yangon,ရန်ကုန်,11431.0,16.816759,96.195583,,4.6,448,,Yangon,"Name: Nwe Zin Yaw (ငွေဇင်ယော်). Category: Aluminium,Glass & Steel. House Number: 174. Address: ၁၇၄, ဦးချစ်မောင်လမ်း, ဆရာစံမြောက်အရှေ့ရပ်ကွက်, ဗဟန်း. Township: Bahan. District: Yangon East"
617,Nyaung Kan Aye Monastery,Nyaung Kan Aye Monastery,Monastery,ဘာသာရေးနေရာ,,,"Kyi Pwar Yae Ward (TGGN), Thingangyun","Kyi Pwar Yae Ward (TGGN), Thingangyun",Thingangyun,,Yangon East,ရန်ကုန်အရှေ့ပိုင်း,Yangon,ရန်ကုန်,,16.84,96.2059,,4.7,61,,Yangon,"Name: Nyaung Kan Aye Monastery. Category: Monastery. Address: Kyi Pwar Yae Ward (TGGN), Thingangyun. Township: Thingangyun. District: Yangon East"
1313,Nyein,ငြိမ်း,Shop,အထွေထွေအမျိုးအစား,,,Thingangyun,Thingangyun,Thingangyun,,Yangon East,ရန်ကုန်အရှေ့ပိုင်း,Yangon,ရန်ကုန်,,16.841419,96.202996,,4.3,349,,Yangon,Name: Nyein (ငြိမ်း). Category: Shop. Address: Thingangyun. Township: Thingangyun. District: Yangon East
1900,Nyein Chan,ငြိမ်းချမ်း,Hospital/Polyclinic,ဆေးရုံနှင့် ဆေးခန်း,,,Thingangyun,Thingangyun,Thingangyun,,Yangon East,ရန်ကုန်အရှေ့ပိုင်း,Yangon,ရန်ကုန်,,16.835808,96.197792,,4,310,,Yangon,Name: Nyein Chan (ငြိမ်းချမ်း). Category: Hospital/Polyclinic. Address: Thingangyun. Township: Thingangyun. District: Yangon East
1133,Nyung Than Aye Kwin Kyaung Sarzana Yeik Thar Kyaung Tike,ညောင်သန်အေးတွင်းကျောင်းသာသနာ့ရိပ်သာကျောင်းတိုက်,Place of Worship,ဘာသာရေးနေရာ,,,Thingangyun,Thingangyun,Thingangyun,,Yangon East,ရန်ကုန်အရှေ့ပိုင်း,Yangon,ရန်ကုန်,,16.839301,96.205968,,4.3,409,,Yangon,Name: Nyung Than Aye Kwin Kyaung Sarzana Yeik Thar Kyaung Tike (ညောင်သန်အေးတွင်းကျောင်းသာသနာ့ရိပ်သာကျောင်းတိုက်). Category: Place of Worship. Address: Thingangyun. Township: Thingangyun. District: Yangon East
1427,O Ye Phu,အိုရီဖူး,Shop,အထွေထွေအမျိုးအစား,,,Thingangyun,Thingangyun,Thingangyun,,Yangon East,ရန်ကုန်အရှေ့ပိုင်း,Yangon,ရန်ကုန်,,16.836485,96.201143,,4.7,91,,Yangon,Name: O Ye Phu (အိုရီဖူး). Category: Shop. Address: Thingangyun. Township: Thingangyun. District: Yangon East
823,O.A.6,အိုအေ၆,Shop,အထွေထွေအမျိုးအစား,,,Thingangyun,Thingangyun,Thingangyun,,Yangon East,ရန်ကုန်အရှေ့ပိုင်း,Yangon,ရန်ကုန်,,16.828386,96.212504,,4.3,79,,Yangon,Name: O.A.6 (အိုအေ၆). Category: Shop. Address: Thingangyun. Township: Thingangyun. District: Yangon East
499,O.N.E,O.N.E,Restaurant,စားသောက်ဆိုင်,,,"Supaing Ward (TGGN), Thingangyun","Supaing Ward (TGGN), Thingangyun",Thingangyun,,Yangon East,ရန်ကုန်အရှေ့ပိုင်း,Yangon,ရန်ကုန်,,16.8184,96.1982,,4.9,307,,Yangon,"Name: O.N.E. Category: Restaurant. Address: Supaing Ward (TGGN), Thingangyun. Township: Thingangyun. District: Yangon East"
109,OHLaLA,ဟိုးလလ,Company,ရုံးခန်းနှင့် လူနေအိမ်ရာ,3,3,"3 Yadanar Road, Bawa Myint Ward, Thingangyun, Yangon","၃, ရတနာလမ်း, ဘ၀မြင့်ရပ်ကွက်, သင်္ဃန်းကျွန်း",Thingangyun,သင်္ဃန်းကျွန်း,Yangon East,ရန်ကုန်အရှေ့ပိုင်း,Yangon,ရန်ကုန်,11431.0,16.844598,96.19974,,4.9,337,,Yangon,"Name: OHLaLA (ဟိုးလလ). Category: Company. House Number: 3. Address: ၃, ရတနာလမ်း, ဘ၀မြင့်ရပ်ကွက်, သင်္ဃန်းကျွန်း. Township: Thingangyun. District: Yangon East"
110,OK Tours,အိုကေတိုး,Travels & Tours,ခရီးသွားလုပ်ငန်း,3,3,"3 Yadanar Road, Bawa Myint Ward, Thingangyun, Yangon","၃, ရတနာလမ်း, ဘ၀မြင့်ရပ်ကွက်, သင်္ဃန်းကျွန်း",Thingangyun,သင်္ဃန်းကျွန်း,Yangon East,ရန်ကုန်အရှေ့ပိုင်း,Yangon,ရန်ကုန်,11431.0,16.843636,96.198821,,4,340,,Yangon,"Name: OK Tours (အိုကေတိုး). Category: Travels & Tours. House Number: 3. Address: ၃, ရတနာလမ်း, ဘ၀မြင့်ရပ်ကွက်, သင်္ဃန်းကျွန်း. Township: Thingangyun. District: Yangon East"
743,OMAG,အိုအမ်အေဂျီ,Company,ရုံးခန်းနှင့် လူနေအိမ်ရာ,,,Thingangyun,Thingangyun,Thingangyun,,Yangon East,ရန်ကုန်အရှေ့ပိုင်း,Yangon,ရန်ကုန်,,16.814614,96.193058,,4.3,439,,Yangon,Name: OMAG (အိုအမ်အေဂျီ). Category: Company. Address: Thingangyun. Township: Thingangyun. District: Yangon East
926,OPPO,အိုပို,Shop,အထွေထွေအမျိုးအစား,,,Thingangyun,Thingangyun,Thingangyun,,Yangon East,ရန်ကုန်အရှေ့ပိုင်း,Yangon,ရန်ကုန်,,16.841036,96.203897,,4.6,388,,Yangon,Name: OPPO (အိုပို). Category: Shop. Address: Thingangyun. Township: Thingangyun. District: Yangon East
1879,Oak Aw Eain,ဥဩအိမ်,Restaurant,စားသောက်ဆိုင်,,,Thingangyun,Thingangyun,Thingangyun,,Yangon East,ရန်ကုန်အရှေ့ပိုင်း,Yangon,ရန်ကုန်,,16.840148,96.202276,,4.9,247,,Yangon,Name: Oak Aw Eain (ဥဩအိမ်). Category: Restaurant. Address: Thingangyun. Township: Thingangyun. District: Yangon East
1878,Oak Aw Eain,ဥာသအိမ်,Restaurant,စားသောက်ဆိုင်,,,Thingangyun,Thingangyun,Thingangyun,,Yangon East,ရန်ကုန်အရှေ့ပိုင်း,Yangon,ရန်ကုန်,,16.84009,96.202226,,4.8,244,,Yangon,Name: Oak Aw Eain (ဥာသအိမ်). Category: Restaurant. Address: Thingangyun. Township: Thingangyun. District: Yangon East
1275,Oasis,အိုအေစစ်,Shop,အထွေထွေအမျိုးအစား,,,Thingangyun,Thingangyun,Thingangyun,,Yangon East,ရန်ကုန်အရှေ့ပိုင်း,Yangon,ရန်ကုန်,,16.829901,96.207804,,4.5,235,,Yangon,Name: Oasis (အိုအေစစ်). Category: Shop. Address: Thingangyun. Township: Thingangyun. District: Yangon East
962,Ocean Medical Centre,အိုးရှင်းမဒီကယ်စင်တာ,Health Care Service,ပြုပြင်ရေးလုပ်ငန်း,,,Thingangyun,Thingangyun,Thingangyun,,Yangon East,ရန်ကုန်အရှေ့ပိုင်း,Yangon,ရန်ကုန်,,16.82402,96.211261,,4.2,496,,Yangon,Name: Ocean Medical Centre (အိုးရှင်းမဒီကယ်စင်တာ). Category: Health Care Service. Address: Thingangyun. Township: Thingangyun. District: Yangon East
500,Officecubed,Officecubed,Office Building,ရုံးခန်းနှင့် လူနေအိမ်ရာ,,,"60, 4th Flr, Yadanar Thukha St.,Sa Ka Ward (TGGN),Thingangyun","60, 4th Flr, Yadanar Thukha St.,Sa Ka Ward (TGGN),Thingangyun",Thingangyun,,Yangon East,ရန်ကုန်အရှေ့ပိုင်း,Yangon,ရန်ကုန်,,16.8318,96.1929,,4,310,,Yangon,"Name: Officecubed. Category: Office Building. Address: 60, 4th Flr, Yadanar Thukha St.,Sa Ka Ward (TGGN),Thingangyun. Township: Thingangyun. District: Yangon East"
1927,"Ohm Mahar Shwe Myanmar Co., Ltd.",ဥုံမဟာရွေ(လ်) မြန်မာကုမ္ပဏီလီမီတက်,Company,ရုံးခန်းနှင့် လူနေအိမ်ရာ,,,Thingangyun,Thingangyun,Thingangyun,,Yangon East,ရန်ကုန်အရှေ့ပိုင်း,Yangon,ရန်ကုန်,,16.834834,96.196819,,4.7,391,,Yangon,"Name: Ohm Mahar Shwe Myanmar Co., Ltd. (ဥုံမဟာရွေ(လ်) မြန်မာကုမ္ပဏီလီမီတက်). Category: Company. Address: Thingangyun. Township: Thingangyun. District: Yangon East"
1734,Ok,အိုကေ,Shop,အထွေထွေအမျိုးအစား,,,Thingangyun,Thingangyun,Thingangyun,,Yangon East,ရန်ကုန်အရှေ့ပိုင်း,Yangon,ရန်ကုန်,,16.834294,96.179811,,4.4,412,,Yangon,Name: Ok (အိုကေ). Category: Shop. Address: Thingangyun. Township: Thingangyun. District: Yangon East
704,Oke Aww Eain,ဥဩအိမ်,Restaurant,စားသောက်ဆိုင်,,,Thingangyun,Thingangyun,Thingangyun,,Yangon East,ရန်ကုန်အရှေ့ပိုင်း,Yangon,ရန်ကုန်,,16.839956,96.202065,,4.4,322,,Yangon,Name: Oke Aww Eain (ဥဩအိမ်). Category: Restaurant. Address: Thingangyun. Township: Thingangyun. District: Yangon East
501,Okkala Oo Zedi,ဥက၊လာဦးစေတီ,Pagoda,ဘာသာရေးနေရာ,,,"Za (North) Ward (TGGN), Thingangyun","Za (North) Ward (TGGN), Thingangyun",Thingangyun,,Yangon East,ရန်ကုန်အရှေ့ပိုင်း,Yangon,ရန်ကုန်,,16.8285,96.1833,,4.1,313,,Yangon,"Name: Okkala Oo Zedi (ဥက၊လာဦးစေတီ). Category: Pagoda. Address: Za (North) Ward (TGGN), Thingangyun. Township: Thingangyun. District: Yangon East"
502,"Oleander Co.,Ltd","Oleander Co.,Ltd",Office Building,ရုံးခန်းနှင့် လူနေအိမ်ရာ,,,"Mikyaung Kan (1) Ward (TGGN), Thingangyun","Mikyaung Kan (1) Ward (TGGN), Thingangyun",Thingangyun,,Yangon East,ရန်ကုန်အရှေ့ပိုင်း,Yangon,ရန်ကုန်,,16.8247,96.1807,,4.2,316,,Yangon,"Name: Oleander Co.,Ltd. Category: Office Building. Address: Mikyaung Kan (1) Ward (TGGN), Thingangyun. Township: Thingangyun. District: Yangon East"
963,Olympia,အိုလံပီယာ,Health Care Service,ပြုပြင်ရေးလုပ်ငန်း,,,Thingangyun,Thingangyun,Thingangyun,,Yangon East,ရန်ကုန်အရှေ့ပိုင်း,Yangon,ရန်ကုန်,,16.826166,96.212304,,4.3,499,,Yangon,Name: Olympia (အိုလံပီယာ). Category: Health Care Service. Address: Thingangyun. Township: Thingangyun. District: Yangon East
138,One 87,၀မ်း ရှစ်ဆယ့်ခွန်,Car Battery Shop,အထွေထွေအမျိုးအစား,235,235,"235 Than Thu Mar Road, Kyi Pwar Yae Ward, Thingangyun, Yangon","၂၃၅, သံသုမာလမ်း, ကြီးပွားရေးရပ်ကွက်, သင်္ဃန်းကျွန်း",Thingangyun,သင်္ဃန်းကျွန်း,Yangon East,ရန်ကုန်အရှေ့ပိုင်း,Yangon,ရန်ကုန်,11431.0,16.837327,96.207395,,4.8,424,,Yangon,"Name: One 87 (၀မ်း ရှစ်ဆယ့်ခွန်). Category: Car Battery Shop. House Number: 235. Address: ၂၃၅, သံသုမာလမ်း, ကြီးပွားရေးရပ်ကွက်, သင်္ဃန်းကျွန်း. Township: Thingangyun. District: Yangon East"
1428,One Star,၀မ်းစတား,Shop,အထွေထွေအမျိုးအစား,,,Thingangyun,Thingangyun,Thingangyun,,Yangon East,ရန်ကုန်အရှေ့ပိုင်း,Yangon,ရန်ကုန်,,16.828567,96.197861,,4.8,94,,Yangon,Name: One Star (၀မ်းစတား). Category: Shop. Address: Thingangyun. Township: Thingangyun. District: Yangon East
813,One Star,၀မ်းစတား,Shop,အထွေထွေအမျိုးအစား,,,Thingangyun,Thingangyun,Thingangyun,,Yangon East,ရန်ကုန်အရှေ့ပိုင်း,Yangon,ရန်ကုန်,,16.841372,96.204303,,4.3,49,,Yangon,Name: One Star (၀မ်းစတား). Category: Shop. Address: Thingangyun. Township: Thingangyun. District: Yangon East
1880,One Star,၀မ်းစတား,Restaurant,စားသောက်ဆိုင်,,,Thingangyun,Thingangyun,Thingangyun,,Yangon East,ရန်ကုန်အရှေ့ပိုင်း,Yangon,ရန်ကုန်,,16.841188,96.196016,,4,250,,Yangon,Name: One Star (၀မ်းစတား). Category: Restaurant. Address: Thingangyun. Township: Thingangyun. District: Yangon East
618,Online KTV,Online KTV,Shop,အထွေထွေအမျိုးအစား,,,"Kyi Pwar Yae Ward (TGGN), Thingangyun","Kyi Pwar Yae Ward (TGGN), Thingangyun",Thingangyun,,Yangon East,ရန်ကုန်အရှေ့ပိုင်း,Yangon,ရန်ကုန်,,16.841,96.2064,,4.8,64,,Yangon,"Name: Online KTV. Category: Shop. Address: Kyi Pwar Yae Ward (TGGN), Thingangyun. Township: Thingangyun. District: Yangon East"
925,Ooredoo,အူရီဒူး,Shop,အထွေထွေအမျိုးအစား,,,Thingangyun,Thingangyun,Thingangyun,,Yangon East,ရန်ကုန်အရှေ့ပိုင်း,Yangon,ရန်ကုန်,,16.815368,96.19258,,4.5,385,,Yangon,Name: Ooredoo (အူရီဒူး). Category: Shop. Address: Thingangyun. Township: Thingangyun. District: Yangon East
2014,Oppo,အိုပို,Shop,အထွေထွေအမျိုးအစား,,,Thingangyun,Thingangyun,Thingangyun,,Yangon East,ရန်ကုန်အရှေ့ပိုင်း,Yangon,ရန်ကုန်,,16.83548,96.186356,,4.4,52,,Yangon,Name: Oppo (အိုပို). Category: Shop. Address: Thingangyun. Township: Thingangyun. District: Yangon East
18,Oppo,အော်ပို,Mobile Phone Shop,ဖုန်းနှင့် ဆက်စပ်ပစ္စည်း,994,994,"994 Thu Mingalar Road, Ward-16\1, Thingangyun, Yangon","၉၉၄, သုမင်္ဂလာလမ်း, (၁၆^၁)ရပ်ကွက်, သင်္ဃန်းကျွန်း",Thingangyun,သင်္ဃန်းကျွန်း,Yangon East,ရန်ကုန်အရှေ့ပိုင်း,Yangon,ရန်ကုန်,11431.0,16.835516,96.186228,,4.8,64,,Yangon,"Name: Oppo (အော်ပို). Category: Mobile Phone Shop. House Number: 994. Address: ၉၉၄, သုမင်္ဂလာလမ်း, (၁၆^၁)ရပ်ကွက်, သင်္ဃန်းကျွန်း. Township: Thingangyun. District: Yangon East"
503,Orange,Orange,Super Market & Shopping Mall,စျေးနှင့် ကုန်စုံဆိုင်,,,"G Flr, Waizayantar Shopping Centre,,Waizayantar Rd.","G Flr, Waizayantar Shopping Centre,,Waizayantar Rd.",Thingangyun,,Yangon East,ရန်ကုန်အရှေ့ပိုင်း,Yangon,ရန်ကုန်,,16.8243,96.1814,,4.3,319,,Yangon,"Name: Orange. Category: Super Market & Shopping Mall. Address: G Flr, Waizayantar Shopping Centre,,Waizayantar Rd.. Township: Thingangyun. District: Yangon East"
637,Orchid,သစ်ခွ,Pharmacy,ဆေးဆိုင်,,,Thingangyun,Thingangyun,Thingangyun,,Yangon East,ရန်ကုန်အရှေ့ပိုင်း,Yangon,ရန်ကုန်,,16.838917,96.200997,,4.7,121,,Yangon,Name: Orchid (သစ်ခွ). Category: Pharmacy. Address: Thingangyun. Township: Thingangyun. District: Yangon East
1314,Ours,အာဝါစ်,Shop,အထွေထွေအမျိုးအစား,,,Thingangyun,Thingangyun,Thingangyun,,Yangon East,ရန်ကုန်အရှေ့ပိုင်း,Yangon,ရန်ကုန်,,16.831024,96.207908,,4.4,352,,Yangon,Name: Ours (အာဝါစ်). Category: Shop. Address: Thingangyun. Township: Thingangyun. District: Yangon East
1689,P&P,ပီအန်ပီ,Shop,အထွေထွေအမျိုးအစား,,,Thingangyun,Thingangyun,Thingangyun,,Yangon East,ရန်ကုန်အရှေ့ပိုင်း,Yangon,ရန်ကုန်,,16.829273,96.207359,,4.9,277,,Yangon,Name: P&P (ပီအန်ပီ). Category: Shop. Address: Thingangyun. Township: Thingangyun. District: Yangon East
1315,P.K.Z,ပီ.ကေ.ဇက်,Shop,အထွေထွေအမျိုးအစား,,,Thingangyun,Thingangyun,Thingangyun,,Yangon East,ရန်ကုန်အရှေ့ပိုင်း,Yangon,ရန်ကုန်,,16.832874,96.199144,,4.5,355,,Yangon,Name: P.K.Z (ပီ.ကေ.ဇက်). Category: Shop. Address: Thingangyun. Township: Thingangyun. District: Yangon East
620,PEACE,PEACE,Shop,အထွေထွေအမျိုးအစား,,,"Yangon Thit Ward (TGGN), Thingangyun","Yangon Thit Ward (TGGN), Thingangyun",Thingangyun,,Yangon East,ရန်ကုန်အရှေ့ပိုင်း,Yangon,ရန်ကုန်,,16.8274,96.2075,,4,70,,Yangon,"Name: PEACE. Category: Shop. Address: Yangon Thit Ward (TGGN), Thingangyun. Township: Thingangyun. District: Yangon East"
125,PK,ပီကေ,Retail Outlet,စျေးနှင့် ကုန်စုံဆိုင်,31,31,"31 Lay Daung Kan Road, Bo Kan Nyunt Ward, Thingangyun, Yangon","၃၁, လေးထောင့်ကန်လမ်း, ဗိုလ်ကံညွန့်ရပ်ကွက်, သင်္ဃန်းကျွန်း",Thingangyun,သင်္ဃန်းကျွန်း,Yangon East,ရန်ကုန်အရှေ့ပိုင်း,Yangon,ရန်ကုန်,11431.0,16.832654,96.195135,,4.5,385,,Yangon,"Name: PK (ပီကေ). Category: Retail Outlet. House Number: 31. Address: ၃၁, လေးထောင့်ကန်လမ်း, ဗိုလ်ကံညွန့်ရပ်ကွက်, သင်္ဃန်းကျွန်း. Township: Thingangyun. District: Yangon East"
1690,Pa Lal Thwal,ပုလဲသွယ်,Shop,အထွေထွေအမျိုးအစား,,,Thingangyun,Thingangyun,Thingangyun,,Yangon East,ရန်ကုန်အရှေ့ပိုင်း,Yangon,ရန်ကုန်,,16.842628,96.200645,,4,280,,Yangon,Name: Pa Lal Thwal (ပုလဲသွယ်). Category: Shop. Address: Thingangyun. Township: Thingangyun. District: Yangon East
1305,Pa Lal Thwal,ပုလဲသွယ်,Shop,အထွေထွေအမျိုးအစား,,,Thingangyun,Thingangyun,Thingangyun,,Yangon East,ရန်ကုန်အရှေ့ပိုင်း,Yangon,ရန်ကုန်,,16.842686,96.20008,,4.5,325,,Yangon,Name: Pa Lal Thwal (ပုလဲသွယ်). Category: Shop. Address: Thingangyun. Township: Thingangyun. District: Yangon East
910,Pa Pa Win,ပပ၀င်း,Shop,အထွေထွေအမျိုးအစား,,,Thingangyun,Thingangyun,Thingangyun,,Yangon East,ရန်ကုန်အရှေ့ပိုင်း,Yangon,ရန်ကုန်,,16.824156,96.206863,,4,340,,Yangon,Name: Pa Pa Win (ပပ၀င်း). Category: Shop. Address: Thingangyun. Township: Thingangyun. District: Yangon East
124,Pacific Digital,ပစိဖတ်ဒီဂျစ်တယ်,Photo Studio,အထွေထွေအမျိုးအစား,33,33,"33 Lay Daung Kan Road, Bo Kan Nyunt Ward, Thingangyun, Yangon","၃၃, လေးထောင့်ကန်လမ်း, ဗိုလ်ကံညွန့်ရပ်ကွက်, သင်္ဃန်းကျွန်း",Thingangyun,သင်္ဃန်းကျွန်း,Yangon East,ရန်ကုန်အရှေ့ပိုင်း,Yangon,ရန်ကုန်,11431.0,16.83256,96.19501,,4.4,382,,Yangon,"Name: Pacific Digital (ပစိဖတ်ဒီဂျစ်တယ်). Category: Photo Studio. House Number: 33. Address: ၃၃, လေးထောင့်ကန်လမ်း, ဗိုလ်ကံညွန့်ရပ်ကွက်, သင်္ဃန်းကျွန်း. Township: Thingangyun. District: Yangon East"
1994,Pacific Digital,ပစိဖိတ်ဒီဂျစ်တယ်,Shop,အထွေထွေအမျိုးအစား,,,Thingangyun,Thingangyun,Thingangyun,,Yangon East,ရန်ကုန်အရှေ့ပိုင်း,Yangon,ရန်ကုန်,,16.83249,96.19505,,4.4,592,,Yangon,Name: Pacific Digital (ပစိဖိတ်ဒီဂျစ်တယ်). Category: Shop. Address: Thingangyun. Township: Thingangyun. District: Yangon East
843,Padamyar Shwe Sin,ပတ္တမြားရွှေစင်,Shop,အထွေထွေအမျိုးအစား,,,Thingangyun,Thingangyun,Thingangyun,,Yangon East,ရန်ကုန်အရှေ့ပိုင်း,Yangon,ရန်ကုန်,,16.844526,96.201719,,4.3,139,,Yangon,Name: Padamyar Shwe Sin (ပတ္တမြားရွှေစင်). Category: Shop. Address: Thingangyun. Township: Thingangyun. District: Yangon East
814,Padauk War,ပိတောက်ဝါ,Shop,အထွေထွေအမျိုးအစား,,,Thingangyun,Thingangyun,Thingangyun,,Yangon East,ရန်ကုန်အရှေ့ပိုင်း,Yangon,ရန်ကုန်,,16.82552,96.209932,,4.4,52,,Yangon,Name: Padauk War (ပိတောက်ဝါ). Category: Shop. Address: Thingangyun. Township: Thingangyun. District: Yangon East
1221,Paing,ပိုင်,Shop,အထွေထွေအမျိုးအစား,,,Thingangyun,Thingangyun,Thingangyun,,Yangon East,ရန်ကုန်အရှေ့ပိုင်း,Yangon,ရန်ကုန်,,16.840646,96.201316,,4.1,73,,Yangon,Name: Paing (ပိုင်). Category: Shop. Address: Thingangyun. Township: Thingangyun. District: Yangon East
1078,Paing Paing,ပိုင်ပိုင်,Restaurant,စားသောက်ဆိုင်,,,Thingangyun,Thingangyun,Thingangyun,,Yangon East,ရန်ကုန်အရှေ့ပိုင်း,Yangon,ရန်ကုန်,,16.84273,96.201462,,4.8,244,,Yangon,Name: Paing Paing (ပိုင်ပိုင်). Category: Restaurant. Address: Thingangyun. Township: Thingangyun. District: Yangon East
395,Palace,ပဲလေ့စ်,Food & Cold Drink,စားသောက်ဆိုင်,1-Dec,1^12,"1/12 Than Thu Mar Road, Ward-29 Thuwunna, Thingangyun, Yangon","၁^၁၂, သံသုမာလမ်း, သု၀ဏ္ဏ(၂၉)ရပ်ကွက်, သင်္ဃန်းကျွန်း",Thingangyun,သင်္ဃန်းကျွန်း,Yangon East,ရန်ကုန်အရှေ့ပိုင်း,Yangon,ရန်ကုန်,11431.0,16.821573,96.203637,,4.5,595,,Yangon,"Name: Palace (ပဲလေ့စ်). Category: Food & Cold Drink. House Number: 1-Dec. Address: ၁^၁၂, သံသုမာလမ်း, သု၀ဏ္ဏ(၂၉)ရပ်ကွက်, သင်္ဃန်းကျွန်း. Township: Thingangyun. District: Yangon East"
1347,Palae Vision,ပုလဲဗီရှင်,Shop,အထွေထွေအမျိုးအစား,,,Thingangyun,Thingangyun,Thingangyun,,Yangon East,ရန်ကုန်အရှေ့ပိုင်း,Yangon,ရန်ကုန်,,16.830591,96.202591,,4.7,451,,Yangon,Name: Palae Vision (ပုလဲဗီရှင်). Category: Shop. Address: Thingangyun. Township: Thingangyun. District: Yangon East
619,Palal Thidar Mobile,Palal Thidar Mobile,Shop,အထွေထွေအမျိုးအစား,,,"Ward 29 Thuwunna (TGGN), Thingangyun","Ward 29 Thuwunna (TGGN), Thingangyun",Thingangyun,,Yangon East,ရန်ကုန်အရှေ့ပိုင်း,Yangon,ရန်ကုန်,,16.8219,96.2041,,4.9,67,,Yangon,"Name: Palal Thidar Mobile. Category: Shop. Address: Ward 29 Thuwunna (TGGN), Thingangyun. Township: Thingangyun. District: Yangon East"
1761,Pan Ei,ပန်းအိ,Shop,အထွေထွေအမျိုးအစား,,,Thingangyun,Thingangyun,Thingangyun,,Yangon East,ရန်ကုန်အရှေ့ပိုင်း,Yangon,ရန်ကုန်,,16.843483,96.200595,,4.1,493,,Yangon,Name: Pan Ei (ပန်းအိ). Category: Shop. Address: Thingangyun. Township: Thingangyun. District: Yangon East
911,Pan Ei San,ပန်းအိစံ,Shop,အထွေထွေအမျိုးအစား,,,Thingangyun,Thingangyun,Thingangyun,,Yangon East,ရန်ကုန်အရှေ့ပိုင်း,Yangon,ရန်ကုန်,,16.82747,96.208681,,4.1,343,,Yangon,Name: Pan Ei San (ပန်းအိစံ). Category: Shop. Address: Thingangyun. Township: Thingangyun. District: Yangon East
1249,Pan Kabar,ပန်းကမ္ဘာ,Shop,အထွေထွေအမျိုးအစား,,,Thingangyun,Thingangyun,Thingangyun,,Yangon East,ရန်ကုန်အရှေ့ပိုင်း,Yangon,ရန်ကုန်,,16.837591,96.20698,,4.9,157,,Yangon,Name: Pan Kabar (ပန်းကမ္ဘာ). Category: Shop. Address: Thingangyun. Township: Thingangyun. District: Yangon East
1356,Pan Kant Kaw,ပန်းကံ့ကော်,Shop,အထွေထွေအမျိုးအစား,,,Thingangyun,Thingangyun,Thingangyun,,Yangon East,ရန်ကုန်အရှေ့ပိုင်း,Yangon,ရန်ကုန်,,16.834283,96.199087,,4.6,478,,Yangon,Name: Pan Kant Kaw (ပန်းကံ့ကော်). Category: Shop. Address: Thingangyun. Township: Thingangyun. District: Yangon East
1381,Pan Kha Yay,ပန်းခရေ,Shop,အထွေထွေအမျိုးအစား,,,Thingangyun,Thingangyun,Thingangyun,,Yangon East,ရန်ကုန်အရှေ့ပိုင်း,Yangon,ရန်ကုန်,,16.841634,96.20324,,4.1,553,,Yangon,Name: Pan Kha Yay (ပန်းခရေ). Category: Shop. Address: Thingangyun. Township: Thingangyun. District: Yangon East
796,Pan Mart,ပန် မတ်,Shop,အထွေထွေအမျိုးအစား,,,Thingangyun,Thingangyun,Thingangyun,,Yangon East,ရန်ကုန်အရှေ့ပိုင်း,Yangon,ရန်ကုန်,,16.829255,96.18609,,4.6,598,,Yangon,Name: Pan Mart (ပန် မတ်). Category: Shop. Address: Thingangyun. Township: Thingangyun. District: Yangon East
789,Pan Myint Thu,ပန်းမြင့်သူ,Shop,အထွေထွေအမျိုးအစား,,,Thingangyun,Thingangyun,Thingangyun,,Yangon East,ရန်ကုန်အရှေ့ပိုင်း,Yangon,ရန်ကုန်,,16.827287,96.209468,,4.9,577,,Yangon,Name: Pan Myint Thu (ပန်းမြင့်သူ). Category: Shop. Address: Thingangyun. Township: Thingangyun. District: Yangon East
1603,Pan Tain,ပန်းတိုင်,Shop,အထွေထွေအမျိုးအစား,,,Thingangyun,Thingangyun,Thingangyun,,Yangon East,ရန်ကုန်အရှေ့ပိုင်း,Yangon,ရန်ကုန်,,16.836415,96.185116,,4.3,19,,Yangon,Name: Pan Tain (ပန်းတိုင်). Category: Shop. Address: Thingangyun. Township: Thingangyun. District: Yangon East
1557,Pan Tain Thit,ပန်းတိုင်သစ်,Shop,အထွေထွေအမျိုးအစား,,,Thingangyun,Thingangyun,Thingangyun,,Yangon East,ရန်ကုန်အရှေ့ပိုင်း,Yangon,ရန်ကုန်,,16.836592,96.185491,,4.7,481,,Yangon,Name: Pan Tain Thit (ပန်းတိုင်သစ်). Category: Shop. Address: Thingangyun. Township: Thingangyun. District: Yangon East
208,Pan Thazin,ပန်းသဇင်,KTV,ဘားနှင့် ဖျော်ဖြေရေး,52,52,"52 Lay Daung Kan Road, Lay Daunkan Ward, Thingangyun, Yangon","၅၂, လေးထောင့်ကန်လမ်း, လေးဒေါင့်ကန်ရပ်ကွက်, သင်္ဃန်းကျွန်း",Thingangyun,သင်္ဃန်းကျွန်း,Yangon East,ရန်ကုန်အရှေ့ပိုင်း,Yangon,ရန်ကုန်,11431.0,16.835584,96.198161,,4.8,34,,Yangon,"Name: Pan Thazin (ပန်းသဇင်). Category: KTV. House Number: 52. Address: ၅၂, လေးထောင့်ကန်လမ်း, လေးဒေါင့်ကန်ရပ်ကွက်, သင်္ဃန်းကျွန်း. Township: Thingangyun. District: Yangon East"
1860,Pan Tine Thit,ပန်းတိုင်သစ်,Repair Facility,ပြုပြင်ရေးလုပ်ငန်း,,,Thingangyun,Thingangyun,Thingangyun,,Yangon East,ရန်ကုန်အရှေ့ပိုင်း,Yangon,ရန်ကုန်,,16.836292,96.185871,,4,190,,Yangon,Name: Pan Tine Thit (ပန်းတိုင်သစ်). Category: Repair Facility. Address: Thingangyun. Township: Thingangyun. District: Yangon East
1429,Pan Wai Thi,ပန်း၀ေသီ,Shop,အထွေထွေအမျိုးအစား,,,Thingangyun,Thingangyun,Thingangyun,,Yangon East,ရန်ကုန်အရှေ့ပိုင်း,Yangon,ရန်ကုန်,,16.842024,96.202099,,4.9,97,,Yangon,Name: Pan Wai Thi (ပန်း၀ေသီ). Category: Shop. Address: Thingangyun. Township: Thingangyun. District: Yangon East
1691,Pan Yeik,ပန်းရိပ်,Shop,အထွေထွေအမျိုးအစား,,,Thingangyun,Thingangyun,Thingangyun,,Yangon East,ရန်ကုန်အရှေ့ပိုင်း,Yangon,ရန်ကုန်,,16.838042,96.202319,,4.1,283,,Yangon,Name: Pan Yeik (ပန်းရိပ်). Category: Shop. Address: Thingangyun. Township: Thingangyun. District: Yangon East
1692,Pann Pann,ပန်းပန်း,Shop,အထွေထွေအမျိုးအစား,,,Thingangyun,Thingangyun,Thingangyun,,Yangon East,ရန်ကုန်အရှေ့ပိုင်း,Yangon,ရန်ကုန်,,16.820659,96.197606,,4.2,286,,Yangon,Name: Pann Pann (ပန်းပန်း). Category: Shop. Address: Thingangyun. Township: Thingangyun. District: Yangon East
111,Paper Dream,ပေပါဒရင်းမ်,Restaurant,စားသောက်ဆိုင်,1,1,"1 Yadanar Road, Bawa Myint Ward, Thingangyun, Yangon","၁, ရတနာလမ်း, ဘ၀မြင့်ရပ်ကွက်, သင်္ဃန်းကျွန်း",Thingangyun,သင်္ဃန်းကျွန်း,Yangon East,ရန်ကုန်အရှေ့ပိုင်း,Yangon,ရန်ကုန်,11431.0,16.844519,96.199671,,4.1,343,,Yangon,"Name: Paper Dream (ပေပါဒရင်းမ်). Category: Restaurant. House Number: 1. Address: ၁, ရတနာလမ်း, ဘ၀မြင့်ရပ်ကွက်, သင်္ဃန်းကျွန်း. Township: Thingangyun. District: Yangon East"
347,Paragon,ပါရဂွန်,Printing Service,ပြုပြင်ရေးလုပ်ငန်း,1-Jun,43471,"1/6 Than Thu Mar Road, Ward-24 Thuwunna, Thingangyun, Yangon","၄၃၄၇၁, သံသုမာလမ်း, သု၀ဏ္ဏ(၂၄)ရပ်ကွက်, သင်္ဃန်းကျွန်း",Thingangyun,သင်္ဃန်းကျွန်း,Yangon East,ရန်ကုန်အရှေ့ပိုင်း,Yangon,ရန်ကုန်,11431.0,16.817455,96.19702,,4.7,451,,Yangon,"Name: Paragon (ပါရဂွန်). Category: Printing Service. House Number: 1-Jun. Address: ၄၃၄၇၁, သံသုမာလမ်း, သု၀ဏ္ဏ(၂၄)ရပ်ကွက်, သင်္ဃန်းကျွန်း. Township: Thingangyun. District: Yangon East"
766,Paragon,ပါရဂွန်,Shop,အထွေထွေအမျိုးအစား,,,Thingangyun,Thingangyun,Thingangyun,,Yangon East,ရန်ကုန်အရှေ့ပိုင်း,Yangon,ရန်ကုန်,,16.817431,96.19713,,4.6,508,,Yangon,Name: Paragon (ပါရဂွန်). Category: Shop. Address: Thingangyun. Township: Thingangyun. District: Yangon East
1852,Parent Shade,မိဘအရိပ်,Repair Facility,ပြုပြင်ရေးလုပ်ငန်း,,,Thingangyun,Thingangyun,Thingangyun,,Yangon East,ရန်ကုန်အရှေ့ပိုင်း,Yangon,ရန်ကုန်,,16.836174,96.198902,,4.2,166,,Yangon,Name: Parent Shade (မိဘအရိပ်). Category: Repair Facility. Address: Thingangyun. Township: Thingangyun. District: Yangon East
504,Paw San,Paw San,Residence,ရုံးခန်းနှင့် လူနေအိမ်ရာ,,,"Paw San Hmwe St.,Ward 29 Thuwunna (TGGN),Thingangyun","Paw San Hmwe St.,Ward 29 Thuwunna (TGGN),Thingangyun",Thingangyun,,Yangon East,ရန်ကုန်အရှေ့ပိုင်း,Yangon,ရန်ကုန်,,16.8161,96.2059,,4.4,322,,Yangon,"Name: Paw San. Category: Residence. Address: Paw San Hmwe St.,Ward 29 Thuwunna (TGGN),Thingangyun. Township: Thingangyun. District: Yangon East"
1430,Pe Ti Cho,ပီတိချို,Shop,အထွေထွေအမျိုးအစား,,,Thingangyun,Thingangyun,Thingangyun,,Yangon East,ရန်ကုန်အရှေ့ပိုင်း,Yangon,ရန်ကုန်,,16.840869,96.202157,,4,100,,Yangon,Name: Pe Ti Cho (ပီတိချို). Category: Shop. Address: Thingangyun. Township: Thingangyun. District: Yangon East
1762,Pearl.D,ပုလဲဒီ,Shop,အထွေထွေအမျိုးအစား,,,Thingangyun,Thingangyun,Thingangyun,,Yangon East,ရန်ကုန်အရှေ့ပိုင်း,Yangon,ရန်ကုန်,,16.839887,96.200253,,4.2,496,,Yangon,Name: Pearl.D (ပုလဲဒီ). Category: Shop. Address: Thingangyun. Township: Thingangyun. District: Yangon East
1181,Pencom,ပန်ကွန်,Company,ရုံးခန်းနှင့် လူနေအိမ်ရာ,,,Thingangyun,Thingangyun,Thingangyun,,Yangon East,ရန်ကုန်အရှေ့ပိုင်း,Yangon,ရန်ကုန်,,16.82962,96.18529,,4.1,553,,Yangon,Name: Pencom (ပန်ကွန်). Category: Company. Address: Thingangyun. Township: Thingangyun. District: Yangon East
348,Pentagon Group,ပန်တခွန်ဂရု,Air-con Sales & Service,ပြုပြင်ရေးလုပ်ငန်း,4-Mar,43558,"4/3 Than Thu Mar Road, Ward-24 Thuwunna, Thingangyun, Yangon","၄၃၅၅၈, သံသုမာလမ်း, သု၀ဏ္ဏ(၂၄)ရပ်ကွက်, သင်္ဃန်းကျွန်း",Thingangyun,သင်္ဃန်းကျွန်း,Yangon East,ရန်ကုန်အရှေ့ပိုင်း,Yangon,ရန်ကုန်,11431.0,16.8154,96.192518,,4.8,454,,Yangon,"Name: Pentagon Group (ပန်တခွန်ဂရု). Category: Air-con Sales & Service. House Number: 4-Mar. Address: ၄၃၅၅၈, သံသုမာလမ်း, သု၀ဏ္ဏ(၂၄)ရပ်ကွက်, သင်္ဃန်းကျွန်း. Township: Thingangyun. District: Yangon East"
1763,Perfect,ပါဖတ်,Shop,အထွေထွေအမျိုးအစား,,,Thingangyun,Thingangyun,Thingangyun,,Yangon East,ရန်ကုန်အရှေ့ပိုင်း,Yangon,ရန်ကုန်,,16.839966,96.200881,,4.3,499,,Yangon,Name: Perfect (ပါဖတ်). Category: Shop. Address: Thingangyun. Township: Thingangyun. District: Yangon East
1735,Perfect,ပါ့ဖက်ထ်,Shop,အထွေထွေအမျိုးအစား,,,Thingangyun,Thingangyun,Thingangyun,,Yangon East,ရန်ကုန်အရှေ့ပိုင်း,Yangon,ရန်ကုန်,,16.835647,96.207233,,4.5,415,,Yangon,Name: Perfect (ပါ့ဖက်ထ်). Category: Shop. Address: Thingangyun. Township: Thingangyun. District: Yangon East
834,Perfect Floor,ပါဖက်ဖလိုးလ်,Shop,အထွေထွေအမျိုးအစား,,,Thingangyun,Thingangyun,Thingangyun,,Yangon East,ရန်ကုန်အရှေ့ပိုင်း,Yangon,ရန်ကုန်,,16.828266,96.209887,,4.4,112,,Yangon,Name: Perfect Floor (ပါဖက်ဖလိုးလ်). Category: Shop. Address: Thingangyun. Township: Thingangyun. District: Yangon East
505,Phan Zin,Phan Zin,Store,စျေးနှင့် ကုန်စုံဆိုင်,,,"Supaing Ward (TGGN), Thingangyun","Supaing Ward (TGGN), Thingangyun",Thingangyun,,Yangon East,ရန်ကုန်အရှေ့ပိုင်း,Yangon,ရန်ကုန်,,16.8155,96.1918,,4.5,325,,Yangon,"Name: Phan Zin. Category: Store. Address: Supaing Ward (TGGN), Thingangyun. Township: Thingangyun. District: Yangon East"
879,Phoe La Min,ဖိုးလမင်း,Shop,အထွေထွေအမျိုးအစား,,,Thingangyun,Thingangyun,Thingangyun,,Yangon East,ရန်ကုန်အရှေ့ပိုင်း,Yangon,ရန်ကုန်,,16.825402,96.186223,,4.9,247,,Yangon,Name: Phoe La Min (ဖိုးလမင်း). Category: Shop. Address: Thingangyun. Township: Thingangyun. District: Yangon East
1431,Phoe Thar,ဖိုးသား,Shop,အထွေထွေအမျိုးအစား,,,Thingangyun,Thingangyun,Thingangyun,,Yangon East,ရန်ကုန်အရှေ့ပိုင်း,Yangon,ရန်ကုန်,,16.829822,96.207804,,4.1,103,,Yangon,Name: Phoe Thar (ဖိုးသား). Category: Shop. Address: Thingangyun. Township: Thingangyun. District: Yangon East
506,Phone Exchange,တယ်လီဖုန်းအိတ်ချိန်းရုံး,Government Office,ရုံးခန်းနှင့် လူနေအိမ်ရာ,,,"16\4 Ward (TGGN), Thingangyun","16\4 Ward (TGGN), Thingangyun",Thingangyun,,Yangon East,ရန်ကုန်အရှေ့ပိုင်း,Yangon,ရန်ကုန်,,16.8326,96.1871,,4.6,328,,Yangon,"Name: Phone Exchange (တယ်လီဖုန်းအိတ်ချိန်းရုံး). Category: Government Office. Address: 16\4 Ward (TGGN), Thingangyun. Township: Thingangyun. District: Yangon East"
1043,Phone Min Thar,ဖုန်းမင်းသား,Repair Facility,ပြုပြင်ရေးလုပ်ငန်း,,,Thingangyun,Thingangyun,Thingangyun,,Yangon East,ရန်ကုန်အရှေ့ပိုင်း,Yangon,ရန်ကုန်,,16.84167,96.201127,,4.3,139,,Yangon,Name: Phone Min Thar (ဖုန်းမင်းသား). Category: Repair Facility. Address: Thingangyun. Township: Thingangyun. District: Yangon East
1764,Phooe Pyae Mon,ဖူးပြည့်မွန်,Shop,အထွေထွေအမျိုးအစား,,,Thingangyun,Thingangyun,Thingangyun,,Yangon East,ရန်ကုန်အရှေ့ပိုင်း,Yangon,ရန်ကုန်,,16.84211,96.200632,,4.4,502,,Yangon,Name: Phooe Pyae Mon (ဖူးပြည့်မွန်). Category: Shop. Address: Thingangyun. Township: Thingangyun. District: Yangon East
1432,PhooeThit,ဖူးသစ်,Shop,အထွေထွေအမျိုးအစား,,,Thingangyun,Thingangyun,Thingangyun,,Yangon East,ရန်ကုန်အရှေ့ပိုင်း,Yangon,ရန်ကုန်,,16.842096,96.203143,,4.2,106,,Yangon,Name: PhooeThit (ဖူးသစ်). Category: Shop. Address: Thingangyun. Township: Thingangyun. District: Yangon East
750,Phu Pwint San,ဖူးပွင့်စံ,Company,ရုံးခန်းနှင့် လူနေအိမ်ရာ,,,Thingangyun,Thingangyun,Thingangyun,,Yangon East,ရန်ကုန်အရှေ့ပိုင်း,Yangon,ရန်ကုန်,,16.829309,96.212685,,4,460,,Yangon,Name: Phu Pwint San (ဖူးပွင့်စံ). Category: Company. Address: Thingangyun. Township: Thingangyun. District: Yangon East
1765,Phuu Pwint Myaing,ဖူးပွင့်မြိုင်,Shop,အထွေထွေအမျိုးအစား,,,Thingangyun,Thingangyun,Thingangyun,,Yangon East,ရန်ကုန်အရှေ့ပိုင်း,Yangon,ရန်ကုန်,,16.843337,96.201913,,4.5,505,,Yangon,Name: Phuu Pwint Myaing (ဖူးပွင့်မြိုင်). Category: Shop. Address: Thingangyun. Township: Thingangyun. District: Yangon East
815,Phyo,ဖြိုး,Rice Shop,အထွေထွေအမျိုးအစား,,,Thingangyun,Thingangyun,Thingangyun,,Yangon East,ရန်ကုန်အရှေ့ပိုင်း,Yangon,ရန်ကုန်,,16.839115,96.201951,,4.5,55,,Yangon,Name: Phyo (ဖြိုး). Category: Rice Shop. Address: Thingangyun. Township: Thingangyun. District: Yangon East
209,Phyo,ဖြိုး,Rice Shop,အထွေထွေအမျိုးအစား,48,48,"48 Lay Daung Kan Road, Lay Daunkan Ward, Thingangyun, Yangon","၄၈, လေးထောင့်ကန်လမ်း, လေးဒေါင့်ကန်ရပ်ကွက်, သင်္ဃန်းကျွန်း",Thingangyun,သင်္ဃန်းကျွန်း,Yangon East,ရန်ကုန်အရှေ့ပိုင်း,Yangon,ရန်ကုန်,11431.0,16.83907,96.201747,,4.9,37,,Yangon,"Name: Phyo (ဖြိုး). Category: Rice Shop. House Number: 48. Address: ၄၈, လေးထောင့်ကန်လမ်း, လေးဒေါင့်ကန်ရပ်ကွက်, သင်္ဃန်းကျွန်း. Township: Thingangyun. District: Yangon East"
1106,Phyo Aye,ဖြိုးအေး,Hospital/Polyclinic,ဆေးရုံနှင့် ဆေးခန်း,,,Thingangyun,Thingangyun,Thingangyun,,Yangon East,ရန်ကုန်အရှေ့ပိုင်း,Yangon,ရန်ကုန်,,16.840751,96.202641,,4.6,328,,Yangon,Name: Phyo Aye (ဖြိုးအေး). Category: Hospital/Polyclinic. Address: Thingangyun. Township: Thingangyun. District: Yangon East
211,Phyo Thisar,ဖြိုးသစ္စာ,Pawn Shop,ဘဏ်နှင့် ငွေကြေးဝန်ဆောင်မှု,72,72,"72 Lay Daung Kan Road, Lay Daunkan Ward, Thingangyun, Yangon","၇၂, လေးထောင့်ကန်လမ်း, လေးဒေါင့်ကန်ရပ်ကွက်, သင်္ဃန်းကျွန်း",Thingangyun,သင်္ဃန်းကျွန်း,Yangon East,ရန်ကုန်အရှေ့ပိုင်း,Yangon,ရန်ကုန်,11431.0,16.837701,96.200335,,4.1,43,,Yangon,"Name: Phyo Thisar (ဖြိုးသစ္စာ). Category: Pawn Shop. House Number: 72. Address: ၇၂, လေးထောင့်ကန်လမ်း, လေးဒေါင့်ကန်ရပ်ကွက်, သင်္ဃန်းကျွန်း. Township: Thingangyun. District: Yangon East"
210,Phyo Thisar,ဖြိုးသစ္စာ,Jewelry & Gold,အထွေထွေအမျိုးအစား,73,73,"73 Lay Daung Kan Road, Lay Daunkan Ward, Thingangyun, Yangon","၇၃, လေးထောင့်ကန်လမ်း, လေးဒေါင့်ကန်ရပ်ကွက်, သင်္ဃန်းကျွန်း",Thingangyun,သင်္ဃန်းကျွန်း,Yangon East,ရန်ကုန်အရှေ့ပိုင်း,Yangon,ရန်ကုန်,11431.0,16.837674,96.2003,,4,40,,Yangon,"Name: Phyo Thisar (ဖြိုးသစ္စာ). Category: Jewelry & Gold. House Number: 73. Address: ၇၃, လေးထောင့်ကန်လမ်း, လေးဒေါင့်ကန်ရပ်ကွက်, သင်္ဃန်းကျွန်း. Township: Thingangyun. District: Yangon East"
880,Phyu Phyu Khine,ဖြူဖြူခိုင်,Shop,အထွေထွေအမျိုးအစား,,,Thingangyun,Thingangyun,Thingangyun,,Yangon East,ရန်ကုန်အရှေ့ပိုင်း,Yangon,ရန်ကုန်,,16.822904,96.209471,,4,250,,Yangon,Name: Phyu Phyu Khine (ဖြူဖြူခိုင်). Category: Shop. Address: Thingangyun. Township: Thingangyun. District: Yangon East
311,Piccolo,ပိကိုလို,Fruniture Sale,အထွေထွေအမျိုးအစား,5,5,"5 Than Thu Mar Road, Supaing Ward, Thingangyun, Yangon","၅, သံသုမာလမ်း, စုပေါင်းရပ်ကွက်, သင်္ဃန်းကျွန်း",Thingangyun,သင်္ဃန်းကျွန်း,Yangon East,ရန်ကုန်အရှေ့ပိုင်း,Yangon,ရန်ကုန်,11431.0,16.818128,96.197419,,4.1,343,,Yangon,"Name: Piccolo (ပိကိုလို). Category: Fruniture Sale. House Number: 5. Address: ၅, သံသုမာလမ်း, စုပေါင်းရပ်ကွက်, သင်္ဃန်းကျွန်း. Township: Thingangyun. District: Yangon East"
881,Pin Lon,ပင်လုံ,Shop,အထွေထွေအမျိုးအစား,,,Thingangyun,Thingangyun,Thingangyun,,Yangon East,ရန်ကုန်အရှေ့ပိုင်း,Yangon,ရန်ကုန်,,16.845841,96.209056,,4.1,253,,Yangon,Name: Pin Lon (ပင်လုံ). Category: Shop. Address: Thingangyun. Township: Thingangyun. District: Yangon East
507,Pin Lon Housing,Pin Lon Housing,Residence,ရုံးခန်းနှင့် လူနေအိမ်ရာ,,,"Tapin Shwe Htee St.,BTF Ward (TGGN),Thingangyun","Tapin Shwe Htee St.,BTF Ward (TGGN),Thingangyun",Thingangyun,,Yangon East,ရန်ကုန်အရှေ့ပိုင်း,Yangon,ရန်ကုန်,,16.8447,96.2092,,4.7,331,,Yangon,"Name: Pin Lon Housing. Category: Residence. Address: Tapin Shwe Htee St.,BTF Ward (TGGN),Thingangyun. Township: Thingangyun. District: Yangon East"
644,Pin Lon Yeik Mon,ပင်လုံရိပ်မွန်,Residential Accommodation,အထွေထွေအမျိုးအစား,,,Thingangyun,Thingangyun,Thingangyun,,Yangon East,ရန်ကုန်အရှေ့ပိုင်း,Yangon,ရန်ကုန်,,16.844556,96.20847,,4.4,142,,Yangon,Name: Pin Lon Yeik Mon (ပင်လုံရိပ်မွန်). Category: Residential Accommodation. Address: Thingangyun. Township: Thingangyun. District: Yangon East
279,Piti,ပီတိ,Chinese Restaurant,စားသောက်ဆိုင်,893,893,"893 Lay Daung Kan Road, Nga Moe Yeik Ward, Thingangyun, Yangon","၈၉၃, လေးထောင့်ကန်လမ်း, ငမိုးရိပ်ရပ်ကွက်, သင်္ဃန်းကျွန်း",Thingangyun,သင်္ဃန်းကျွန်း,Yangon East,ရန်ကုန်အရှေ့ပိုင်း,Yangon,ရန်ကုန်,11431.0,16.839338,96.201416,,4.9,247,,Yangon,"Name: Piti (ပီတိ). Category: Chinese Restaurant. House Number: 893. Address: ၈၉၃, လေးထောင့်ကန်လမ်း, ငမိုးရိပ်ရပ်ကွက်, သင်္ဃန်းကျွန်း. Township: Thingangyun. District: Yangon East"
32,Place,ပလေ့စ်,Photo & Video Services,ပြုပြင်ရေးလုပ်ငန်း,388,388,"388 Ngamoeyeik 6th Street, Nga Moe Yeik Ward, Thingangyun, Yangon","၃၈၈, ငမိုးရိပ်၆လမ်း, ငမိုးရိပ်ရပ်ကွက်, သင်္ဃန်းကျွန်း",Thingangyun,သင်္ဃန်းကျွန်း,Yangon East,ရန်ကုန်အရှေ့ပိုင်း,Yangon,ရန်ကုန်,11431.0,16.843429,96.202834,,4.2,106,,Yangon,"Name: Place (ပလေ့စ်). Category: Photo & Video Services. House Number: 388. Address: ၃၈၈, ငမိုးရိပ်၆လမ်း, ငမိုးရိပ်ရပ်ကွက်, သင်္ဃန်းကျွန်း. Township: Thingangyun. District: Yangon East"
1847,Point,ပွိုင့်,Repair Facility,ပြုပြင်ရေးလုပ်ငန်း,,,Thingangyun,Thingangyun,Thingangyun,,Yangon East,ရန်ကုန်အရှေ့ပိုင်း,Yangon,ရန်ကုန်,,16.842104,96.197114,,4.7,151,,Yangon,Name: Point (ပွိုင့်). Category: Repair Facility. Address: Thingangyun. Township: Thingangyun. District: Yangon East
1182,Polylink,ပိုလီလင့်,Company,ရုံးခန်းနှင့် လူနေအိမ်ရာ,,,Thingangyun,Thingangyun,Thingangyun,,Yangon East,ရန်ကုန်အရှေ့ပိုင်း,Yangon,ရန်ကုန်,,16.839699,96.207269,,4.2,556,,Yangon,Name: Polylink (ပိုလီလင့်). Category: Company. Address: Thingangyun. Township: Thingangyun. District: Yangon East
1222,Power Alert Engineering,ပါဝါအလာ့ထ်အင်ဂျင်နီယားရင်း,Shop,အထွေထွေအမျိုးအစား,,,Thingangyun,Thingangyun,Thingangyun,,Yangon East,ရန်ကုန်အရှေ့ပိုင်း,Yangon,ရန်ကုန်,,16.839682,96.20777,,4.2,76,,Yangon,Name: Power Alert Engineering (ပါဝါအလာ့ထ်အင်ဂျင်နီယားရင်း). Category: Shop. Address: Thingangyun. Township: Thingangyun. District: Yangon East
14,Power Tet Nay Oo Electrical,ပါဝါတတ်နေဝင်းအီလက်ထရစ်ကယ်,Electronic Shop,လျှပ်စစ်ပစ္စည်းဆိုင်,25-May,25^5,"25/5 Thu Mingalar Road, Nanwin Kone Ward, Thingangyun, Yangon","၂၅^၅, သုမင်္ဂလာလမ်း, နနွင်းကုန်းရပ်ကွက်, သင်္ဃန်းကျွန်း",Thingangyun,သင်္ဃန်းကျွန်း,Yangon East,ရန်ကုန်အရှေ့ပိုင်း,Yangon,ရန်ကုန်,11431.0,16.826002,96.186717,,4.4,52,,Yangon,"Name: Power Tet Nay Oo Electrical (ပါဝါတတ်နေဝင်းအီလက်ထရစ်ကယ်). Category: Electronic Shop. House Number: 25-May. Address: ၂၅^၅, သုမင်္ဂလာလမ်း, နနွင်းကုန်းရပ်ကွက်, သင်္ဃန်းကျွန်း. Township: Thingangyun. District: Yangon East"
753,"Power Tet Nay Oo Electrical Co., Ltd.",ပါဝါတက်နေဦးအီလက်ထရစ်ကယ်ကုမ္ပဏီလီမိတက်,Company,ရုံးခန်းနှင့် လူနေအိမ်ရာ,,,Thingangyun,Thingangyun,Thingangyun,,Yangon East,ရန်ကုန်အရှေ့ပိုင်း,Yangon,ရန်ကုန်,,16.826109,96.186817,,4.3,469,,Yangon,"Name: Power Tet Nay Oo Electrical Co., Ltd. (ပါဝါတက်နေဦးအီလက်ထရစ်ကယ်ကုမ္ပဏီလီမိတက်). Category: Company. Address: Thingangyun. Township: Thingangyun. District: Yangon East"
1563,Pretty Lovely,ပရီးတီးလာ့ဖ်ဘလီး,Shop,အထွေထွေအမျိုးအစား,,,Thingangyun,Thingangyun,Thingangyun,,Yangon East,ရန်ကုန်အရှေ့ပိုင်း,Yangon,ရန်ကုန်,,16.833895,96.178759,,4.3,499,,Yangon,Name: Pretty Lovely (ပရီးတီးလာ့ဖ်ဘလီး). Category: Shop. Address: Thingangyun. Township: Thingangyun. District: Yangon East
1059,Pro Racing,ပရိုရေးစီး,Repair Facility,ပြုပြင်ရေးလုပ်ငန်း,,,Thingangyun,Thingangyun,Thingangyun,,Yangon East,ရန်ကုန်အရှေ့ပိုင်း,Yangon,ရန်ကုန်,,16.82949,96.1845,,4.9,187,,Yangon,Name: Pro Racing (ပရိုရေးစီး). Category: Repair Facility. Address: Thingangyun. Township: Thingangyun. District: Yangon East
349,Promed,ပရော်မက်,Pharmacy,ဆေးဆိုင်,164,164,"164 Than Thu Mar Road, Ward-24 Thuwunna, Thingangyun, Yangon","၁၆၄, သံသုမာလမ်း, သု၀ဏ္ဏ(၂၄)ရပ်ကွက်, သင်္ဃန်းကျွန်း",Thingangyun,သင်္ဃန်းကျွန်း,Yangon East,ရန်ကုန်အရှေ့ပိုင်း,Yangon,ရန်ကုန်,11431.0,16.816661,96.195352,,4.9,457,,Yangon,"Name: Promed (ပရော်မက်). Category: Pharmacy. House Number: 164. Address: ၁၆၄, သံသုမာလမ်း, သု၀ဏ္ဏ(၂၄)ရပ်ကွက်, သင်္ဃန်းကျွန်း. Township: Thingangyun. District: Yangon East"
642,Pu Nyar Damar Yone,ပုညာဓမ္ဓာရုံ,Community Center,အထွေထွေအမျိုးအစား,,,Thingangyun,Thingangyun,Thingangyun,,Yangon East,ရန်ကုန်အရှေ့ပိုင်း,Yangon,ရန်ကုန်,,16.820304,96.205473,,4.2,136,,Yangon,Name: Pu Nyar Damar Yone (ပုညာဓမ္ဓာရုံ). Category: Community Center. Address: Thingangyun. Township: Thingangyun. District: Yangon East
212,Pucci,ပူစီ,Barkey Shop,ဘားနှင့် ဖျော်ဖြေရေး,20,20,"20 Lay Daung Kan Road, Lay Daunkan Ward, Thingangyun, Yangon","၂၀, လေးထောင့်ကန်လမ်း, လေးဒေါင့်ကန်ရပ်ကွက်, သင်္ဃန်းကျွန်း",Thingangyun,သင်္ဃန်းကျွန်း,Yangon East,ရန်ကုန်အရှေ့ပိုင်း,Yangon,ရန်ကုန်,11431.0,16.84121,96.204028,,4.2,46,,Yangon,"Name: Pucci (ပူစီ). Category: Barkey Shop. House Number: 20. Address: ၂၀, လေးထောင့်ကန်လမ်း, လေးဒေါင့်ကန်ရပ်ကွက်, သင်္ဃန်းကျွန်း. Township: Thingangyun. District: Yangon East"
807,Pucci,ပူစီ,Shop,အထွေထွေအမျိုးအစား,,,Thingangyun,Thingangyun,Thingangyun,,Yangon East,ရန်ကုန်အရှေ့ပိုင်း,Yangon,ရန်ကုန်,,16.841313,96.204213,,4.7,31,,Yangon,Name: Pucci (ပူစီ). Category: Shop. Address: Thingangyun. Township: Thingangyun. District: Yangon East
1651,Pwint Kaung,ပွင့်ကောင်း,Shop,အထွေထွေအမျိုးအစား,,,Thingangyun,Thingangyun,Thingangyun,,Yangon East,ရန်ကုန်အရှေ့ပိုင်း,Yangon,ရန်ကုန်,,16.829557,96.182585,,4.1,163,,Yangon,Name: Pwint Kaung (ပွင့်ကောင်း). Category: Shop. Address: Thingangyun. Township: Thingangyun. District: Yangon East
1250,Pwint Khat Wai,ပွင့်ခက်၀ေ,Shop,အထွေထွေအမျိုးအစား,,,Thingangyun,Thingangyun,Thingangyun,,Yangon East,ရန်ကုန်အရှေ့ပိုင်း,Yangon,ရန်ကုန်,,16.829267,96.20747,,4,160,,Yangon,Name: Pwint Khat Wai (ပွင့်ခက်၀ေ). Category: Shop. Address: Thingangyun. Township: Thingangyun. District: Yangon East
638,Pwint Lan,ပွင့်လန်း,Phamarcy,အထွေထွေအမျိုးအစား,,,Thingangyun,Thingangyun,Thingangyun,,Yangon East,ရန်ကုန်အရှေ့ပိုင်း,Yangon,ရန်ကုန်,,16.826303,96.208841,,4.8,124,,Yangon,Name: Pwint Lan (ပွင့်လန်း). Category: Phamarcy. Address: Thingangyun. Township: Thingangyun. District: Yangon East
855,Pwint Oo,ပွင့်ဦး,Shop,အထွေထွေအမျိုးအစား,,,Thingangyun,Thingangyun,Thingangyun,,Yangon East,ရန်ကုန်အရှေ့ပိုင်း,Yangon,ရန်ကုန်,,16.843086,96.204427,,4.5,175,,Yangon,Name: Pwint Oo (ပွင့်ဦး). Category: Shop. Address: Thingangyun. Township: Thingangyun. District: Yangon East
1044,Pwint Oo Phyo,ပွင့်ဦးဖြိုး,Repair Facility,ပြုပြင်ရေးလုပ်ငန်း,,,Thingangyun,Thingangyun,Thingangyun,,Yangon East,ရန်ကုန်အရှေ့ပိုင်း,Yangon,ရန်ကုန်,,16.82509,96.208973,,4.4,142,,Yangon,Name: Pwint Oo Phyo (ပွင့်ဦးဖြိုး). Category: Repair Facility. Address: Thingangyun. Township: Thingangyun. District: Yangon East
1766,Pwint Padauk,ပွင့်ပိတောက်,Shop,အထွေထွေအမျိုးအစား,,,Thingangyun,Thingangyun,Thingangyun,,Yangon East,ရန်ကုန်အရှေ့ပိုင်း,Yangon,ရန်ကုန်,,16.836956,96.201511,,4.6,508,,Yangon,Name: Pwint Padauk (ပွင့်ပိတောက်). Category: Shop. Address: Thingangyun. Township: Thingangyun. District: Yangon East
1433,Pwint Phyu,ပွင့်ဖြူ,Shop,အထွေထွေအမျိုးအစား,,,Thingangyun,Thingangyun,Thingangyun,,Yangon East,ရန်ကုန်အရှေ့ပိုင်း,Yangon,ရန်ကုန်,,16.832884,96.207898,,4.3,109,,Yangon,Name: Pwint Phyu (ပွင့်ဖြူ). Category: Shop. Address: Thingangyun. Township: Thingangyun. District: Yangon East
350,Pwint Phyu,ပွင့်ဖြူ,Chinese Restaurant,စားသောက်ဆိုင်,1,1,"1 Than Thu Mar Road, Ward-24 Thuwunna, Thingangyun, Yangon","၁, သံသုမာလမ်း, သု၀ဏ္ဏ(၂၄)ရပ်ကွက်, သင်္ဃန်းကျွန်း",Thingangyun,သင်္ဃန်းကျွန်း,Yangon East,ရန်ကုန်အရှေ့ပိုင်း,Yangon,ရန်ကုန်,11431.0,16.814902,96.191202,,4,460,,Yangon,"Name: Pwint Phyu (ပွင့်ဖြူ). Category: Chinese Restaurant. House Number: 1. Address: ၁, သံသုမာလမ်း, သု၀ဏ္ဏ(၂၄)ရပ်ကွက်, သင်္ဃန်းကျွန်း. Township: Thingangyun. District: Yangon East"
508,Pwint Phyu,Pwint Phyu,Restaurant,စားသောက်ဆိုင်,,,"Supaing Ward (TGGN), Thingangyun","Supaing Ward (TGGN), Thingangyun",Thingangyun,,Yangon East,ရန်ကုန်အရှေ့ပိုင်း,Yangon,ရန်ကုန်,,16.8165,96.1942,,4.8,334,,Yangon,"Name: Pwint Phyu. Category: Restaurant. Address: Supaing Ward (TGGN), Thingangyun. Township: Thingangyun. District: Yangon East"
1242,Pwint Thit Sa,ပွင့်သစ်စ,Shop,အထွေထွေအမျိုးအစား,,,Thingangyun,Thingangyun,Thingangyun,,Yangon East,ရန်ကုန်အရှေ့ပိုင်း,Yangon,ရန်ကုန်,,16.833085,96.198218,,4.2,136,,Yangon,Name: Pwint Thit Sa (ပွင့်သစ်စ). Category: Shop. Address: Thingangyun. Township: Thingangyun. District: Yangon East
312,Pyae Phyo Aung,ပြည့်ဖြိုးအောင်,Battery Sale,အထွေထွေအမျိုးအစား,135/2,135^2,"135/2 Than Thu Mar Road, Supaing Ward, Thingangyun, Yangon","၁၃၅^၂, သံသုမာလမ်း, စုပေါင်းရပ်ကွက်, သင်္ဃန်းကျွန်း",Thingangyun,သင်္ဃန်းကျွန်း,Yangon East,ရန်ကုန်အရှေ့ပိုင်း,Yangon,ရန်ကုန်,11431.0,16.816443,96.193989,,4.2,346,,Yangon,"Name: Pyae Phyo Aung (ပြည့်ဖြိုးအောင်). Category: Battery Sale. House Number: 135/2. Address: ၁၃၅^၂, သံသုမာလမ်း, စုပေါင်းရပ်ကွက်, သင်္ဃန်းကျွန်း. Township: Thingangyun. District: Yangon East"
1096,Pyae Phyo Aung,ပြည့်ဖြိုးအောင်,Restaurant,စားသောက်ဆိုင်,,,Thingangyun,Thingangyun,Thingangyun,,Yangon East,ရန်ကုန်အရှေ့ပိုင်း,Yangon,ရန်ကုန်,,16.829661,96.207804,,4.6,298,,Yangon,Name: Pyae Phyo Aung (ပြည့်ဖြိုးအောင်). Category: Restaurant. Address: Thingangyun. Township: Thingangyun. District: Yangon East
621,Pyae Phyo Aung,Pyae Phyo Aung,Shop,အထွေထွေအမျိုးအစား,,,"Supaing Ward (TGGN), Thingangyun","Supaing Ward (TGGN), Thingangyun",Thingangyun,,Yangon East,ရန်ကုန်အရှေ့ပိုင်း,Yangon,ရန်ကုန်,,16.8165,96.1943,,4.1,73,,Yangon,"Name: Pyae Phyo Aung. Category: Shop. Address: Supaing Ward (TGGN), Thingangyun. Township: Thingangyun. District: Yangon East"
662,Pyae Phyo Aung,ပြည့်ဖြိုးအောင်,Repair Facility,ပြုပြင်ရေးလုပ်ငန်း,,,Thingangyun,Thingangyun,Thingangyun,,Yangon East,ရန်ကုန်အရှေ့ပိုင်း,Yangon,ရန်ကုန်,,16.816068,96.194435,,4.2,196,,Yangon,Name: Pyae Phyo Aung (ပြည့်ဖြိုးအောင်). Category: Repair Facility. Address: Thingangyun. Township: Thingangyun. District: Yangon East
112,Pyae Pyae,ပြည့်ပြည့်,Retail Outlat,စျေးနှင့် ကုန်စုံဆိုင်,5,5,"5 Yadanar Road, Bawa Myint Ward, Thingangyun, Yangon","၅, ရတနာလမ်း, ဘ၀မြင့်ရပ်ကွက်, သင်္ဃန်းကျွန်း",Thingangyun,သင်္ဃန်းကျွန်း,Yangon East,ရန်ကုန်အရှေ့ပိုင်း,Yangon,ရန်ကုန်,11431.0,16.841855,96.19679,,4.2,346,,Yangon,"Name: Pyae Pyae (ပြည့်ပြည့်). Category: Retail Outlat. House Number: 5. Address: ၅, ရတနာလမ်း, ဘ၀မြင့်ရပ်ကွက်, သင်္ဃန်းကျွန်း. Township: Thingangyun. District: Yangon East"
2004,Pyae Pyae,ပြည့်ပြည့်,Shop,အထွေထွေအမျိုးအစား,,,Thingangyun,Thingangyun,Thingangyun,,Yangon East,ရန်ကုန်အရှေ့ပိုင်း,Yangon,ရန်ကုန်,,16.841844,96.196826,,4.4,22,,Yangon,Name: Pyae Pyae (ပြည့်ပြည့်). Category: Shop. Address: Thingangyun. Township: Thingangyun. District: Yangon East
1767,Pyae Sone,ပြည့်စုံ,Shop,အထွေထွေအမျိုးအစား,,,Thingangyun,Thingangyun,Thingangyun,,Yangon East,ရန်ကုန်အရှေ့ပိုင်း,Yangon,ရန်ကုန်,,16.837776,96.206863,,4.7,511,,Yangon,Name: Pyae Sone (ပြည့်စုံ). Category: Shop. Address: Thingangyun. Township: Thingangyun. District: Yangon East
1434,Pyae Sone,ပြည့်စုံ,Shop,အထွေထွေအမျိုးအစား,,,Thingangyun,Thingangyun,Thingangyun,,Yangon East,ရန်ကုန်အရှေ့ပိုင်း,Yangon,ရန်ကုန်,,16.841934,96.200829,,4.4,112,,Yangon,Name: Pyae Sone (ပြည့်စုံ). Category: Shop. Address: Thingangyun. Township: Thingangyun. District: Yangon East
695,Pyae Sone,ပြည့်စုံ,Restaurant,စားသောက်ဆိုင်,,,Thingangyun,Thingangyun,Thingangyun,,Yangon East,ရန်ကုန်အရှေ့ပိုင်း,Yangon,ရန်ကုန်,,16.836857,96.199605,,4.5,295,,Yangon,Name: Pyae Sone (ပြည့်စုံ). Category: Restaurant. Address: Thingangyun. Township: Thingangyun. District: Yangon East
213,Pyae Sone,ပြည့်စုံ,Chinese Restaurant,စားသောက်ဆိုင်,87,87,"87 Lay Daung Kan Road, Lay Daunkan Ward, Thingangyun, Yangon","၈၇, လေးထောင့်ကန်လမ်း, လေးဒေါင့်ကန်ရပ်ကွက်, သင်္ဃန်းကျွန်း",Thingangyun,သင်္ဃန်းကျွန်း,Yangon East,ရန်ကုန်အရှေ့ပိုင်း,Yangon,ရန်ကုန်,11431.0,16.836837,96.199512,,4.3,49,,Yangon,"Name: Pyae Sone (ပြည့်စုံ). Category: Chinese Restaurant. House Number: 87. Address: ၈၇, လေးထောင့်ကန်လမ်း, လေးဒေါင့်ကန်ရပ်ကွက်, သင်္ဃန်းကျွန်း. Township: Thingangyun. District: Yangon East"
1045,Pyae Sone Aung,ပြည့်စုံအောင်,Repair Facility,ပြုပြင်ရေးလုပ်ငန်း,,,Thingangyun,Thingangyun,Thingangyun,,Yangon East,ရန်ကုန်အရှေ့ပိုင်း,Yangon,ရန်ကုန်,,16.823509,96.196899,,4.5,145,,Yangon,Name: Pyae Sone Aung (ပြည့်စုံအောင်). Category: Repair Facility. Address: Thingangyun. Township: Thingangyun. District: Yangon East
1964,Pyay Kyaw,ပြည်ကျော်,Shop,အထွေထွေအမျိုးအစား,,,Thingangyun,Thingangyun,Thingangyun,,Yangon East,ရန်ကုန်အရှေ့ပိုင်း,Yangon,ရန်ကုန်,,16.839045,96.201171,,4.4,502,,Yangon,Name: Pyay Kyaw (ပြည်ကျော်). Category: Shop. Address: Thingangyun. Township: Thingangyun. District: Yangon East
509,Pyi Htaung Su Yeikmon / May Yamon Kan Tharyar Housing,Pyi Htaung Su Yeikmon / May Yamon Kan Tharyar Housing,Residence,ရုံးခန်းနှင့် လူနေအိမ်ရာ,,,"Tapin Shwe Htee St.,BTF Ward (TGGN),Thingangyun","Tapin Shwe Htee St.,BTF Ward (TGGN),Thingangyun",Thingangyun,,Yangon East,ရန်ကုန်အရှေ့ပိုင်း,Yangon,ရန်ကုန်,,16.8461,96.2097,,4.9,337,,Yangon,"Name: Pyi Htaung Su Yeikmon / May Yamon Kan Tharyar Housing. Category: Residence. Address: Tapin Shwe Htee St.,BTF Ward (TGGN),Thingangyun. Township: Thingangyun. District: Yangon East"
1002,Pyi Taryar Nate Van Saw,ပြည်သာယာနိဗ္ဗာန်ဆော်,Community Center,အထွေထွေအမျိုးအစား,,,Thingangyun,Thingangyun,Thingangyun,,Yangon East,ရန်ကုန်အရှေ့ပိုင်း,Yangon,ရန်ကုန်,,16.82955,96.18656,,4.2,16,,Yangon,Name: Pyi Taryar Nate Van Saw (ပြည်သာယာနိဗ္ဗာန်ဆော်). Category: Community Center. Address: Thingangyun. Township: Thingangyun. District: Yangon East
1460,Pyi Thar Yar,ပြည်သာယာ,Shop,အထွေထွေအမျိုးအစား,,,Thingangyun,Thingangyun,Thingangyun,,Yangon East,ရန်ကုန်အရှေ့ပိုင်း,Yangon,ရန်ကုန်,,16.82926,96.18311,,4,190,,Yangon,Name: Pyi Thar Yar (ပြည်သာယာ). Category: Shop. Address: Thingangyun. Township: Thingangyun. District: Yangon East
1251,Pyin Ma Maing,ပျဥ်းမမြိုင်,Shop,အထွေထွေအမျိုးအစား,,,Thingangyun,Thingangyun,Thingangyun,,Yangon East,ရန်ကုန်အရှေ့ပိုင်း,Yangon,ရန်ကုန်,,16.819479,96.197896,,4.1,163,,Yangon,Name: Pyin Ma Maing (ပျဥ်းမမြိုင်). Category: Shop. Address: Thingangyun. Township: Thingangyun. District: Yangon East
1164,Pyin Nyar Aye Yeik,ပညာ့အေးရိပ်,School,ကျောင်းနှင့် တက္ကသိုလ်,,,Thingangyun,Thingangyun,Thingangyun,,Yangon East,ရန်ကုန်အရှေ့ပိုင်း,Yangon,ရန်ကုန်,,16.83938,96.201209,,4.4,502,,Yangon,Name: Pyin Nyar Aye Yeik (ပညာ့အေးရိပ်). Category: School. Address: Thingangyun. Township: Thingangyun. District: Yangon East
734,Pyin Nyar Nan Taw,ပညာနန်းတော်,School,ကျောင်းနှင့် တက္ကသိုလ်,,,Thingangyun,Thingangyun,Thingangyun,,Yangon East,ရန်ကုန်အရှေ့ပိုင်း,Yangon,ရန်ကုန်,,16.817264,96.196819,,4.4,412,,Yangon,Name: Pyin Nyar Nan Taw (ပညာနန်းတော်). Category: School. Address: Thingangyun. Township: Thingangyun. District: Yangon East
882,Pyin Nyar Pwin Lin,ပညာပွင့်လင်း,Shop,အထွေထွေအမျိုးအစား,,,Thingangyun,Thingangyun,Thingangyun,,Yangon East,ရန်ကုန်အရှေ့ပိုင်း,Yangon,ရန်ကုန်,,16.827341,96.209198,,4.2,256,,Yangon,Name: Pyin Nyar Pwin Lin (ပညာပွင့်လင်း). Category: Shop. Address: Thingangyun. Township: Thingangyun. District: Yangon East
1165,Pyin Nyar Ta Khon,ပညာတံခွန်,School,ကျောင်းနှင့် တက္ကသိုလ်,,,Thingangyun,Thingangyun,Thingangyun,,Yangon East,ရန်ကုန်အရှေ့ပိုင်း,Yangon,ရန်ကုန်,,16.835782,96.200315,,4.5,505,,Yangon,Name: Pyin Nyar Ta Khon (ပညာတံခွန်). Category: School. Address: Thingangyun. Township: Thingangyun. District: Yangon East
1653,Pyit Taing Htaung,ပစ်တိုင်းထောင်,Shop,အထွေထွေအမျိုးအစား,,,Thingangyun,Thingangyun,Thingangyun,,Yangon East,ရန်ကုန်အရှေ့ပိုင်း,Yangon,ရန်ကုန်,,16.831205,96.181995,,4.3,169,,Yangon,Name: Pyit Taing Htaung (ပစ်တိုင်းထောင်). Category: Shop. Address: Thingangyun. Township: Thingangyun. District: Yangon East
1150,Pyone Shwin Yadanar,ပြုံးရွှင်ရတနာ,School,ကျောင်းနှင့် တက္ကသိုလ်,,,Thingangyun,Thingangyun,Thingangyun,,Yangon East,ရန်ကုန်အရှေ့ပိုင်း,Yangon,ရန်ကုန်,,16.829432,96.205124,,4,460,,Yangon,Name: Pyone Shwin Yadanar (ပြုံးရွှင်ရတနာ). Category: School. Address: Thingangyun. Township: Thingangyun. District: Yangon East
757,Quantum Global Co.; Ltd.,ကွန်တွန်းဂလိုဘယ်ကုမ္ပဏီလီမိတက်,Company,ရုံးခန်းနှင့် လူနေအိမ်ရာ,,,Thingangyun,Thingangyun,Thingangyun,,Yangon East,ရန်ကုန်အရှေ့ပိုင်း,Yangon,ရန်ကုန်,,16.822706,96.182176,,4.7,481,,Yangon,Name: Quantum Global Co.; Ltd. (ကွန်တွန်းဂလိုဘယ်ကုမ္ပဏီလီမိတက်). Category: Company. Address: Thingangyun. Township: Thingangyun. District: Yangon East
127,Qurs,ကွာ့စ်,Liquar Store,စျေးနှင့် ကုန်စုံဆိုင်,5B,5bD,"5B Than Thu Mar Road, Gagyi Ward, Thingangyun, Yangon","၅ဘီ, သံသုမာလမ်း, (ဃ)ရပ်ကွက်, သင်္ဃန်းကျွန်း",Thingangyun,သင်္ဃန်းကျွန်း,Yangon East,ရန်ကုန်အရှေ့ပိုင်း,Yangon,ရန်ကုန်,11431.0,16.831018,96.207954,,4.7,391,,Yangon,"Name: Qurs (ကွာ့စ်). Category: Liquar Store. House Number: 5B. Address: ၅ဘီ, သံသုမာလမ်း, (ဃ)ရပ်ကွက်, သင်္ဃန်းကျွန်း. Township: Thingangyun. District: Yangon East"
1928,RAINBOW,ရိမ်းဘိုး,Company,ရုံးခန်းနှင့် လူနေအိမ်ရာ,,,Thingangyun,Thingangyun,Thingangyun,,Yangon East,ရန်ကုန်အရှေ့ပိုင်း,Yangon,ရန်ကုန်,,16.837147,96.187036,,4.8,394,,Yangon,Name: RAINBOW (ရိမ်းဘိုး). Category: Company. Address: Thingangyun. Township: Thingangyun. District: Yangon East
511,ROYAL MALIKHA HOTEL,ROYAL MALIKHA HOTEL,Hotel,ဟိုတယ်နှင့် တည်းခိုခန်း,,,"Bawa Myint Ward (TGGN), Thingangyun","Bawa Myint Ward (TGGN), Thingangyun",Thingangyun,,Yangon East,ရန်ကုန်အရှေ့ပိုင်း,Yangon,ရန်ကုန်,,16.8444,96.1994,,4.1,343,,Yangon,"Name: ROYAL MALIKHA HOTEL. Category: Hotel. Address: Bawa Myint Ward (TGGN), Thingangyun. Township: Thingangyun. District: Yangon East"
512,ROYAL RUBY HOTEL,ROYAL RUBY HOTEL,Hotel,ဟိုတယ်နှင့် တည်းခိုခန်း,,,"No.12,Khay MarThi St.,Mikyaung Kan (3) Ward (TGGN),Thingangyun","No.12,Khay MarThi St.,Mikyaung Kan (3) Ward (TGGN),Thingangyun",Thingangyun,,Yangon East,ရန်ကုန်အရှေ့ပိုင်း,Yangon,ရန်ကုန်,,16.8333,96.176,,4.2,346,,Yangon,"Name: ROYAL RUBY HOTEL. Category: Hotel. Address: No.12,Khay MarThi St.,Mikyaung Kan (3) Ward (TGGN),Thingangyun. Township: Thingangyun. District: Yangon East"
19,Racy,ရေစီ,Beauty Salon,အလှပြင်နှင့် အပ်ချုပ်ဆိုင်,A3/004,at3^004,"A3/004 Thu Mingalar Road, Kyaikasan West Ward, Thingangyun, Yangon","အေ၃^၀၀၄, သုမင်္ဂလာလမ်း, ကျိုက္ကဆံရပ်ကွက်, သင်္ဃန်းကျွန်း",Thingangyun,သင်္ဃန်းကျွန်း,Yangon East,ရန်ကုန်အရှေ့ပိုင်း,Yangon,ရန်ကုန်,11431.0,16.835106,96.186938,,4.9,67,,Yangon,"Name: Racy (ရေစီ). Category: Beauty Salon. House Number: A3/004. Address: အေ၃^၀၀၄, သုမင်္ဂလာလမ်း, ကျိုက္ကဆံရပ်ကွက်, သင်္ဃန်းကျွန်း. Township: Thingangyun. District: Yangon East"
2009,Racy,ရေစီ,Shop,အထွေထွေအမျိုးအစား,,,Thingangyun,Thingangyun,Thingangyun,,Yangon East,ရန်ကုန်အရှေ့ပိုင်း,Yangon,ရန်ကုန်,,16.835126,96.186928,,4.9,37,,Yangon,Name: Racy (ရေစီ). Category: Shop. Address: Thingangyun. Township: Thingangyun. District: Yangon East
1693,Rainbow,ရိန်းဘိုး,Shop,အထွေထွေအမျိုးအစား,,,Thingangyun,Thingangyun,Thingangyun,,Yangon East,ရန်ကုန်အရှေ့ပိုင်း,Yangon,ရန်ကုန်,,16.842892,96.201762,,4.3,289,,Yangon,Name: Rainbow (ရိန်းဘိုး). Category: Shop. Address: Thingangyun. Township: Thingangyun. District: Yangon East
755,Real Home,ရီးရဲလ်ဟုမ်း,Company,ရုံးခန်းနှင့် လူနေအိမ်ရာ,,,Thingangyun,Thingangyun,Thingangyun,,Yangon East,ရန်ကုန်အရှေ့ပိုင်း,Yangon,ရန်ကုန်,,16.817868,96.197972,,4.5,475,,Yangon,Name: Real Home (ရီးရဲလ်ဟုမ်း). Category: Company. Address: Thingangyun. Township: Thingangyun. District: Yangon East
1956,Relax,ရီလက်,Shop,အထွေထွေအမျိုးအစား,,,Thingangyun,Thingangyun,Thingangyun,,Yangon East,ရန်ကုန်အရှေ့ပိုင်း,Yangon,ရန်ကုန်,,16.835843,96.186468,,4.6,478,,Yangon,Name: Relax (ရီလက်). Category: Shop. Address: Thingangyun. Township: Thingangyun. District: Yangon East
2,Relax,ရီလက်,Restaurant (Fried Chicken & Other Food),စားသောက်ဆိုင်,A 1003,at0rf; 003,"A 1003 Thu Mingalar Road, Kyaikasan West Ward, Thingangyun, Yangon","အေ၀မ်း ၀၀၃, သုမင်္ဂလာလမ်း, ကျိုက္ကဆံရပ်ကွက်, သင်္ဃန်းကျွန်း",Thingangyun,သင်္ဃန်းကျွန်း,Yangon East,ရန်ကုန်အရှေ့ပိုင်း,Yangon,ရန်ကုန်,11431.0,16.83578,96.18661,,4.2,16,,Yangon,"Name: Relax (ရီလက်). Category: Restaurant (Fried Chicken & Other Food). House Number: A 1003. Address: အေ၀မ်း ၀၀၃, သုမင်္ဂလာလမ်း, ကျိုက္ကဆံရပ်ကွက်, သင်္ဃန်းကျွန်း. Township: Thingangyun. District: Yangon East"
1071,Relax,ရီလဲ့က်စ်,Restaurant,စားသောက်ဆိုင်,,,Thingangyun,Thingangyun,Thingangyun,,Yangon East,ရန်ကုန်အရှေ့ပိုင်း,Yangon,ရန်ကုန်,,16.829945,96.202334,,4.1,223,,Yangon,Name: Relax (ရီလဲ့က်စ်). Category: Restaurant. Address: Thingangyun. Township: Thingangyun. District: Yangon East
1895,Revolution,ရီဘိုလူးရှင်း,Sports Center,ပန်းခြံနှင့် အားကစား,,,Thingangyun,Thingangyun,Thingangyun,,Yangon East,ရန်ကုန်အရှေ့ပိုင်း,Yangon,ရန်ကုန်,,16.835469,96.186323,,4.5,295,,Yangon,Name: Revolution (ရီဘိုလူးရှင်း). Category: Sports Center. Address: Thingangyun. Township: Thingangyun. District: Yangon East
1256,Rocket,ရော့ကက်(ထ်),Shop,အထွေထွေအမျိုးအစား,,,Thingangyun,Thingangyun,Thingangyun,,Yangon East,ရန်ကုန်အရှေ့ပိုင်း,Yangon,ရန်ကုန်,,16.841403,96.203016,,4.6,178,,Yangon,Name: Rocket (ရော့ကက်(ထ်)). Category: Shop. Address: Thingangyun. Township: Thingangyun. District: Yangon East
912,Rosey,ရိုစီ,Shop,အထွေထွေအမျိုးအစား,,,Thingangyun,Thingangyun,Thingangyun,,Yangon East,ရန်ကုန်အရှေ့ပိုင်း,Yangon,ရန်ကုန်,,16.821507,96.20495,,4.2,346,,Yangon,Name: Rosey (ရိုစီ). Category: Shop. Address: Thingangyun. Township: Thingangyun. District: Yangon East
1768,Royal,တော်၀င်,Shop,အထွေထွေအမျိုးအစား,,,Thingangyun,Thingangyun,Thingangyun,,Yangon East,ရန်ကုန်အရှေ့ပိုင်း,Yangon,ရန်ကုန်,,16.841685,96.202891,,4.8,514,,Yangon,Name: Royal (တော်၀င်). Category: Shop. Address: Thingangyun. Township: Thingangyun. District: Yangon East
214,Royal,ရွိုင်ရယ်,Mobile Phone Shop,ဖုန်းနှင့် ဆက်စပ်ပစ္စည်း,272,272,"272 Bagayar Road, May Ni Kone (South) Ward, Sanchaung, Yangon","၂၇၂, ဗားကရာလမ်း, မြေနီကုန်းတောင်ရပ်ကွက်, စမ်းချောင်း",Sanchaung,စမ်းချောင်း,Yangon East,ရန်ကုန်အရှေ့ပိုင်း,Yangon,ရန်ကုန်,11431.0,16.841591,96.204362,,4.4,52,,Yangon,"Name: Royal (ရွိုင်ရယ်). Category: Mobile Phone Shop. House Number: 272. Address: ၂၇၂, ဗားကရာလမ်း, မြေနီကုန်းတောင်ရပ်ကွက်, စမ်းချောင်း. Township: Sanchaung. District: Yangon East"
1654,Royal Baby,ရိုင်ရယ်ဘေဘီ,Shop,အထွေထွေအမျိုးအစား,,,Thingangyun,Thingangyun,Thingangyun,,Yangon East,ရန်ကုန်အရှေ့ပိုင်း,Yangon,ရန်ကုန်,,16.834501,96.180156,,4.4,172,,Yangon,Name: Royal Baby (ရိုင်ရယ်ဘေဘီ). Category: Shop. Address: Thingangyun. Township: Thingangyun. District: Yangon East
63,Royal Holiday Hotel,ခဟော်လီးဒေးဟိုတယ်,Hotel,ဟိုတယ်နှင့် တည်းခိုခန်း,166,166,"166 Lay Daungkan Road, Mikyaung Kan Ward-1, Thingangyun, Yangon","၁၆၆, လေးထောင့်ကန်လမ်း, မိကျောင်းကန်(၁)ရပ်ကွက်, သင်္ဃန်းကျွန်း",Thingangyun,သင်္ဃန်းကျွန်း,Yangon East,ရန်ကုန်အရှေ့ပိုင်း,Yangon,ရန်ကုန်,11431.0,16.8215,96.1816,,4.3,199,,Yangon,"Name: Royal Holiday Hotel (ခဟော်လီးဒေးဟိုတယ်). Category: Hotel. House Number: 166. Address: ၁၆၆, လေးထောင့်ကန်လမ်း, မိကျောင်းကန်(၁)ရပ်ကွက်, သင်္ဃန်းကျွန်း. Township: Thingangyun. District: Yangon East"
712,Royal Lwin,ရိုင်ရယ်လွင်,Hospital/Polyclinic,ဆေးရုံနှင့် ဆေးခန်း,,,Thingangyun,Thingangyun,Thingangyun,,Yangon East,ရန်ကုန်အရှေ့ပိုင်း,Yangon,ရန်ကုန်,,16.822251,96.181893,,4.2,346,,Yangon,Name: Royal Lwin (ရိုင်ရယ်လွင်). Category: Hospital/Polyclinic. Address: Thingangyun. Township: Thingangyun. District: Yangon East
1863,Royal Malikha,ရိုရယ်မလိခ,Hotel/Motel,ဟိုတယ်နှင့် တည်းခိုခန်း,,,Thingangyun,Thingangyun,Thingangyun,,Yangon East,ရန်ကုန်အရှေ့ပိုင်း,Yangon,ရန်ကုန်,,16.844304,96.199523,,4.3,199,,Yangon,Name: Royal Malikha (ရိုရယ်မလိခ). Category: Hotel/Motel. Address: Thingangyun. Township: Thingangyun. District: Yangon East
113,Royal Malikha Hotel,ရွိုင်ရယ်,Hotel,ဟိုတယ်နှင့် တည်းခိုခန်း,11,11,"11 Yadanar Road, Bawa Myint Ward, Thingangyun, Yangon","၁၁, ရတနာလမ်း, ဘ၀မြင့်ရပ်ကွက်, သင်္ဃန်းကျွန်း",Thingangyun,သင်္ဃန်းကျွန်း,Yangon East,ရန်ကုန်အရှေ့ပိုင်း,Yangon,ရန်ကုန်,11431.0,16.844364,96.199506,,4.3,349,,Yangon,"Name: Royal Malikha Hotel (ရွိုင်ရယ်). Category: Hotel. House Number: 11. Address: ၁၁, ရတနာလမ်း, ဘ၀မြင့်ရပ်ကွက်, သင်္ဃန်းကျွန်း. Township: Thingangyun. District: Yangon East"
64,Royal Malikha Hotel,တော်ဝင်မလိခဟိုတယ်,Hotel,ဟိုတယ်နှင့် တည်းခိုခန်း,B-11/12,bD-11^12,"B-11/12 Yadanar Street, Bawa Myint Ward, Thingangyun, Yangon","ဘီ-၁၁^၁၂, ရတနာလမ်း, ဘ၀မြင့်ရပ်ကွက်, သင်္ဃန်းကျွန်း",Thingangyun,သင်္ဃန်းကျွန်း,Yangon East,ရန်ကုန်အရှေ့ပိုင်း,Yangon,ရန်ကုန်,11431.0,16.8444,96.1994,,4.4,202,,Yangon,"Name: Royal Malikha Hotel (တော်ဝင်မလိခဟိုတယ်). Category: Hotel. House Number: B-11/12. Address: ဘီ-၁၁^၁၂, ရတနာလမ်း, ဘ၀မြင့်ရပ်ကွက်, သင်္ဃန်းကျွန်း. Township: Thingangyun. District: Yangon East"
65,Royal Ruby Hotel,ရွိုင်ရယ်လ်ရူဘီဟိုတယ်,Hotel,ဟိုတယ်နှင့် တည်းခိုခန်း,12,12,"12 Khay Mar Thi Street, Mikyaung Kan Ward-3, Thingangyun, Yangon","၁၂, ခေမာသီလမ်း, မိကျောင်းကန်(၃)ရပ်ကွက်, သင်္ဃန်းကျွန်း",Thingangyun,သင်္ဃန်းကျွန်း,Yangon East,ရန်ကုန်အရှေ့ပိုင်း,Yangon,ရန်ကုန်,11431.0,16.8333,96.176,,4.5,205,,Yangon,"Name: Royal Ruby Hotel (ရွိုင်ရယ်လ်ရူဘီဟိုတယ်). Category: Hotel. House Number: 12. Address: ၁၂, ခေမာသီလမ်း, မိကျောင်းကန်(၃)ရပ်ကွက်, သင်္ဃန်းကျွန်း. Township: Thingangyun. District: Yangon East"
513,Royal Zaw Ti Ka Condo,Royal Zaw Ti Ka Condo,Condo,ရုံးခန်းနှင့် လူနေအိမ်ရာ,,,",Lay Daung Kan Rd.,Zawana Ward (TGGN),Thingangyun",",Lay Daung Kan Rd.,Zawana Ward (TGGN),Thingangyun",Thingangyun,,Yangon East,ရန်ကုန်အရှေ့ပိုင်း,Yangon,ရန်ကုန်,,16.8296,96.1908,,4.3,349,,Yangon,"Name: Royal Zaw Ti Ka Condo. Category: Condo. Address: ,Lay Daung Kan Rd.,Zawana Ward (TGGN),Thingangyun. Township: Thingangyun. District: Yangon East"
1223,S S S,အက်(စ်) အက်(စ်) အက်(စ်),Shop,အထွေထွေအမျိုးအစား,,,Thingangyun,Thingangyun,Thingangyun,,Yangon East,ရန်ကုန်အရှေ့ပိုင်း,Yangon,ရန်ကုန်,,16.836963,96.20741,,4.3,79,,Yangon,Name: S S S (အက်(စ်) အက်(စ်) အက်(စ်)). Category: Shop. Address: Thingangyun. Township: Thingangyun. District: Yangon East
622,S.S.S,S.S.S,Shop,အထွေထွေအမျိုးအစား,,,"Kyi Pwar Yae Ward (TGGN), Thingangyun","Kyi Pwar Yae Ward (TGGN), Thingangyun",Thingangyun,,Yangon East,ရန်ကုန်အရှေ့ပိုင်း,Yangon,ရန်ကုန်,,16.8372,96.2077,,4.2,76,,Yangon,"Name: S.S.S. Category: Shop. Address: Kyi Pwar Yae Ward (TGGN), Thingangyun. Township: Thingangyun. District: Yangon East"
218,SB Baby,အက်စ်ဘီဘေဘီ,Baby Accessories,အထွေထွေအမျိုးအစား,43,43,"43 Lay Daung Kan Road, Lay Daunkan Ward, Thingangyun, Yangon","၄၃, လေးထောင့်ကန်လမ်း, လေးဒေါင့်ကန်ရပ်ကွက်, သင်္ဃန်းကျွန်း",Thingangyun,သင်္ဃန်းကျွန်း,Yangon East,ရန်ကုန်အရှေ့ပိုင်း,Yangon,ရန်ကုန်,11431.0,16.839263,96.20198,,4.8,64,,Yangon,"Name: SB Baby (အက်စ်ဘီဘေဘီ). Category: Baby Accessories. House Number: 43. Address: ၄၃, လေးထောင့်ကန်လမ်း, လေးဒေါင့်ကန်ရပ်ကွက်, သင်္ဃန်းကျွန်း. Township: Thingangyun. District: Yangon East"
1957,SB Baby,အက်စ်ဘီ ဘေဘီ,Shop,အထွေထွေအမျိုးအစား,,,Thingangyun,Thingangyun,Thingangyun,,Yangon East,ရန်ကုန်အရှေ့ပိုင်း,Yangon,ရန်ကုန်,,16.83925,96.20199,,4.7,481,,Yangon,Name: SB Baby (အက်စ်ဘီ ဘေဘီ). Category: Shop. Address: Thingangyun. Township: Thingangyun. District: Yangon East
1051,SMA,အတ်စ်အမ်အေ,Repair Facility,ပြုပြင်ရေးလုပ်ငန်း,,,Thingangyun,Thingangyun,Thingangyun,,Yangon East,ရန်ကုန်အရှေ့ပိုင်း,Yangon,ရန်ကုန်,,16.823847,96.199083,,4.1,163,,Yangon,Name: SMA (အတ်စ်အမ်အေ). Category: Repair Facility. Address: Thingangyun. Township: Thingangyun. District: Yangon East
770,SSG,အက်စ်အက်စ်ဂျီ,Shop,အထွေထွေအမျိုးအစား,,,Thingangyun,Thingangyun,Thingangyun,,Yangon East,ရန်ကုန်အရှေ့ပိုင်း,Yangon,ရန်ကုန်,,16.816596,96.195479,,4,520,,Yangon,Name: SSG (အက်စ်အက်စ်ဂျီ). Category: Shop. Address: Thingangyun. Township: Thingangyun. District: Yangon East
629,STAR.TK-II,STAR.TK-II,Shop,အထွေထွေအမျိုးအစား,,,"Ward 25 Thuwunna (TGGN), Thingangyun","Ward 25 Thuwunna (TGGN), Thingangyun",Thingangyun,,Yangon East,ရန်ကုန်အရှေ့ပိုင်း,Yangon,ရန်ကုန်,,16.8214,96.2028,,4.9,97,,Yangon,"Name: STAR.TK-II. Category: Shop. Address: Ward 25 Thuwunna (TGGN), Thingangyun. Township: Thingangyun. District: Yangon East"
514,Sabal Oo,Sabal Oo,Cafe,ကဖေးနှင့် လက်ဖက်ရည်ဆိုင်,,,"Nga/Ka Ward (TGGN), Thingangyun","Nga/Ka Ward (TGGN), Thingangyun",Thingangyun,,Yangon East,ရန်ကုန်အရှေ့ပိုင်း,Yangon,ရန်ကုန်,,16.8348,96.2079,,4.4,352,,Yangon,"Name: Sabal Oo. Category: Cafe. Address: Nga/Ka Ward (TGGN), Thingangyun. Township: Thingangyun. District: Yangon East"
623,Sabal Pharmacy Shop,Sabal Pharmacy Shop,Shop,အထွေထွေအမျိုးအစား,,,"Ward 24 Thuwunna (TGGN), Thingangyun","Ward 24 Thuwunna (TGGN), Thingangyun",Thingangyun,,Yangon East,ရန်ကုန်အရှေ့ပိုင်း,Yangon,ရန်ကုန်,,16.815,96.1911,,4.3,79,,Yangon,"Name: Sabal Pharmacy Shop. Category: Shop. Address: Ward 24 Thuwunna (TGGN), Thingangyun. Township: Thingangyun. District: Yangon East"
1120,Sabei Phyu,စံပယ်ဖြူ,Hospital/Polyclinic,ဆေးရုံနှင့် ဆေးခန်း,,,Thingangyun,Thingangyun,Thingangyun,,Yangon East,ရန်ကုန်အရှေ့ပိုင်း,Yangon,ရန်ကုန်,,16.843711,96.201784,,4,370,,Yangon,Name: Sabei Phyu (စံပယ်ဖြူ). Category: Hospital/Polyclinic. Address: Thingangyun. Township: Thingangyun. District: Yangon East
1062,Safet,ဆေးဖက်,Repair Facility,ပြုပြင်ရေးလုပ်ငန်း,,,Thingangyun,Thingangyun,Thingangyun,,Yangon East,ရန်ကုန်အရှေ့ပိုင်း,Yangon,ရန်ကုန်,,16.84038,96.206722,,4.2,196,,Yangon,Name: Safet (ဆေးဖက်). Category: Repair Facility. Address: Thingangyun. Township: Thingangyun. District: Yangon East
396,Sai Khung Noung,စိုင်းခွန်နောင်,Real Easte & Law Firm,အထွေထွေအမျိုးအစား,12,12,"12 Than Thu Mar Road, Ward-29 Thuwunna, Thingangyun, Yangon","၁၂, သံသုမာလမ်း, သု၀ဏ္ဏ(၂၉)ရပ်ကွက်, သင်္ဃန်းကျွန်း",Thingangyun,သင်္ဃန်းကျွန်း,Yangon East,ရန်ကုန်အရှေ့ပိုင်း,Yangon,ရန်ကုန်,11431.0,16.819123,96.199929,,4.6,598,,Yangon,"Name: Sai Khung Noung (စိုင်းခွန်နောင်). Category: Real Easte & Law Firm. House Number: 12. Address: ၁၂, သံသုမာလမ်း, သု၀ဏ္ဏ(၂၉)ရပ်ကွက်, သင်္ဃန်းကျွန်း. Township: Thingangyun. District: Yangon East"
1186,Sai Royal Family,စိုင်းရိုင်ယဲလ်မိသားစု,Company,ရုံးခန်းနှင့် လူနေအိမ်ရာ,,,Thingangyun,Thingangyun,Thingangyun,,Yangon East,ရန်ကုန်အရှေ့ပိုင်း,Yangon,ရန်ကုန်,,16.832124,96.202001,,4.6,568,,Yangon,Name: Sai Royal Family (စိုင်းရိုင်ယဲလ်မိသားစု). Category: Company. Address: Thingangyun. Township: Thingangyun. District: Yangon East
515,Sai Thit,Sai Thit,Restaurant,စားသောက်ဆိုင်,,,"Kyi Pwar Yae Ward (TGGN), Thingangyun","Kyi Pwar Yae Ward (TGGN), Thingangyun",Thingangyun,,Yangon East,ရန်ကုန်အရှေ့ပိုင်း,Yangon,ရန်ကုန်,,16.8375,96.2077,,4.5,355,,Yangon,"Name: Sai Thit. Category: Restaurant. Address: Kyi Pwar Yae Ward (TGGN), Thingangyun. Township: Thingangyun. District: Yangon East"
48,Sai Thit,ဆိုင်သစ်,Indian_Burmese Restaurant,စားသောက်ဆိုင်,33,33,"33 Than Thu Mar Road, Bawa Myint Ward, Thingangyun, Yangon","၃၃, သံသုမာလမ်း, ဘ၀မြင့်ရပ်ကွက်, သင်္ဃန်းကျွန်း",Thingangyun,သင်္ဃန်းကျွန်း,Yangon East,ရန်ကုန်အရှေ့ပိုင်း,Yangon,ရန်ကုန်,11431.0,16.845109,96.20161,,4.8,154,,Yangon,"Name: Sai Thit (ဆိုင်သစ်). Category: Indian_Burmese Restaurant. House Number: 33. Address: ၃၃, သံသုမာလမ်း, ဘ၀မြင့်ရပ်ကွက်, သင်္ဃန်းကျွန်း. Township: Thingangyun. District: Yangon East"
1435,Sain Mi Thar Su,စိန်မိသားစု,Shop,အထွေထွေအမျိုးအစား,,,Thingangyun,Thingangyun,Thingangyun,,Yangon East,ရန်ကုန်အရှေ့ပိုင်း,Yangon,ရန်ကုန်,,16.828539,96.197187,,4.5,115,,Yangon,Name: Sain Mi Thar Su (စိန်မိသားစု). Category: Shop. Address: Thingangyun. Township: Thingangyun. District: Yangon East
1890,Saing Thit,ဆိုင်သစ်,Restaurant,စားသောက်ဆိုင်,,,Thingangyun,Thingangyun,Thingangyun,,Yangon East,ရန်ကုန်အရှေ့ပိုင်း,Yangon,ရန်ကုန်,,16.845099,96.201647,,4,280,,Yangon,Name: Saing Thit (ဆိုင်သစ်). Category: Restaurant. Address: Thingangyun. Township: Thingangyun. District: Yangon East
1143,Sal Thein Ward Council,ဆယ်သိန်းရပ်ကွက်အုပ်ချုပ်ရေးမှူးရုံး,Government Office,ရုံးခန်းနှင့် လူနေအိမ်ရာ,,,Thingangyun,Thingangyun,Thingangyun,,Yangon East,ရန်ကုန်အရှေ့ပိုင်း,Yangon,ရန်ကုန်,,16.8279,96.19036,,4.3,439,,Yangon,Name: Sal Thein Ward Council (ဆယ်သိန်းရပ်ကွက်အုပ်ချုပ်ရေးမှူးရုံး). Category: Government Office. Address: Thingangyun. Township: Thingangyun. District: Yangon East
215,Samsung,ဆန်ဆောင်း,Mobile Phone Shop,ဖုန်းနှင့် ဆက်စပ်ပစ္စည်း,273,273,"273 Bagayar Road, May Ni Kone (South) Ward, Sanchaung, Yangon","၂၇၃, ဗားကရာလမ်း, မြေနီကုန်းတောင်ရပ်ကွက်, စမ်းချောင်း",Sanchaung,စမ်းချောင်း,Yangon East,ရန်ကုန်အရှေ့ပိုင်း,Yangon,ရန်ကုန်,11431.0,16.840748,96.203483,,4.5,55,,Yangon,"Name: Samsung (ဆန်ဆောင်း). Category: Mobile Phone Shop. House Number: 273. Address: ၂၇၃, ဗားကရာလမ်း, မြေနီကုန်းတောင်ရပ်ကွက်, စမ်းချောင်း. Township: Sanchaung. District: Yangon East"
1901,San,စန်း,Hospital/Polyclinic,ဆေးရုံနှင့် ဆေးခန်း,,,Thingangyun,Thingangyun,Thingangyun,,Yangon East,ရန်ကုန်အရှေ့ပိုင်း,Yangon,ရန်ကုန်,,16.833455,96.195407,,4.1,313,,Yangon,Name: San (စန်း). Category: Hospital/Polyclinic. Address: Thingangyun. Township: Thingangyun. District: Yangon East
767,San Lat Yar,ဆန်းလက်ရာ,Shop,အထွေထွေအမျိုးအစား,,,Thingangyun,Thingangyun,Thingangyun,,Yangon East,ရန်ကုန်အရှေ့ပိုင်း,Yangon,ရန်ကုန်,,16.838356,96.20115,,4.7,511,,Yangon,Name: San Lat Yar (ဆန်းလက်ရာ). Category: Shop. Address: Thingangyun. Township: Thingangyun. District: Yangon East
1357,San Mi Thar Su,စန်းမိသားစု,Shop,အထွေထွေအမျိုးအစား,,,Thingangyun,Thingangyun,Thingangyun,,Yangon East,ရန်ကုန်အရှေ့ပိုင်း,Yangon,ရန်ကုန်,,16.823417,96.196823,,4.7,481,,Yangon,Name: San Mi Thar Su (စန်းမိသားစု). Category: Shop. Address: Thingangyun. Township: Thingangyun. District: Yangon East
708,San Pya,စံပြ,Hospital/Polyclinic,ဆေးရုံနှင့် ဆေးခန်း,,,Thingangyun,Thingangyun,Thingangyun,,Yangon East,ရန်ကုန်အရှေ့ပိုင်း,Yangon,ရန်ကုန်,,16.843564,96.204897,,4.8,334,,Yangon,Name: San Pya (စံပြ). Category: Hospital/Polyclinic. Address: Thingangyun. Township: Thingangyun. District: Yangon East
1082,San Pya,စံပြ,Restaurant,စားသောက်ဆိုင်,,,Thingangyun,Thingangyun,Thingangyun,,Yangon East,ရန်ကုန်အရှေ့ပိုင်း,Yangon,ရန်ကုန်,,16.842524,96.202335,,4.2,256,,Yangon,Name: San Pya (စံပြ). Category: Restaurant. Address: Thingangyun. Township: Thingangyun. District: Yangon East
803,San Pya,စံပြ,Shop,အထွေထွေအမျိုးအစား,,,Thingangyun,Thingangyun,Thingangyun,,Yangon East,ရန်ကုန်အရှေ့ပိုင်း,Yangon,ရန်ကုန်,,16.840494,96.202632,,4.3,19,,Yangon,Name: San Pya (စံပြ). Category: Shop. Address: Thingangyun. Township: Thingangyun. District: Yangon East
516,San Shwe Pyay,San Shwe Pyay,Cafe,ကဖေးနှင့် လက်ဖက်ရည်ဆိုင်,,,"Kyi Pwar Yae Ward (TGGN), Thingangyun","Kyi Pwar Yae Ward (TGGN), Thingangyun",Thingangyun,,Yangon East,ရန်ကုန်အရှေ့ပိုင်း,Yangon,ရန်ကုန်,,16.8392,96.2076,,4.6,358,,Yangon,"Name: San Shwe Pyay. Category: Cafe. Address: Kyi Pwar Yae Ward (TGGN), Thingangyun. Township: Thingangyun. District: Yangon East"
280,San Tatt Yar,ဆန်းလက်ယာ,"Aluminium,Glass & Steel",ဆောက်လုပ်ရေးနှင့် ဟာ့ဒ်ဝဲ,881,881,"881 Lay Daung Kan Road, Nga Moe Yeik Ward, Thingangyun, Yangon","၈၈၁, လေးထောင့်ကန်လမ်း, ငမိုးရိပ်ရပ်ကွက်, သင်္ဃန်းကျွန်း",Thingangyun,သင်္ဃန်းကျွန်း,Yangon East,ရန်ကုန်အရှေ့ပိုင်း,Yangon,ရန်ကုန်,11431.0,16.838706,96.20077,,4,250,,Yangon,"Name: San Tatt Yar (ဆန်းလက်ယာ). Category: Aluminium,Glass & Steel. House Number: 881. Address: ၈၈၁, လေးထောင့်ကန်လမ်း, ငမိုးရိပ်ရပ်ကွက်, သင်္ဃန်းကျွန်း. Township: Thingangyun. District: Yangon East"
1694,San Thit,ဆန်းသစ်,Shop,အထွေထွေအမျိုးအစား,,,Thingangyun,Thingangyun,Thingangyun,,Yangon East,ရန်ကုန်အရှေ့ပိုင်း,Yangon,ရန်ကုန်,,16.840604,96.202149,,4.4,292,,Yangon,Name: San Thit (ဆန်းသစ်). Category: Shop. Address: Thingangyun. Township: Thingangyun. District: Yangon East
883,San Thit,ဆန်းသစ်,Shop,အထွေထွေအမျိုးအစား,,,Thingangyun,Thingangyun,Thingangyun,,Yangon East,ရန်ကုန်အရှေ့ပိုင်း,Yangon,ရန်ကုန်,,16.843326,96.203483,,4.3,259,,Yangon,Name: San Thit (ဆန်းသစ်). Category: Shop. Address: Thingangyun. Township: Thingangyun. District: Yangon East
1815,San Thit,ဆန်းသစ်,Café/Pub,ဘားနှင့် ဖျော်ဖြေရေး,,,Thingangyun,Thingangyun,Thingangyun,,Yangon East,ရန်ကုန်အရှေ့ပိုင်း,Yangon,ရန်ကုန်,,16.840673,96.200714,,4.5,55,,Yangon,Name: San Thit (ဆန်းသစ်). Category: Café/Pub. Address: Thingangyun. Township: Thingangyun. District: Yangon East
1769,San Yadanar,စန်းရတနာ,Shop,အထွေထွေအမျိုးအစား,,,Thingangyun,Thingangyun,Thingangyun,,Yangon East,ရန်ကုန်အရှေ့ပိုင်း,Yangon,ရန်ကုန်,,16.841089,96.20143,,4.9,517,,Yangon,Name: San Yadanar (စန်းရတနာ). Category: Shop. Address: Thingangyun. Township: Thingangyun. District: Yangon East
1436,Sandar,စန္ဒာ,Shop,အထွေထွေအမျိုးအစား,,,Thingangyun,Thingangyun,Thingangyun,,Yangon East,ရန်ကုန်အရှေ့ပိုင်း,Yangon,ရန်ကုန်,,16.829786,96.200079,,4.6,118,,Yangon,Name: Sandar (စန္ဒာ). Category: Shop. Address: Thingangyun. Township: Thingangyun. District: Yangon East
1003,Sangha Darna Soon Lone A Thin,သံဃဒါနဆွမ်းလောင်းအသင်း,Community Center,အထွေထွေအမျိုးအစား,,,Thingangyun,Thingangyun,Thingangyun,,Yangon East,ရန်ကုန်အရှေ့ပိုင်း,Yangon,ရန်ကုန်,,16.82806,96.18998,,4.3,19,,Yangon,Name: Sangha Darna Soon Lone A Thin (သံဃဒါနဆွမ်းလောင်းအသင်း). Category: Community Center. Address: Thingangyun. Township: Thingangyun. District: Yangon East
216,Sanpa,စံပြ,Electronic Shop,လျှပ်စစ်ပစ္စည်းဆိုင်,30,30,"30 Lay Daung Kan Road, Lay Daunkan Ward, Thingangyun, Yangon","၃၀, လေးထောင့်ကန်လမ်း, လေးဒေါင့်ကန်ရပ်ကွက်, သင်္ဃန်းကျွန်း",Thingangyun,သင်္ဃန်းကျွန်း,Yangon East,ရန်ကုန်အရှေ့ပိုင်း,Yangon,ရန်ကုန်,11431.0,16.839998,96.202731,,4.6,58,,Yangon,"Name: Sanpa (စံပြ). Category: Electronic Shop. House Number: 30. Address: ၃၀, လေးထောင့်ကန်လမ်း, လေးဒေါင့်ကန်ရပ်ကွက်, သင်္ဃန်းကျွန်း. Township: Thingangyun. District: Yangon East"
517,Sanpya Ngamoeyaut Market,Sanpya Ngamoeyaut Market,Market,စျေးနှင့် ကုန်စုံဆိုင်,,,"Nga Moe Yeik Ward (TGGN), Thingangyun","Nga Moe Yeik Ward (TGGN), Thingangyun",Thingangyun,,Yangon East,ရန်ကုန်အရှေ့ပိုင်း,Yangon,ရန်ကုန်,,16.8425,96.204,,4.7,361,,Yangon,"Name: Sanpya Ngamoeyaut Market. Category: Market. Address: Nga Moe Yeik Ward (TGGN), Thingangyun. Township: Thingangyun. District: Yangon East"
1906,Sar Aue Yin,စာဥယျာဥ်,School,ကျောင်းနှင့် တက္ကသိုလ်,,,Thingangyun,Thingangyun,Thingangyun,,Yangon East,ရန်ကုန်အရှေ့ပိုင်း,Yangon,ရန်ကုန်,,16.838809,96.201621,,4.6,328,,Yangon,Name: Sar Aue Yin (စာဥယျာဥ်). Category: School. Address: Thingangyun. Township: Thingangyun. District: Yangon East
624,Sarr Mal BBQ Hot Pot,Sarr Mal BBQ Hot Pot,Restaurant,စားသောက်ဆိုင်,,,"Sa Kha Ward (TGGN), Thingangyun","Sa Kha Ward (TGGN), Thingangyun",Thingangyun,,Yangon East,ရန်ကုန်အရှေ့ပိုင်း,Yangon,ရန်ကုန်,,16.8336,96.1958,,4.4,82,,Yangon,"Name: Sarr Mal BBQ Hot Pot. Category: Restaurant. Address: Sa Kha Ward (TGGN), Thingangyun. Township: Thingangyun. District: Yangon East"
20,Satanar,စေတနာ,Veterinary Clinic,ဆေးရုံနှင့် ဆေးခန်း,220,220,"220 Yankin Road, Ward-3, Yankin, Yangon","၂၂၀, ရန်ကင်းလမ်း, (၃)ရပ်ကွက်, ရန်ကင်း",Yankin,ရန်ကင်း,Yangon East,ရန်ကုန်အရှေ့ပိုင်း,Yangon,ရန်ကုန်,11431.0,16.835153,96.186911,,4,70,,Yangon,"Name: Satanar (စေတနာ). Category: Veterinary Clinic. House Number: 220. Address: ၂၂၀, ရန်ကင်းလမ်း, (၃)ရပ်ကွက်, ရန်ကင်း. Township: Yankin. District: Yangon East"
1736,Sate Tine Kya,စိတ်တိုင်းကျ,Shop,အထွေထွေအမျိုးအစား,,,Thingangyun,Thingangyun,Thingangyun,,Yangon East,ရန်ကုန်အရှေ့ပိုင်း,Yangon,ရန်ကုန်,,16.829649,96.200555,,4.6,418,,Yangon,Name: Sate Tine Kya (စိတ်တိုင်းကျ). Category: Shop. Address: Thingangyun. Township: Thingangyun. District: Yangon East
1004,Satu Bonemika Maggin Yeik Thar,စတုဘုမ္မိကမဂ္ဂင်ရိပ်သာ,Community Center,အထွေထွေအမျိုးအစား,,,Thingangyun,Thingangyun,Thingangyun,,Yangon East,ရန်ကုန်အရှေ့ပိုင်း,Yangon,ရန်ကုန်,,16.82952,96.18672,,4.4,22,,Yangon,Name: Satu Bonemika Maggin Yeik Thar (စတုဘုမ္မိကမဂ္ဂင်ရိပ်သာ). Category: Community Center. Address: Thingangyun. Township: Thingangyun. District: Yangon East
47,Saung Thazin,ဆောင်းသဇင်,Guest House,ဟိုတယ်နှင့် တည်းခိုခန်း,34,34,"34 Than Thu Mar Road, Bawa Myint Ward, Thingangyun, Yangon","၃၄, သံသုမာလမ်း, ဘ၀မြင့်ရပ်ကွက်, သင်္ဃန်းကျွန်း",Thingangyun,သင်္ဃန်းကျွန်း,Yangon East,ရန်ကုန်အရှေ့ပိုင်း,Yangon,ရန်ကုန်,11431.0,16.845091,96.201664,,4.7,151,,Yangon,"Name: Saung Thazin (ဆောင်းသဇင်). Category: Guest House. House Number: 34. Address: ၃၄, သံသုမာလမ်း, ဘ၀မြင့်ရပ်ကွက်, သင်္ဃန်းကျွန်း. Township: Thingangyun. District: Yangon East"
1097,Saw,စော,Restaurant,စားသောက်ဆိုင်,,,Thingangyun,Thingangyun,Thingangyun,,Yangon East,ရန်ကုန်အရှေ့ပိုင်း,Yangon,ရန်ကုန်,,16.843904,96.201995,,4.7,301,,Yangon,Name: Saw (စော). Category: Restaurant. Address: Thingangyun. Township: Thingangyun. District: Yangon East
1962,Saw Oo,စောဦး,Shop,အထွေထွေအမျိုးအစား,,,Thingangyun,Thingangyun,Thingangyun,,Yangon East,ရန်ကုန်အရှေ့ပိုင်း,Yangon,ရန်ကုန်,,16.841544,96.204428,,4.2,496,,Yangon,Name: Saw Oo (စောဦး). Category: Shop. Address: Thingangyun. Township: Thingangyun. District: Yangon East
217,Saw Oo,စောဦး,Stationery Shop,အထွေထွေအမျိုးအစား,63,63,"63 Bo Soon Pat Street (Lower Middle Block), Ward-6, Pabedan, Yangon","၆၃, ဗိုလ်ဆွန်ပတ်လမ်း (အောက်အလယ်ဘလောက်), (၆)ရပ်ကွက်, ပန်းဘဲတန်း",Pabedan,ပန်းဘဲတန်း,Yangon East,ရန်ကုန်အရှေ့ပိုင်း,Yangon,ရန်ကုန်,11431.0,16.841628,96.20442,,4.7,61,,Yangon,"Name: Saw Oo (စောဦး). Category: Stationery Shop. House Number: 63. Address: ၆၃, ဗိုလ်ဆွန်ပတ်လမ်း (အောက်အလယ်ဘလောက်), (၆)ရပ်ကွက်, ပန်းဘဲတန်း. Township: Pabedan. District: Yangon East"
1910,Saya James,ဆရာဂျိမ်း,School,ကျောင်းနှင့် တက္ကသိုလ်,,,Thingangyun,Thingangyun,Thingangyun,,Yangon East,ရန်ကုန်အရှေ့ပိုင်း,Yangon,ရန်ကုန်,,16.834828,96.186551,,4,340,,Yangon,Name: Saya James (ဆရာဂျိမ်း). Category: School. Address: Thingangyun. Township: Thingangyun. District: Yangon East
1107,Sayar U Kyaw Htun,ဆရာဦးကျော်ထွန်း,Hospital/Polyclinic,ဆေးရုံနှင့် ဆေးခန်း,,,Thingangyun,Thingangyun,Thingangyun,,Yangon East,ရန်ကုန်အရှေ့ပိုင်း,Yangon,ရန်ကုန်,,16.840848,96.201816,,4.7,331,,Yangon,Name: Sayar U Kyaw Htun (ဆရာဦးကျော်ထွန်း). Category: Hospital/Polyclinic. Address: Thingangyun. Township: Thingangyun. District: Yangon East
351,Sea,ဆီး,Sport Machine Shop,ပန်းခြံနှင့် အားကစား,2-Jan,43497,"2/1 Than Thu Mar Road, Ward-24 Thuwunna, Thingangyun, Yangon","၄၃၄၉၇, သံသုမာလမ်း, သု၀ဏ္ဏ(၂၄)ရပ်ကွက်, သင်္ဃန်းကျွန်း",Thingangyun,သင်္ဃန်းကျွန်း,Yangon East,ရန်ကုန်အရှေ့ပိုင်း,Yangon,ရန်ကုန်,11431.0,16.817923,96.197863,,4.1,463,,Yangon,"Name: Sea (ဆီး). Category: Sport Machine Shop. House Number: 2-Jan. Address: ၄၃၄၉၇, သံသုမာလမ်း, သု၀ဏ္ဏ(၂၄)ရပ်ကွက်, သင်္ဃန်းကျွန်း. Township: Thingangyun. District: Yangon East"
840,See Better,စီးလ်ဘတ်တာ,Shop,အထွေထွေအမျိုးအစား,,,Thingangyun,Thingangyun,Thingangyun,,Yangon East,ရန်ကုန်အရှေ့ပိုင်း,Yangon,ရန်ကုန်,,16.826698,96.209499,,4,130,,Yangon,Name: See Better (စီးလ်ဘတ်တာ). Category: Shop. Address: Thingangyun. Township: Thingangyun. District: Yangon East
1329,See Sain Toe,စည်းစိမ်တိုး,Shop,အထွေထွေအမျိုးအစား,,,Thingangyun,Thingangyun,Thingangyun,,Yangon East,ရန်ကုန်အရှေ့ပိုင်း,Yangon,ရန်ကုန်,,16.825392,96.196876,,4.9,397,,Yangon,Name: See Sain Toe (စည်းစိမ်တိုး). Category: Shop. Address: Thingangyun. Township: Thingangyun. District: Yangon East
913,See Sar  Lin,ဆည်းဆာလင်း,Shop,အထွေထွေအမျိုးအစား,,,Thingangyun,Thingangyun,Thingangyun,,Yangon East,ရန်ကုန်အရှေ့ပိုင်း,Yangon,ရန်ကုန်,,16.824314,96.211688,,4.3,349,,Yangon,Name: See Sar  Lin (ဆည်းဆာလင်း). Category: Shop. Address: Thingangyun. Township: Thingangyun. District: Yangon East
718,Seik Ta Thukha Kyaung Tike,စိတ်သုခကျောင်းတိုက်,Place of Worship,ဘာသာရေးနေရာ,,,Thingangyun,Thingangyun,Thingangyun,,Yangon East,ရန်ကုန်အရှေ့ပိုင်း,Yangon,ရန်ကုန်,,16.82564,96.209824,,4.8,364,,Yangon,Name: Seik Ta Thukha Kyaung Tike (စိတ်သုခကျောင်းတိုက်). Category: Place of Worship. Address: Thingangyun. Township: Thingangyun. District: Yangon East
518,Sein,Sein,Cafe,ကဖေးနှင့် လက်ဖက်ရည်ဆိုင်,,,"Kyi Pwar Yae Ward (TGGN), Thingangyun","Kyi Pwar Yae Ward (TGGN), Thingangyun",Thingangyun,,Yangon East,ရန်ကုန်အရှေ့ပိုင်း,Yangon,ရန်ကုန်,,16.8373,96.2077,,4.8,364,,Yangon,"Name: Sein. Category: Cafe. Address: Kyi Pwar Yae Ward (TGGN), Thingangyun. Township: Thingangyun. District: Yangon East"
647,Sein,စိန်,Shop,အထွေထွေအမျိုးအစား,,,Thingangyun,Thingangyun,Thingangyun,,Yangon East,ရန်ကုန်အရှေ့ပိုင်း,Yangon,ရန်ကုန်,,16.838905,96.20172,,4.7,151,,Yangon,Name: Sein (စိန်). Category: Shop. Address: Thingangyun. Township: Thingangyun. District: Yangon East
663,Sein Family,စိန်မိသားစု,Repair Facility,ပြုပြင်ရေးလုပ်ငန်း,,,Thingangyun,Thingangyun,Thingangyun,,Yangon East,ရန်ကုန်အရှေ့ပိုင်း,Yangon,ရန်ကုန်,,16.81639,96.193921,,4.3,199,,Yangon,Name: Sein Family (စိန်မိသားစု). Category: Repair Facility. Address: Thingangyun. Township: Thingangyun. District: Yangon East
625,Sein Family,Sein Family,Shop,အထွေထွေအမျိုးအစား,,,"Supaing Ward (TGGN), Thingangyun","Supaing Ward (TGGN), Thingangyun",Thingangyun,,Yangon East,ရန်ကုန်အရှေ့ပိုင်း,Yangon,ရန်ကုန်,,16.817,96.1954,,4.5,85,,Yangon,"Name: Sein Family. Category: Shop. Address: Supaing Ward (TGGN), Thingangyun. Township: Thingangyun. District: Yangon East"
313,Sein Family,စိန်မိသားစု,Tyre Shop,အထွေထွေအမျိုးအစား,136,136,"136 Than Thu Mar Road, Supaing Ward, Thingangyun, Yangon","၁၃၆, သံသုမာလမ်း, စုပေါင်းရပ်ကွက်, သင်္ဃန်းကျွန်း",Thingangyun,သင်္ဃန်းကျွန်း,Yangon East,ရန်ကုန်အရှေ့ပိုင်း,Yangon,ရန်ကုန်,11431.0,16.81653,96.194281,,4.3,349,,Yangon,"Name: Sein Family (စိန်မိသားစု). Category: Tyre Shop. House Number: 136. Address: ၁၃၆, သံသုမာလမ်း, စုပေါင်းရပ်ကွက်, သင်္ဃန်းကျွန်း. Township: Thingangyun. District: Yangon East"
1737,Sein Mi Thar Su,စိန်မိသားစု,Shop,အထွေထွေအမျိုးအစား,,,Thingangyun,Thingangyun,Thingangyun,,Yangon East,ရန်ကုန်အရှေ့ပိုင်း,Yangon,ရန်ကုန်,,16.828685,96.197075,,4.7,421,,Yangon,Name: Sein Mi Thar Su (စိန်မိသားစု). Category: Shop. Address: Thingangyun. Township: Thingangyun. District: Yangon East
1391,Sein Oae Si,စိန်အိုးစည်,Shop,အထွေထွေအမျိုးအစား,,,Thingangyun,Thingangyun,Thingangyun,,Yangon East,ရန်ကုန်အရှေ့ပိုင်း,Yangon,ရန်ကုန်,,16.82856,96.18793,,4.1,583,,Yangon,Name: Sein Oae Si (စိန်အိုးစည်). Category: Shop. Address: Thingangyun. Township: Thingangyun. District: Yangon East
314,Sein Shwe Toe,စိန်ရွှေတိုး,Company,ရုံးခန်းနှင့် လူနေအိမ်ရာ,303/6,303^6,"303/6 Than Thu Mar Road, Supaing Ward, Thingangyun, Yangon","၃၀၃^၆, သံသုမာလမ်း, စုပေါင်းရပ်ကွက်, သင်္ဃန်းကျွန်း",Thingangyun,သင်္ဃန်းကျွန်း,Yangon East,ရန်ကုန်အရှေ့ပိုင်း,Yangon,ရန်ကုန်,11431.0,16.819152,96.199266,,4.4,352,,Yangon,"Name: Sein Shwe Toe (စိန်ရွှေတိုး). Category: Company. House Number: 303/6. Address: ၃၀၃^၆, သံသုမာလမ်း, စုပေါင်းရပ်ကွက်, သင်္ဃန်းကျွန်း. Township: Thingangyun. District: Yangon East"
837,Sein Shwe Tun,စိန်ရွှေထွန်း,Shop,အထွေထွေအမျိုးအစား,,,Thingangyun,Thingangyun,Thingangyun,,Yangon East,ရန်ကုန်အရှေ့ပိုင်း,Yangon,ရန်ကုန်,,16.838304,96.201089,,4.7,121,,Yangon,Name: Sein Shwe Tun (စိန်ရွှေထွန်း). Category: Shop. Address: Thingangyun. Township: Thingangyun. District: Yangon East
1891,Seint,စိမ့်,Restaurant,စားသောက်ဆိုင်,,,Thingangyun,Thingangyun,Thingangyun,,Yangon East,ရန်ကုန်အရှေ့ပိုင်း,Yangon,ရန်ကုန်,,16.845227,96.201454,,4.1,283,,Yangon,Name: Seint (စိမ့်). Category: Restaurant. Address: Thingangyun. Township: Thingangyun. District: Yangon East
281,Seit Chan Thar,စိတ်ချမ်းသာ,Jewelry & Gold,အထွေထွေအမျိုးအစား,917,917,"917 Lay Daung Kan Road, Nga Moe Yeik Ward, Thingangyun, Yangon","၉၁၇, လေးထောင့်ကန်လမ်း, ငမိုးရိပ်ရပ်ကွက်, သင်္ဃန်းကျွန်း",Thingangyun,သင်္ဃန်းကျွန်း,Yangon East,ရန်ကုန်အရှေ့ပိုင်း,Yangon,ရန်ကုန်,11431.0,16.840647,96.202803,,4.1,253,,Yangon,"Name: Seit Chan Thar (စိတ်ချမ်းသာ). Category: Jewelry & Gold. House Number: 917. Address: ၉၁၇, လေးထောင့်ကန်လမ်း, ငမိုးရိပ်ရပ်ကွက်, သင်္ဃန်းကျွန်း. Township: Thingangyun. District: Yangon East"
126,Selection,ဆလက်ရှင်,Photo & Video Services,ပြုပြင်ရေးလုပ်ငန်း,32,32,"32 Lay Daung Kan Road, Bo Kan Nyunt Ward, Thingangyun, Yangon","၃၂, လေးထောင့်ကန်လမ်း, ဗိုလ်ကံညွန့်ရပ်ကွက်, သင်္ဃန်းကျွန်း",Thingangyun,သင်္ဃန်းကျွန်း,Yangon East,ရန်ကုန်အရှေ့ပိုင်း,Yangon,ရန်ကုန်,11431.0,16.832608,96.19505,,4.6,388,,Yangon,"Name: Selection (ဆလက်ရှင်). Category: Photo & Video Services. House Number: 32. Address: ၃၂, လေးထောင့်ကန်လမ်း, ဗိုလ်ကံညွန့်ရပ်ကွက်, သင်္ဃန်းကျွန်း. Township: Thingangyun. District: Yangon East"
1823,Sensation Coffee Roasters,ဆန်ဇေးရှင်းကော်ဖီရော့်စတာစ်,Café/Pub,ဘားနှင့် ဖျော်ဖြေရေး,,,Thingangyun,Thingangyun,Thingangyun,,Yangon East,ရန်ကုန်အရှေ့ပိုင်း,Yangon,ရန်ကုန်,,16.826801,96.190692,,4.3,79,,Yangon,Name: Sensation Coffee Roasters (ဆန်ဇေးရှင်းကော်ဖီရော့်စတာစ်). Category: Café/Pub. Address: Thingangyun. Township: Thingangyun. District: Yangon East
1046,Service King (II),ဆားဗစ်ကင်း(၂),Repair Facility,ပြုပြင်ရေးလုပ်ငန်း,,,Thingangyun,Thingangyun,Thingangyun,,Yangon East,ရန်ကုန်အရှေ့ပိုင်း,Yangon,ရန်ကုန်,,16.841273,96.200477,,4.6,148,,Yangon,Name: Service King (II) (ဆားဗစ်ကင်း(၂)). Category: Repair Facility. Address: Thingangyun. Township: Thingangyun. District: Yangon East
315,Seven 7,ဆဲဗင်း,Store,စျေးနှင့် ကုန်စုံဆိုင်,303/9,303^9,"303/9 Than Thu Mar Road, Supaing Ward, Thingangyun, Yangon","၃၀၃^၉, သံသုမာလမ်း, စုပေါင်းရပ်ကွက်, သင်္ဃန်းကျွန်း",Thingangyun,သင်္ဃန်းကျွန်း,Yangon East,ရန်ကုန်အရှေ့ပိုင်း,Yangon,ရန်ကုန်,11431.0,16.819321,96.199535,,4.5,355,,Yangon,"Name: Seven 7 (ဆဲဗင်း). Category: Store. House Number: 303/9. Address: ၃၀၃^၉, သံသုမာလမ်း, စုပေါင်းရပ်ကွက်, သင်္ဃန်းကျွန်း. Township: Thingangyun. District: Yangon East"
367,Seven Diamond,စိန်ဒိုင်းမွန်း,Construction Material,ဆောက်လုပ်ရေးနှင့် ဟာ့ဒ်ဝဲ,166,166,"166 Than Thu Mar Road, Ward-29 Thuwunna, Thingangyun, Yangon","၁၆၆, သံသုမာလမ်း, သု၀ဏ္ဏ(၂၉)ရပ်ကွက်, သင်္ဃန်းကျွန်း",Thingangyun,သင်္ဃန်းကျွန်း,Yangon East,ရန်ကုန်အရှေ့ပိုင်း,Yangon,ရန်ကုန်,11431.0,16.822389,96.203096,,4.7,511,,Yangon,"Name: Seven Diamond (စိန်ဒိုင်းမွန်း). Category: Construction Material. House Number: 166. Address: ၁၆၆, သံသုမာလမ်း, သု၀ဏ္ဏ(၂၉)ရပ်ကွက်, သင်္ဃန်းကျွန်း. Township: Thingangyun. District: Yangon East"
1437,Seven Eleven,ဆဲဗင်းအလဲဗင်းလ်,Shop,အထွေထွေအမျိုးအစား,,,Thingangyun,Thingangyun,Thingangyun,,Yangon East,ရန်ကုန်အရှေ့ပိုင်း,Yangon,ရန်ကုန်,,16.828637,96.197342,,4.7,121,,Yangon,Name: Seven Eleven (ဆဲဗင်းအလဲဗင်းလ်). Category: Shop. Address: Thingangyun. Township: Thingangyun. District: Yangon East
352,Seven Sun Rays,ဆဲဗင်းဆန်းရေး,Paint Shop,အထွေထွေအမျိုးအစား,2-Jan,43497,"2/1 Than Thu Mar Road, Ward-24 Thuwunna, Thingangyun, Yangon","၄၃၄၉၇, သံသုမာလမ်း, သု၀ဏ္ဏ(၂၄)ရပ်ကွက်, သင်္ဃန်းကျွန်း",Thingangyun,သင်္ဃန်းကျွန်း,Yangon East,ရန်ကုန်အရှေ့ပိုင်း,Yangon,ရန်ကုန်,11431.0,16.817973,96.197967,,4.2,466,,Yangon,"Name: Seven Sun Rays (ဆဲဗင်းဆန်းရေး). Category: Paint Shop. House Number: 2-Jan. Address: ၄၃၄၉၇, သံသုမာလမ်း, သု၀ဏ္ဏ(၂၄)ရပ်ကွက်, သင်္ဃန်းကျွန်း. Township: Thingangyun. District: Yangon East"
683,Shake,ရှိတ်ရှ်,Restaurant,စားသောက်ဆိုင်,,,Thingangyun,Thingangyun,Thingangyun,,Yangon East,ရန်ကုန်အရှေ့ပိုင်း,Yangon,ရန်ကုန်,,16.825676,96.207072,,4.3,259,,Yangon,Name: Shake (ရှိတ်ရှ်). Category: Restaurant. Address: Thingangyun. Township: Thingangyun. District: Yangon East
1087,Shal Rozi,ရှယ်ရိုဇီ,Restaurant,စားသောက်ဆိုင်,,,Thingangyun,Thingangyun,Thingangyun,,Yangon East,ရန်ကုန်အရှေ့ပိုင်း,Yangon,ရန်ကုန်,,16.82927,96.198506,,4.7,271,,Yangon,Name: Shal Rozi (ရှယ်ရိုဇီ). Category: Restaurant. Address: Thingangyun. Township: Thingangyun. District: Yangon East
1892,Shan Cherry,ရှမ်းချယ်ရီ,Restaurant,စားသောက်ဆိုင်,,,Thingangyun,Thingangyun,Thingangyun,,Yangon East,ရန်ကုန်အရှေ့ပိုင်း,Yangon,ရန်ကုန်,,16.835054,96.18699,,4.2,286,,Yangon,Name: Shan Cherry (ရှမ်းချယ်ရီ). Category: Restaurant. Address: Thingangyun. Township: Thingangyun. District: Yangon East
684,Shan Lay,ရှမ်းလေး,Restaurant,စားသောက်ဆိုင်,,,Thingangyun,Thingangyun,Thingangyun,,Yangon East,ရန်ကုန်အရှေ့ပိုင်း,Yangon,ရန်ကုန်,,16.82418,96.20682,,4.4,262,,Yangon,Name: Shan Lay (ရှမ်းလေး). Category: Restaurant. Address: Thingangyun. Township: Thingangyun. District: Yangon East
1368,Shin Thant Hmwe,ရှင်းသန့်မွှေး,Shop,အထွေထွေအမျိုးအစား,,,Thingangyun,Thingangyun,Thingangyun,,Yangon East,ရန်ကုန်အရှေ့ပိုင်း,Yangon,ရန်ကုန်,,16.841954,96.200578,,4.8,514,,Yangon,Name: Shin Thant Hmwe (ရှင်းသန့်မွှေး). Category: Shop. Address: Thingangyun. Township: Thingangyun. District: Yangon East
1369,Shin Thant Phyu,သျှင်းသန့်ဖြူ,Shop,အထွေထွေအမျိုးအစား,,,Thingangyun,Thingangyun,Thingangyun,,Yangon East,ရန်ကုန်အရှေ့ပိုင်း,Yangon,ရန်ကုန်,,16.834406,96.19921,,4.9,517,,Yangon,Name: Shin Thant Phyu (သျှင်းသန့်ဖြူ). Category: Shop. Address: Thingangyun. Township: Thingangyun. District: Yangon East
1324,Shine,ရှုိင်း,Shop,အထွေထွေအမျိုးအစား,,,Thingangyun,Thingangyun,Thingangyun,,Yangon East,ရန်ကုန်အရှေ့ပိုင်း,Yangon,ရန်ကုန်,,16.836436,96.206986,,4.4,382,,Yangon,Name: Shine (ရှုိင်း). Category: Shop. Address: Thingangyun. Township: Thingangyun. District: Yangon East
1601,Shine,ရှုိင်း,Shop,အထွေထွေအမျိုးအစား,,,Thingangyun,Thingangyun,Thingangyun,,Yangon East,ရန်ကုန်အရှေ့ပိုင်း,Yangon,ရန်ကုန်,,16.833936,96.178891,,4.1,13,,Yangon,Name: Shine (ရှုိင်း). Category: Shop. Address: Thingangyun. Township: Thingangyun. District: Yangon East
1738,Shine Moe Kaung,ရှုိင်းမိုးကောင်း,Shop,အထွေထွေအမျိုးအစား,,,Thingangyun,Thingangyun,Thingangyun,,Yangon East,ရန်ကုန်အရှေ့ပိုင်း,Yangon,ရန်ကုန်,,16.840132,96.204378,,4.8,424,,Yangon,Name: Shine Moe Kaung (ရှုိင်းမိုးကောင်း). Category: Shop. Address: Thingangyun. Township: Thingangyun. District: Yangon East
219,Shinhan (Thingangyun Branch),ရှင်ဟန် (သင်္ကန်းကျွန်း),Microfinance,ဘဏ်နှင့် ငွေကြေးဝန်ဆောင်မှု,15,15,"15 Yadanar Road, Bawa Myint Ward, Thingangyun, Yangon","၁၅, ရတနာလမ်း, ဘ၀မြင့်ရပ်ကွက်, သင်္ဃန်းကျွန်း",Thingangyun,သင်္ဃန်းကျွန်း,Yangon East,ရန်ကုန်အရှေ့ပိုင်း,Yangon,ရန်ကုန်,11431.0,16.835906,96.198605,,4.9,67,,Yangon,"Name: Shinhan (Thingangyun Branch) (ရှင်ဟန် (သင်္ကန်းကျွန်း)). Category: Microfinance. House Number: 15. Address: ၁၅, ရတနာလမ်း, ဘ၀မြင့်ရပ်ကွက်, သင်္ဃန်းကျွန်း. Township: Thingangyun. District: Yangon East"
639,Shwe,ရွှေ,Pharmacy,ဆေးဆိုင်,,,Thingangyun,Thingangyun,Thingangyun,,Yangon East,ရန်ကုန်အရှေ့ပိုင်း,Yangon,ရန်ကုန်,,16.837419,96.200188,,4.9,127,,Yangon,Name: Shwe (ရွှေ). Category: Pharmacy. Address: Thingangyun. Township: Thingangyun. District: Yangon East
1438,Shwe,ရွှေ,Shop,အထွေထွေအမျိုးအစား,,,Thingangyun,Thingangyun,Thingangyun,,Yangon East,ရန်ကုန်အရှေ့ပိုင်း,Yangon,ရန်ကုန်,,16.82908,96.206854,,4.8,124,,Yangon,Name: Shwe (ရွှေ). Category: Shop. Address: Thingangyun. Township: Thingangyun. District: Yangon East
1739,Shwe,ရွှေ,Shop,အထွေထွေအမျိုးအစား,,,Thingangyun,Thingangyun,Thingangyun,,Yangon East,ရန်ကုန်အရှေ့ပိုင်း,Yangon,ရန်ကုန်,,16.829076,96.20689,,4.9,427,,Yangon,Name: Shwe (ရွှေ). Category: Shop. Address: Thingangyun. Township: Thingangyun. District: Yangon East
220,Shwe,ရွှေ,Pharmacy,ဆေးဆိုင်,79,79,"79 Lay Daung Kan Road, Lay Daunkan Ward, Thingangyun, Yangon","၇၉, လေးထောင့်ကန်လမ်း, လေးဒေါင့်ကန်ရပ်ကွက်, သင်္ဃန်းကျွန်း",Thingangyun,သင်္ဃန်းကျွန်း,Yangon East,ရန်ကုန်အရှေ့ပိုင်း,Yangon,ရန်ကုန်,11431.0,16.837392,96.199999,,4,70,,Yangon,"Name: Shwe (ရွှေ). Category: Pharmacy. House Number: 79. Address: ၇၉, လေးထောင့်ကန်လမ်း, လေးဒေါင့်ကန်ရပ်ကွက်, သင်္ဃန်းကျွန်း. Township: Thingangyun. District: Yangon East"
948,Shwe Aoe,ရွှေအိုး,Café/Pub,ဘားနှင့် ဖျော်ဖြေရေး,,,Thingangyun,Thingangyun,Thingangyun,,Yangon East,ရန်ကုန်အရှေ့ပိုင်း,Yangon,ရန်ကုန်,,16.843117,96.202897,,4.8,454,,Yangon,Name: Shwe Aoe (ရွှေအိုး). Category: Café/Pub. Address: Thingangyun. Township: Thingangyun. District: Yangon East
816,Shwe Aoe,ရွှေအိုး,Shop,အထွေထွေအမျိုးအစား,,,Thingangyun,Thingangyun,Thingangyun,,Yangon East,ရန်ကုန်အရှေ့ပိုင်း,Yangon,ရန်ကုန်,,16.840401,96.203294,,4.6,58,,Yangon,Name: Shwe Aoe (ရွှေအိုး). Category: Shop. Address: Thingangyun. Township: Thingangyun. District: Yangon East
519,Shwe Aue Gyi,Shwe Aue Gyi,Restaurant,စားသောက်ဆိုင်,,,"Gagyi Ward (TGGN), Thingangyun","Gagyi Ward (TGGN), Thingangyun",Thingangyun,,Yangon East,ရန်ကုန်အရှေ့ပိုင်း,Yangon,ရန်ကုန်,,16.8298,96.2081,,4.9,367,,Yangon,"Name: Shwe Aue Gyi. Category: Restaurant. Address: Gagyi Ward (TGGN), Thingangyun. Township: Thingangyun. District: Yangon East"
1439,Shwe Ba Ho,ရွှေဗဟိုရ်,Shop,အထွေထွေအမျိုးအစား,,,Thingangyun,Thingangyun,Thingangyun,,Yangon East,ရန်ကုန်အရှေ့ပိုင်း,Yangon,ရန်ကုန်,,16.84376,96.201793,,4.9,127,,Yangon,Name: Shwe Ba Ho (ရွှေဗဟိုရ်). Category: Shop. Address: Thingangyun. Township: Thingangyun. District: Yangon East
1655,Shwe Baho,ရွှေဗဟိုရ်,Shop,အထွေထွေအမျိုးအစား,,,Thingangyun,Thingangyun,Thingangyun,,Yangon East,ရန်ကုန်အရှေ့ပိုင်း,Yangon,ရန်ကုန်,,16.84376,96.201793,,4.5,175,,Yangon,Name: Shwe Baho (ရွှေဗဟိုရ်). Category: Shop. Address: Thingangyun. Township: Thingangyun. District: Yangon East
221,Shwe Bhone,ရွှေဘုန်း,General Car Repair & Service,ပြုပြင်ရေးလုပ်ငန်း,2,2,"2 Lay Daung Kan Road, Lay Daunkan Ward, Thingangyun, Yangon","၂, လေးထောင့်ကန်လမ်း, လေးဒေါင့်ကန်ရပ်ကွက်, သင်္ဃန်းကျွန်း",Thingangyun,သင်္ဃန်းကျွန်း,Yangon East,ရန်ကုန်အရှေ့ပိုင်း,Yangon,ရန်ကုန်,11431.0,16.836161,96.198811,,4.1,73,,Yangon,"Name: Shwe Bhone (ရွှေဘုန်း). Category: General Car Repair & Service. House Number: 2. Address: ၂, လေးထောင့်ကန်လမ်း, လေးဒေါင့်ကန်ရပ်ကွက်, သင်္ဃန်းကျွန်း. Township: Thingangyun. District: Yangon East"
222,Shwe Daung Wan,ရွှေဒေါ်င်းယဉ်,Jewelry & Gold,အထွေထွေအမျိုးအစား,1,1,"1 Lay Daung Kan Road, Lay Daunkan Ward, Thingangyun, Yangon","၁, လေးထောင့်ကန်လမ်း, လေးဒေါင့်ကန်ရပ်ကွက်, သင်္ဃန်းကျွန်း",Thingangyun,သင်္ဃန်းကျွန်း,Yangon East,ရန်ကုန်အရှေ့ပိုင်း,Yangon,ရန်ကုန်,11431.0,16.841753,96.204532,,4.2,76,,Yangon,"Name: Shwe Daung Wan (ရွှေဒေါ်င်းယဉ်). Category: Jewelry & Gold. House Number: 1. Address: ၁, လေးထောင့်ကန်လမ်း, လေးဒေါင့်ကန်ရပ်ကွက်, သင်္ဃန်းကျွန်း. Township: Thingangyun. District: Yangon East"
2028,Shwe Eain,ရွှေအိမ်,Café/Pub,ဘားနှင့် ဖျော်ဖြေရေး,,,Thingangyun,Thingangyun,Thingangyun,,Yangon East,ရန်ကုန်အရှေ့ပိုင်း,Yangon,ရန်ကုန်,,16.845403,96.201336,,4.8,94,,Yangon,Name: Shwe Eain (ရွှေအိမ်). Category: Café/Pub. Address: Thingangyun. Township: Thingangyun. District: Yangon East
520,Shwe Gabar,Shwe Gabar,Store,စျေးနှင့် ကုန်စုံဆိုင်,,,"Kyi Pwar Yae Ward (TGGN), Thingangyun","Kyi Pwar Yae Ward (TGGN), Thingangyun",Thingangyun,,Yangon East,ရန်ကုန်အရှေ့ပိုင်း,Yangon,ရန်ကုန်,,16.8374,96.2077,,4,370,,Yangon,"Name: Shwe Gabar. Category: Store. Address: Kyi Pwar Yae Ward (TGGN), Thingangyun. Township: Thingangyun. District: Yangon East"
139,Shwe Gabar,ရွှေကမ်ဘာ,Painting Shop,အထွေထွေအမျိုးအစား,237,237,"237 Than Thu Mar Road, Kyi Pwar Yae Ward, Thingangyun, Yangon","၂၃၇, သံသုမာလမ်း, ကြီးပွားရေးရပ်ကွက်, သင်္ဃန်းကျွန်း",Thingangyun,သင်္ဃန်းကျွန်း,Yangon East,ရန်ကုန်အရှေ့ပိုင်း,Yangon,ရန်ကုန်,11431.0,16.837134,96.207406,,4.9,427,,Yangon,"Name: Shwe Gabar (ရွှေကမ်ဘာ). Category: Painting Shop. House Number: 237. Address: ၂၃၇, သံသုမာလမ်း, ကြီးပွားရေးရပ်ကွက်, သင်္ဃန်းကျွန်း. Township: Thingangyun. District: Yangon East"
316,Shwe Hein,ရွှေဟိန်း,Car Spa,မော်တော်ယာဉ် ဆေးကြောရေး,5,5,"5 Than Thu Mar Road, Supaing Ward, Thingangyun, Yangon","၅, သံသုမာလမ်း, စုပေါင်းရပ်ကွက်, သင်္ဃန်းကျွန်း",Thingangyun,သင်္ဃန်းကျွန်း,Yangon East,ရန်ကုန်အရှေ့ပိုင်း,Yangon,ရန်ကုန်,11431.0,16.818323,96.19776,,4.6,358,,Yangon,"Name: Shwe Hein (ရွှေဟိန်း). Category: Car Spa. House Number: 5. Address: ၅, သံသုမာလမ်း, စုပေါင်းရပ်ကွက်, သင်္ဃန်းကျွန်း. Township: Thingangyun. District: Yangon East"
1134,Shwe Hin Thar Tawya Yangon Kyaung Tike,ရွှေဟင်္သာတောရရန်ကုန်ကျောင်းတိုက်,Place of Worship,ဘာသာရေးနေရာ,,,Thingangyun,Thingangyun,Thingangyun,,Yangon East,ရန်ကုန်အရှေ့ပိုင်း,Yangon,ရန်ကုန်,,16.831022,96.206919,,4.4,412,,Yangon,Name: Shwe Hin Thar Tawya Yangon Kyaung Tike (ရွှေဟင်္သာတောရရန်ကုန်ကျောင်းတိုက်). Category: Place of Worship. Address: Thingangyun. Township: Thingangyun. District: Yangon East
1558,Shwe Hinthar,ရွှေဟင်္သာ,Shop,အထွေထွေအမျိုးအစား,,,Thingangyun,Thingangyun,Thingangyun,,Yangon East,ရန်ကုန်အရှေ့ပိုင်း,Yangon,ရန်ကုန်,,16.832496,96.181801,,4.8,484,,Yangon,Name: Shwe Hinthar (ရွှေဟင်္သာ). Category: Shop. Address: Thingangyun. Township: Thingangyun. District: Yangon East
838,Shwe Hlyan (3),ရွှေလျန် (၃),Shop,အထွေထွေအမျိုးအစား,,,Thingangyun,Thingangyun,Thingangyun,,Yangon East,ရန်ကုန်အရှေ့ပိုင်း,Yangon,ရန်ကုန်,,16.843983,96.202014,,4.8,124,,Yangon,Name: Shwe Hlyan (3) (ရွှေလျန် (၃)). Category: Shop. Address: Thingangyun. Township: Thingangyun. District: Yangon East
282,Shwe Hnat Taw,ရွှေငှက်တော်,Aluminium & Composit,ဆောက်လုပ်ရေးနှင့် ဟာ့ဒ်ဝဲ,880,880,"880 Lay Daung Kan Road, Nga Moe Yeik Ward, Thingangyun, Yangon","၈၈၀, လေးထောင့်ကန်လမ်း, ငမိုးရိပ်ရပ်ကွက်, သင်္ဃန်းကျွန်း",Thingangyun,သင်္ဃန်းကျွန်း,Yangon East,ရန်ကုန်အရှေ့ပိုင်း,Yangon,ရန်ကုန်,11431.0,16.838634,96.20071,,4.2,256,,Yangon,"Name: Shwe Hnat Taw (ရွှေငှက်တော်). Category: Aluminium & Composit. House Number: 880. Address: ၈၈၀, လေးထောင့်ကန်လမ်း, ငမိုးရိပ်ရပ်ကွက်, သင်္ဃန်းကျွန်း. Township: Thingangyun. District: Yangon East"
768,Shwe Hngat Taw,ရွှေငှက်တော်,Shop,အထွေထွေအမျိုးအစား,,,Thingangyun,Thingangyun,Thingangyun,,Yangon East,ရန်ကုန်အရှေ့ပိုင်း,Yangon,ရန်ကုန်,,16.838686,96.200794,,4.8,514,,Yangon,Name: Shwe Hngat Taw (ရွှေငှက်တော်). Category: Shop. Address: Thingangyun. Township: Thingangyun. District: Yangon East
949,Shwe Hnin Si,ရွှေနှင်းဆီ,Café/Pub,ဘားနှင့် ဖျော်ဖြေရေး,,,Thingangyun,Thingangyun,Thingangyun,,Yangon East,ရန်ကုန်အရှေ့ပိုင်း,Yangon,ရန်ကုန်,,16.824252,96.206478,,4.9,457,,Yangon,Name: Shwe Hnin Si (ရွှေနှင်းဆီ). Category: Café/Pub. Address: Thingangyun. Township: Thingangyun. District: Yangon East
521,Shwe Ingin,Shwe Ingin,Residence,ရုံးခန်းနှင့် လူနေအိမ်ရာ,,,"Aung Su Pan Ward (TGGN), Thingangyun","Aung Su Pan Ward (TGGN), Thingangyun",Thingangyun,,Yangon East,ရန်ကုန်အရှေ့ပိုင်း,Yangon,ရန်ကုန်,,16.8147,96.1905,,4.1,373,,Yangon,"Name: Shwe Ingin. Category: Residence. Address: Aung Su Pan Ward (TGGN), Thingangyun. Township: Thingangyun. District: Yangon East"
397,Shwe Ingyin,ရွှေအင်ကြင်း,Construction Material,ဆောက်လုပ်ရေးနှင့် ဟာ့ဒ်ဝဲ,9,9,"9 Than Thu Mar Road, Ward-29 Thuwunna, Thingangyun, Yangon","၉, သံသုမာလမ်း, သု၀ဏ္ဏ(၂၉)ရပ်ကွက်, သင်္ဃန်းကျွန်း",Thingangyun,သင်္ဃန်းကျွန်း,Yangon East,ရန်ကုန်အရှေ့ပိုင်း,Yangon,ရန်ကုန်,11431.0,16.819329,96.200217,,4.7,601,,Yangon,"Name: Shwe Ingyin (ရွှေအင်ကြင်း). Category: Construction Material. House Number: 9. Address: ၉, သံသုမာလမ်း, သု၀ဏ္ဏ(၂၉)ရပ်ကွက်, သင်္ဃန်းကျွန်း. Township: Thingangyun. District: Yangon East"
1047,Shwe Inn Paung,ရွှေအင်းပေါင်း,Repair Facility,ပြုပြင်ရေးလုပ်ငန်း,,,Thingangyun,Thingangyun,Thingangyun,,Yangon East,ရန်ကုန်အရှေ့ပိုင်း,Yangon,ရန်ကုန်,,16.839272,96.201127,,4.7,151,,Yangon,Name: Shwe Inn Paung (ရွှေအင်းပေါင်း). Category: Repair Facility. Address: Thingangyun. Township: Thingangyun. District: Yangon East
1358,Shwe Kabar,ရွှေကမ္ဘာ,Shop,အထွေထွေအမျိုးအစား,,,Thingangyun,Thingangyun,Thingangyun,,Yangon East,ရန်ကုန်အရှေ့ပိုင်း,Yangon,ရန်ကုန်,,16.837188,96.207343,,4.8,484,,Yangon,Name: Shwe Kabar (ရွှေကမ္ဘာ). Category: Shop. Address: Thingangyun. Township: Thingangyun. District: Yangon East
522,Shwe Kain Da Yi Housing,Shwe Kain Da Yi Housing,Residence,ရုံးခန်းနှင့် လူနေအိမ်ရာ,,,"Lay Daung Kan Rd.,Sa Kha Ward (TGGN),Thingangyun","Lay Daung Kan Rd.,Sa Kha Ward (TGGN),Thingangyun",Thingangyun,,Yangon East,ရန်ကုန်အရှေ့ပိုင်း,Yangon,ရန်ကုန်,,16.8369,96.1964,,4.2,376,,Yangon,"Name: Shwe Kain Da Yi Housing. Category: Residence. Address: Lay Daung Kan Rd.,Sa Kha Ward (TGGN),Thingangyun. Township: Thingangyun. District: Yangon East"
645,Shwe Kainaree,ရွှေကိန္နရီ,Residential Accommodation,အထွေထွေအမျိုးအစား,,,Thingangyun,Thingangyun,Thingangyun,,Yangon East,ရန်ကုန်အရှေ့ပိုင်း,Yangon,ရန်ကုန်,,16.837263,96.200045,,4.5,145,,Yangon,Name: Shwe Kainaree (ရွှေကိန္နရီ). Category: Residential Accommodation. Address: Thingangyun. Township: Thingangyun. District: Yangon East
2021,Shwe Kan Paw,ရွှေကံပေါ်,Café/Pub,ဘားနှင့် ဖျော်ဖြေရေး,,,Thingangyun,Thingangyun,Thingangyun,,Yangon East,ရန်ကုန်အရှေ့ပိုင်း,Yangon,ရန်ကုန်,,16.840523,96.195171,,4.1,73,,Yangon,Name: Shwe Kan Paw (ရွှေကံပေါ်). Category: Café/Pub. Address: Thingangyun. Township: Thingangyun. District: Yangon East
223,Shwe Kant Kaw,ရွှေကံ့ကော်,Electronic Shop,လျှပ်စစ်ပစ္စည်းဆိုင်,3,3,"3 Lay Daung Kan Road, Lay Daunkan Ward, Thingangyun, Yangon","၃, လေးထောင့်ကန်လမ်း, လေးဒေါင့်ကန်ရပ်ကွက်, သင်္ဃန်းကျွန်း",Thingangyun,သင်္ဃန်းကျွန်း,Yangon East,ရန်ကုန်အရှေ့ပိုင်း,Yangon,ရန်ကုန်,11431.0,16.841535,96.204312,,4.3,79,,Yangon,"Name: Shwe Kant Kaw (ရွှေကံ့ကော်). Category: Electronic Shop. House Number: 3. Address: ၃, လေးထောင့်ကန်လမ်း, လေးဒေါင့်ကန်ရပ်ကွက်, သင်္ဃန်းကျွန်း. Township: Thingangyun. District: Yangon East"
950,Shwe Kant Kaw,ရွှေကံ့ကော်,Café/Pub,ဘားနှင့် ဖျော်ဖြေရေး,,,Thingangyun,Thingangyun,Thingangyun,,Yangon East,ရန်ကုန်အရှေ့ပိုင်း,Yangon,ရန်ကုန်,,16.819368,96.198392,,4,460,,Yangon,Name: Shwe Kant Kaw (ရွှေကံ့ကော်). Category: Café/Pub. Address: Thingangyun. Township: Thingangyun. District: Yangon East
804,Shwe Kant Kaw,ရွှေကံ့ကော်,Shop,အထွေထွေအမျိုးအစား,,,Thingangyun,Thingangyun,Thingangyun,,Yangon East,ရန်ကုန်အရှေ့ပိုင်း,Yangon,ရန်ကုန်,,16.841831,96.204798,,4.4,22,,Yangon,Name: Shwe Kant Kaw (ရွှေကံ့ကော်). Category: Shop. Address: Thingangyun. Township: Thingangyun. District: Yangon East
2022,Shwe Kaung Kywel,ရွှေကောင်းကြွယ်,Café/Pub,ဘားနှင့် ဖျော်ဖြေရေး,,,Thingangyun,Thingangyun,Thingangyun,,Yangon East,ရန်ကုန်အရှေ့ပိုင်း,Yangon,ရန်ကုန်,,16.83266,96.194669,,4.2,76,,Yangon,Name: Shwe Kaung Kywel (ရွှေကောင်းကြွယ်). Category: Café/Pub. Address: Thingangyun. Township: Thingangyun. District: Yangon East
140,Shwe Kaung Kywel,ရွှေကောင်းကြွယ်,Restaurant (Tea Shop),ကဖေးနှင့် လက်ဖက်ရည်ဆိုင်,241,241,"241 Than Thu Mar Road, Kyi Pwar Yae Ward, Thingangyun, Yangon","၂၄၁, သံသုမာလမ်း, ကြီးပွားရေးရပ်ကွက်, သင်္ဃန်းကျွန်း",Thingangyun,သင်္ဃန်းကျွန်း,Yangon East,ရန်ကုန်အရှေ့ပိုင်း,Yangon,ရန်ကုန်,11431.0,16.836751,96.207415,,4,430,,Yangon,"Name: Shwe Kaung Kywel (ရွှေကောင်းကြွယ်). Category: Restaurant (Tea Shop). House Number: 241. Address: ၂၄၁, သံသုမာလမ်း, ကြီးပွားရေးရပ်ကွက်, သင်္ဃန်းကျွန်း. Township: Thingangyun. District: Yangon East"
83,Shwe Kaung Kywel,ရွှေကောင်းကြွယ်,Café,ကဖေးနှင့် လက်ဖက်ရည်ဆိုင်,100,100,"100 Lay Daung Kan Road, (Sa Ka)Ward, Thingangyun, Yangon","၁၀၀, လေးထောင့်ကန်လမ်း, (ဆ^က)ရပ်ကွက်, သင်္ဃန်းကျွန်း",Thingangyun,သင်္ဃန်းကျွန်း,Yangon East,ရန်ကုန်အရှေ့ပိုင်း,Yangon,ရန်ကုန်,11431.0,16.832669,96.194672,,4.3,259,,Yangon,"Name: Shwe Kaung Kywel (ရွှေကောင်းကြွယ်). Category: Café. House Number: 100. Address: ၁၀၀, လေးထောင့်ကန်လမ်း, (ဆ^က)ရပ်ကွက်, သင်္ဃန်းကျွန်း. Township: Thingangyun. District: Yangon East"
1816,Shwe Kaung Kywel,ရွှေကောင်းကြယ်,Café/Pub,ဘားနှင့် ဖျော်ဖြေရေး,,,Thingangyun,Thingangyun,Thingangyun,,Yangon East,ရန်ကုန်အရှေ့ပိုင်း,Yangon,ရန်ကုန်,,16.836768,96.207364,,4.6,58,,Yangon,Name: Shwe Kaung Kywel (ရွှေကောင်းကြယ်). Category: Café/Pub. Address: Thingangyun. Township: Thingangyun. District: Yangon East
523,Shwe Kaung Kywel Tea Shop,Shwe Kaung Kywel Tea Shop,Cafe,ကဖေးနှင့် လက်ဖက်ရည်ဆိုင်,,,"Kyi Pwar Yae Ward (TGGN), Thingangyun","Kyi Pwar Yae Ward (TGGN), Thingangyun",Thingangyun,,Yangon East,ရန်ကုန်အရှေ့ပိုင်း,Yangon,ရန်ကုန်,,16.837,96.2076,,4.3,379,,Yangon,"Name: Shwe Kaung Kywel Tea Shop. Category: Cafe. Address: Kyi Pwar Yae Ward (TGGN), Thingangyun. Township: Thingangyun. District: Yangon East"
1834,Shwe Kokko,ရွှေကုက္ကိုလ်,Pharmacy,ဆေးဆိုင်,,,Thingangyun,Thingangyun,Thingangyun,,Yangon East,ရန်ကုန်အရှေ့ပိုင်း,Yangon,ရန်ကုန်,,16.837247,96.199408,,4.4,112,,Yangon,Name: Shwe Kokko (ရွှေကုက္ကိုလ်). Category: Pharmacy. Address: Thingangyun. Township: Thingangyun. District: Yangon East
1440,Shwe Kyal,ရွှေကြယ်,Shop,အထွေထွေအမျိုးအစား,,,Thingangyun,Thingangyun,Thingangyun,,Yangon East,ရန်ကုန်အရှေ့ပိုင်း,Yangon,ရန်ကုန်,,16.840834,96.200587,,4,130,,Yangon,Name: Shwe Kyal (ရွှေကြယ်). Category: Shop. Address: Thingangyun. Township: Thingangyun. District: Yangon East
951,Shwe Kyar,ရွှေကျား,Café/Pub,ဘားနှင့် ဖျော်ဖြေရေး,,,Thingangyun,Thingangyun,Thingangyun,,Yangon East,ရန်ကုန်အရှေ့ပိုင်း,Yangon,ရန်ကုန်,,16.82757,96.20925,,4.1,463,,Yangon,Name: Shwe Kyar (ရွှေကျား). Category: Café/Pub. Address: Thingangyun. Township: Thingangyun. District: Yangon East
1121,Shwe Kyi,ရွှေကျီး,Hospital/Polyclinic,ဆေးရုံနှင့် ဆေးခန်း,,,Thingangyun,Thingangyun,Thingangyun,,Yangon East,ရန်ကုန်အရှေ့ပိုင်း,Yangon,ရန်ကုန်,,16.82912,96.1825,,4.1,373,,Yangon,Name: Shwe Kyi (ရွှေကျီး). Category: Hospital/Polyclinic. Address: Thingangyun. Township: Thingangyun. District: Yangon East
1841,Shwe La Min,ရွှေလမင်း,Repair Facility,ပြုပြင်ရေးလုပ်ငန်း,,,Thingangyun,Thingangyun,Thingangyun,,Yangon East,ရန်ကုန်အရှေ့ပိုင်း,Yangon,ရန်ကုန်,,16.837833,96.188606,,4.1,133,,Yangon,Name: Shwe La Min (ရွှေလမင်း). Category: Repair Facility. Address: Thingangyun. Township: Thingangyun. District: Yangon East
1172,Shwe La Won,ရွှေလ၀န်း,Car Wash,မော်တော်ယာဉ် ဆေးကြောရေး,,,Thingangyun,Thingangyun,Thingangyun,,Yangon East,ရန်ကုန်အရှေ့ပိုင်း,Yangon,ရန်ကုန်,,16.832638,96.203406,,4.2,526,,Yangon,Name: Shwe La Won (ရွှေလ၀န်း). Category: Car Wash. Address: Thingangyun. Township: Thingangyun. District: Yangon East
1958,Shwe La Yaung,ရွှေလရောင်,Shop,အထွေထွေအမျိုးအစား,,,Thingangyun,Thingangyun,Thingangyun,,Yangon East,ရန်ကုန်အရှေ့ပိုင်း,Yangon,ရန်ကုန်,,16.836365,96.199083,,4.8,484,,Yangon,Name: Shwe La Yaung (ရွှေလရောင်). Category: Shop. Address: Thingangyun. Township: Thingangyun. District: Yangon East
224,Shwe La Yaung,ရွှေလရောင်,"Aluminium,Glass & Steel",ဆောက်လုပ်ရေးနှင့် ဟာ့ဒ်ဝဲ,1,1,"1 Lay Daung Kan Road, Lay Daunkan Ward, Thingangyun, Yangon","၁, လေးထောင့်ကန်လမ်း, လေးဒေါင့်ကန်ရပ်ကွက်, သင်္ဃန်းကျွန်း",Thingangyun,သင်္ဃန်းကျွန်း,Yangon East,ရန်ကုန်အရှေ့ပိုင်း,Yangon,ရန်ကုန်,11431.0,16.836394,96.199029,,4.4,82,,Yangon,"Name: Shwe La Yaung (ရွှေလရောင်). Category: Aluminium,Glass & Steel. House Number: 1. Address: ၁, လေးထောင့်ကန်လမ်း, လေးဒေါင့်ကန်ရပ်ကွက်, သင်္ဃန်းကျွန်း. Township: Thingangyun. District: Yangon East"
703,Shwe Lat Yar,ရွှေလက်ရာ,Restaurant,စားသောက်ဆိုင်,,,Thingangyun,Thingangyun,Thingangyun,,Yangon East,ရန်ကုန်အရှေ့ပိုင်း,Yangon,ရန်ကုန်,,16.815745,96.193388,,4.3,319,,Yangon,Name: Shwe Lat Yar (ရွှေလက်ရာ). Category: Restaurant. Address: Thingangyun. Township: Thingangyun. District: Yangon East
1325,Shwe Latyar,ရွှေလက်ရာ,Shop,အထွေထွေအမျိုးအစား,,,Thingangyun,Thingangyun,Thingangyun,,Yangon East,ရန်ကုန်အရှေ့ပိုင်း,Yangon,ရန်ကုန်,,16.828837,96.197352,,4.5,385,,Yangon,Name: Shwe Latyar (ရွှေလက်ရာ). Category: Shop. Address: Thingangyun. Township: Thingangyun. District: Yangon East
1290,Shwe Lin Yaung,ရွှေလင်းရောင်,Shop,အထွေထွေအမျိုးအစား,,,Thingangyun,Thingangyun,Thingangyun,,Yangon East,ရန်ကုန်အရှေ့ပိုင်း,Yangon,ရန်ကုန်,,16.829381,96.197925,,4,280,,Yangon,Name: Shwe Lin Yaung (ရွှေလင်းရောင်). Category: Shop. Address: Thingangyun. Township: Thingangyun. District: Yangon East
748,Shwe Mahar,ရွှေမဟာ,Company,ရုံးခန်းနှင့် လူနေအိမ်ရာ,,,Thingangyun,Thingangyun,Thingangyun,,Yangon East,ရန်ကုန်အရှေ့ပိုင်း,Yangon,ရန်ကုန်,,16.826661,96.207336,,4.8,454,,Yangon,Name: Shwe Mahar (ရွှေမဟာ). Category: Company. Address: Thingangyun. Township: Thingangyun. District: Yangon East
1929,Shwe Mate Thar,ရွှေမြိတ်သား,Company,ရုံးခန်းနှင့် လူနေအိမ်ရာ,,,Thingangyun,Thingangyun,Thingangyun,,Yangon East,ရန်ကုန်အရှေ့ပိုင်း,Yangon,ရန်ကုန်,,16.84565,96.200851,,4.9,397,,Yangon,Name: Shwe Mate Thar (ရွှေမြိတ်သား). Category: Company. Address: Thingangyun. Township: Thingangyun. District: Yangon East
1156,Shwe Mi,ရွှေမိ,School,ကျောင်းနှင့် တက္ကသိုလ်,,,Thingangyun,Thingangyun,Thingangyun,,Yangon East,ရန်ကုန်အရှေ့ပိုင်း,Yangon,ရန်ကုန်,,16.829127,96.203474,,4.6,478,,Yangon,Name: Shwe Mi (ရွှေမိ). Category: School. Address: Thingangyun. Township: Thingangyun. District: Yangon East
1695,Shwe Mi,ရွှေမိ,Shop,အထွေထွေအမျိုးအစား,,,Thingangyun,Thingangyun,Thingangyun,,Yangon East,ရန်ကုန်အရှေ့ပိုင်း,Yangon,ရန်ကုန်,,16.829151,96.203451,,4.5,295,,Yangon,Name: Shwe Mi (ရွှေမိ). Category: Shop. Address: Thingangyun. Township: Thingangyun. District: Yangon East
1224,Shwe Mi Khin,ရွှေမိခင်,Shop,အထွေထွေအမျိုးအစား,,,Thingangyun,Thingangyun,Thingangyun,,Yangon East,ရန်ကုန်အရှေ့ပိုင်း,Yangon,ရန်ကုန်,,16.840832,96.202654,,4.4,82,,Yangon,Name: Shwe Mi Khin (ရွှေမိခင်). Category: Shop. Address: Thingangyun. Township: Thingangyun. District: Yangon East
1817,Shwe Mi Thar Su,ရွှေမိသားစု,Café/Pub,ဘားနှင့် ဖျော်ဖြေရေး,,,Thingangyun,Thingangyun,Thingangyun,,Yangon East,ရန်ကုန်အရှေ့ပိုင်း,Yangon,ရန်ကုန်,,16.827517,96.177361,,4.7,61,,Yangon,Name: Shwe Mi Thar Su (ရွှေမိသားစု). Category: Café/Pub. Address: Thingangyun. Township: Thingangyun. District: Yangon East
353,Shwe Mya,ရွှေမြ,Store,စျေးနှင့် ကုန်စုံဆိုင်,3-Mar,43527,"3/3 Than Thu Mar Road, Ward-24 Thuwunna, Thingangyun, Yangon","၄၃၅၂၇, သံသုမာလမ်း, သု၀ဏ္ဏ(၂၄)ရပ်ကွက်, သင်္ဃန်းကျွန်း",Thingangyun,သင်္ဃန်းကျွန်း,Yangon East,ရန်ကုန်အရှေ့ပိုင်း,Yangon,ရန်ကုန်,11431.0,16.815098,96.191685,,4.3,469,,Yangon,"Name: Shwe Mya (ရွှေမြ). Category: Store. House Number: 3-Mar. Address: ၄၃၅၂၇, သံသုမာလမ်း, သု၀ဏ္ဏ(၂၄)ရပ်ကွက်, သင်္ဃန်းကျွန်း. Township: Thingangyun. District: Yangon East"
1225,Shwe Myanmar,ရွှေမြန်မာ,Shop,အထွေထွေအမျိုးအစား,,,Thingangyun,Thingangyun,Thingangyun,,Yangon East,ရန်ကုန်အရှေ့ပိုင်း,Yangon,ရန်ကုန်,,16.835249,96.207897,,4.5,85,,Yangon,Name: Shwe Myanmar (ရွှေမြန်မာ). Category: Shop. Address: Thingangyun. Township: Thingangyun. District: Yangon East
1072,Shwe Myat Manaw,ရွှေမြတ်မနော,Restaurant,စားသောက်ဆိုင်,,,Thingangyun,Thingangyun,Thingangyun,,Yangon East,ရန်ကုန်အရှေ့ပိုင်း,Yangon,ရန်ကုန်,,16.82867,96.18061,,4.2,226,,Yangon,Name: Shwe Myat Manaw (ရွှေမြတ်မနော). Category: Restaurant. Address: Thingangyun. Township: Thingangyun. District: Yangon East
1696,Shwe Myet Won,ရွှေမျက်၀န်း,Shop,အထွေထွေအမျိုးအစား,,,Thingangyun,Thingangyun,Thingangyun,,Yangon East,ရန်ကုန်အရှေ့ပိုင်း,Yangon,ရန်ကုန်,,16.83643,96.201076,,4.6,298,,Yangon,Name: Shwe Myet Won (ရွှေမျက်၀န်း). Category: Shop. Address: Thingangyun. Township: Thingangyun. District: Yangon East
1122,Shwe Myittar,ရွှေမေတ္တာ,Hospital/Polyclinic,ဆေးရုံနှင့် ဆေးခန်း,,,Thingangyun,Thingangyun,Thingangyun,,Yangon East,ရန်ကုန်အရှေ့ပိုင်း,Yangon,ရန်ကုန်,,16.829377,96.201741,,4.2,376,,Yangon,Name: Shwe Myittar (ရွှေမေတ္တာ). Category: Hospital/Polyclinic. Address: Thingangyun. Township: Thingangyun. District: Yangon East
225,Shwe Myo Taw,ရွှေမြို့တော်,Jewelry & Gold,အထွေထွေအမျိုးအစား,30,30,"30 Lay Daung Kan Road, Lay Daunkan Ward, Thingangyun, Yangon","၃၀, လေးထောင့်ကန်လမ်း, လေးဒေါင့်ကန်ရပ်ကွက်, သင်္ဃန်းကျွန်း",Thingangyun,သင်္ဃန်းကျွန်း,Yangon East,ရန်ကုန်အရှေ့ပိုင်း,Yangon,ရန်ကုန်,11431.0,16.840563,96.20333,,4.5,85,,Yangon,"Name: Shwe Myo Taw (ရွှေမြို့တော်). Category: Jewelry & Gold. House Number: 30. Address: ၃၀, လေးထောင့်ကန်လမ်း, လေးဒေါင့်ကန်ရပ်ကွက်, သင်္ဃန်းကျွန်း. Township: Thingangyun. District: Yangon East"
524,Shwe Na Pan Zedi,ရွှေနားပန်းစေတီ,Pagoda,ဘာသာရေးနေရာ,,,"Za (South) Ward (TGGN), Thingangyun","Za (South) Ward (TGGN), Thingangyun",Thingangyun,,Yangon East,ရန်ကုန်အရှေ့ပိုင်း,Yangon,ရန်ကုန်,,16.8248,96.1829,,4.4,382,,Yangon,"Name: Shwe Na Pan Zedi (ရွှေနားပန်းစေတီ). Category: Pagoda. Address: Za (South) Ward (TGGN), Thingangyun. Township: Thingangyun. District: Yangon East"
1770,Shwe Nadi,ရွှေနဒီ,Shop,အထွေထွေအမျိုးအစား,,,Thingangyun,Thingangyun,Thingangyun,,Yangon East,ရန်ကုန်အရှေ့ပိုင်း,Yangon,ရန်ကုန်,,16.839388,96.200911,,4,520,,Yangon,Name: Shwe Nadi (ရွှေနဒီ). Category: Shop. Address: Thingangyun. Township: Thingangyun. District: Yangon East
1441,Shwe Nagar,ရွှေနဂား,Shop,အထွေထွေအမျိုးအစား,,,Thingangyun,Thingangyun,Thingangyun,,Yangon East,ရန်ကုန်အရှေ့ပိုင်း,Yangon,ရန်ကုန်,,16.822567,96.197023,,4.1,133,,Yangon,Name: Shwe Nagar (ရွှေနဂား). Category: Shop. Address: Thingangyun. Township: Thingangyun. District: Yangon East
665,Shwe Nan,ရွှေနန်း,Hotel/Motel,ဟိုတယ်နှင့် တည်းခိုခန်း,,,Thingangyun,Thingangyun,Thingangyun,,Yangon East,ရန်ကုန်အရှေ့ပိုင်း,Yangon,ရန်ကုန်,,16.841563,96.203683,,4.5,205,,Yangon,Name: Shwe Nan (ရွှေနန်း). Category: Hotel/Motel. Address: Thingangyun. Township: Thingangyun. District: Yangon East
283,Shwe Nan,ရွှေနန်း,Guest House,ဟိုတယ်နှင့် တည်းခိုခန်း,41,41,"41 Yamonnar Road, Zayar Thiri Ward, Dawbon, Yangon","၄၁, ယမုံနာလမ်း, ဇေယျာသီရိရပ်ကွက်, ဒေါပုံ",Dawbon,a'gykH,Yangon East,ရန်ကုန်အရှေ့ပိုင်း,Yangon,ရန်ကုန်,11431.0,16.841682,96.203846,,4.3,259,,Yangon,"Name: Shwe Nan (ရွှေနန်း). Category: Guest House. House Number: 41. Address: ၄၁, ယမုံနာလမ်း, ဇေယျာသီရိရပ်ကွက်, ဒေါပုံ. Township: Dawbon. District: Yangon East"
1083,Shwe Ngar Mg Mg,ရွှေငါးမောင်မောင်,Restaurant,စားသောက်ဆိုင်,,,Thingangyun,Thingangyun,Thingangyun,,Yangon East,ရန်ကုန်အရှေ့ပိုင်း,Yangon,ရန်ကုန်,,16.840359,96.201648,,4.3,259,,Yangon,Name: Shwe Ngar Mg Mg (ရွှေငါးမောင်မောင်). Category: Restaurant. Address: Thingangyun. Township: Thingangyun. District: Yangon East
1818,Shwe Nyar Myay,ရွှေညာမြေ,Café/Pub,ဘားနှင့် ဖျော်ဖြေရေး,,,Thingangyun,Thingangyun,Thingangyun,,Yangon East,ရန်ကုန်အရှေ့ပိုင်း,Yangon,ရန်ကုန်,,16.841593,96.201381,,4.8,64,,Yangon,Name: Shwe Nyar Myay (ရွှေညာမြေ). Category: Café/Pub. Address: Thingangyun. Township: Thingangyun. District: Yangon East
1016,Shwe Nyiko,ရွှေညီကို,Repair Facility,ပြုပြင်ရေးလုပ်ငန်း,,,Thingangyun,Thingangyun,Thingangyun,,Yangon East,ရန်ကုန်အရှေ့ပိုင်း,Yangon,ရန်ကုန်,,16.836186,96.207825,,4.6,58,,Yangon,Name: Shwe Nyiko (ရွှေညီကို). Category: Repair Facility. Address: Thingangyun. Township: Thingangyun. District: Yangon East
1098,Shwe Nyo Nyo,ရွှေညိုညို,Restaurant,စားသောက်ဆိုင်,,,Thingangyun,Thingangyun,Thingangyun,,Yangon East,ရန်ကုန်အရှေ့ပိုင်း,Yangon,ရန်ကုန်,,16.842424,96.20229,,4.8,304,,Yangon,Name: Shwe Nyo Nyo (ရွှေညိုညို). Category: Restaurant. Address: Thingangyun. Township: Thingangyun. District: Yangon East
685,Shwe One One,ရွှေ၀မ်း၀မ်း,Restaurant,စားသောက်ဆိုင်,,,Thingangyun,Thingangyun,Thingangyun,,Yangon East,ရန်ကုန်အရှေ့ပိုင်း,Yangon,ရန်ကုန်,,16.823547,96.18365,,4.5,265,,Yangon,Name: Shwe One One (ရွှေ၀မ်း၀မ်း). Category: Restaurant. Address: Thingangyun. Township: Thingangyun. District: Yangon East
10,Shwe Ou,ရွှေဥ,Cafe',ကဖေးနှင့် လက်ဖက်ရည်ဆိုင်,102,102,"102 Thu Mingalar Road, Nanwin Kone Ward, Thingangyun, Yangon","၁၀၂, သုမင်္ဂလာလမ်း, နနွင်းကုန်းရပ်ကွက်, သင်္ဃန်းကျွန်း",Thingangyun,သင်္ဃန်းကျွန်း,Yangon East,ရန်ကုန်အရှေ့ပိုင်း,Yangon,ရန်ကုန်,11431.0,16.826503,96.187094,,4,40,,Yangon,"Name: Shwe Ou (ရွှေဥ). Category: Cafe'. House Number: 102. Address: ၁၀၂, သုမင်္ဂလာလမ်း, နနွင်းကုန်းရပ်ကွက်, သင်္ဃန်းကျွန်း. Township: Thingangyun. District: Yangon East"
1263,Shwe Pa Chi,ရွှေပန်းချီ,Shop,အထွေထွေအမျိုးအစား,,,Thingangyun,Thingangyun,Thingangyun,,Yangon East,ရန်ကုန်အရှေ့ပိုင်း,Yangon,ရန်ကုန်,,16.82954,96.18432,,4.3,199,,Yangon,Name: Shwe Pa Chi (ရွှေပန်းချီ). Category: Shop. Address: Thingangyun. Township: Thingangyun. District: Yangon East
525,Shwe Pan Sai,Shwe Pan Sai,Restaurant,စားသောက်ဆိုင်,,,"No 49, Sayar San Street, Bahan Township , yangon","No 49, Sayar San Street, Bahan Township , yangon",Thingangyun,,Yangon East,ရန်ကုန်အရှေ့ပိုင်း,Yangon,ရန်ကုန်,,16.8337,96.1753,,4.5,385,,Yangon,"Name: Shwe Pan Sai. Category: Restaurant. Address: No 49, Sayar San Street, Bahan Township , yangon. Township: Thingangyun. District: Yangon East"
227,Shwe Phyu Myanmar,ရွှေဖြူမြန်မာ,Guest House,ဟိုတယ်နှင့် တည်းခိုခန်း,41,41,"41 Yamonnar Road, Zayar Thiri Ward, Dawbon, Yangon","၄၁, ယမုံနာလမ်း, ဇေယျာသီရိရပ်ကွက်, ဒေါပုံ",Dawbon,a'gykH,Yangon East,ရန်ကုန်အရှေ့ပိုင်း,Yangon,ရန်ကုန်,11431.0,16.838901,96.201613,,4.7,91,,Yangon,"Name: Shwe Phyu Myanmar (ရွှေဖြူမြန်မာ). Category: Guest House. House Number: 41. Address: ၄၁, ယမုံနာလမ်း, ဇေယျာသီရိရပ်ကွက်, ဒေါပုံ. Township: Dawbon. District: Yangon East"
1916,Shwe Pin Shwe Thee,ရွှေပင်ရွှေသီး,School,ကျောင်းနှင့် တက္ကသိုလ်,,,Thingangyun,Thingangyun,Thingangyun,,Yangon East,ရန်ကုန်အရှေ့ပိုင်း,Yangon,ရန်ကုန်,,16.834092,96.196717,,4.6,358,,Yangon,Name: Shwe Pin Shwe Thee (ရွှေပင်ရွှေသီး). Category: School. Address: Thingangyun. Township: Thingangyun. District: Yangon East
228,Shwe Pin Shwe Thee,ရွှေပင်ရွှေသီး,Private School,ကိုယ်ပိုင်ကျောင်း,A3,at 3,"A2 Thu Mingalar Road, Kyaikasan West Ward, Thingangyun, Yangon","အေ ၃, သုမင်္ဂလာလမ်း, ကျိုက္ကဆံရပ်ကွက်, သင်္ဃန်းကျွန်း",Thingangyun,သင်္ဃန်းကျွန်း,Yangon East,ရန်ကုန်အရှေ့ပိုင်း,Yangon,ရန်ကုန်,11431.0,16.83422,96.196794,,4.8,94,,Yangon,"Name: Shwe Pin Shwe Thee (ရွှေပင်ရွှေသီး). Category: Private School. House Number: A3. Address: အေ ၃, သုမင်္ဂလာလမ်း, ကျိုက္ကဆံရပ်ကွက်, သင်္ဃန်းကျွန်း. Township: Thingangyun. District: Yangon East"
914,Shwe Pone Yeik,ရွှေပုံရိပ်,Shop,အထွေထွေအမျိုးအစား,,,Thingangyun,Thingangyun,Thingangyun,,Yangon East,ရန်ကုန်အရှေ့ပိုင်း,Yangon,ရန်ကုန်,,16.827974,96.209341,,4.4,352,,Yangon,Name: Shwe Pone Yeik (ရွှေပုံရိပ်). Category: Shop. Address: Thingangyun. Township: Thingangyun. District: Yangon East
1264,Shwe Pyae Sone,ရွှေပြည့်စုံ,Shop,အထွေထွေအမျိုးအစား,,,Thingangyun,Thingangyun,Thingangyun,,Yangon East,ရန်ကုန်အရှေ့ပိုင်း,Yangon,ရန်ကုန်,,16.841284,96.201371,,4.4,202,,Yangon,Name: Shwe Pyae Sone (ရွှေပြည့်စုံ). Category: Shop. Address: Thingangyun. Township: Thingangyun. District: Yangon East
1226,Shwe Pyi Aye,ရွှေပြည်အေး,Shop,အထွေထွေအမျိုးအစား,,,Thingangyun,Thingangyun,Thingangyun,,Yangon East,ရန်ကုန်အရှေ့ပိုင်း,Yangon,ရန်ကုန်,,16.837156,96.201575,,4.6,88,,Yangon,Name: Shwe Pyi Aye (ရွှေပြည်အေး). Category: Shop. Address: Thingangyun. Township: Thingangyun. District: Yangon East
526,Shwe Pyi Kyaw,Shwe Pyi Kyaw,Hotel,ဟိုတယ်နှင့် တည်းခိုခန်း,,,"Kyi Pwar Yae Ward (TGGN), Thingangyun","Kyi Pwar Yae Ward (TGGN), Thingangyun",Thingangyun,,Yangon East,ရန်ကုန်အရှေ့ပိုင်း,Yangon,ရန်ကုန်,,16.841,96.2065,,4.6,388,,Yangon,"Name: Shwe Pyi Kyaw. Category: Hotel. Address: Kyi Pwar Yae Ward (TGGN), Thingangyun. Township: Thingangyun. District: Yangon East"
1959,Shwe Pyi Soe,ရွှေပြည်စိုး,Shop,အထွေထွေအမျိုးအစား,,,Thingangyun,Thingangyun,Thingangyun,,Yangon East,ရန်ကုန်အရှေ့ပိုင်း,Yangon,ရန်ကုန်,,16.833618,96.187148,,4.9,487,,Yangon,Name: Shwe Pyi Soe (ရွှေပြည်စိုး). Category: Shop. Address: Thingangyun. Township: Thingangyun. District: Yangon East
6,Shwe Pyi Soe,ရွှေပြည်စိုး,Travels & Tours,ခရီးသွားလုပ်ငန်း,1135,1135,"1135 Thu Mingalar Road, Ward-16\1, Thingangyun, Yangon","၁၁၃၅, သုမင်္ဂလာလမ်း, (၁၆^၁)ရပ်ကွက်, သင်္ဃန်းကျွန်း",Thingangyun,သင်္ဃန်းကျွန်း,Yangon East,ရန်ကုန်အရှေ့ပိုင်း,Yangon,ရန်ကုန်,11431.0,16.833986,96.186886,,4.6,28,,Yangon,"Name: Shwe Pyi Soe (ရွှေပြည်စိုး). Category: Travels & Tours. House Number: 1135. Address: ၁၁၃၅, သုမင်္ဂလာလမ်း, (၁၆^၁)ရပ်ကွက်, သင်္ဃန်းကျွန်း. Township: Thingangyun. District: Yangon East"
805,Shwe Sabal,ရွှေစံပါယ်,Shop,အထွေထွေအမျိုးအစား,,,Thingangyun,Thingangyun,Thingangyun,,Yangon East,ရန်ကုန်အရှေ့ပိုင်း,Yangon,ရန်ကုန်,,16.827481,96.209216,,4.5,25,,Yangon,Name: Shwe Sabal (ရွှေစံပါယ်). Category: Shop. Address: Thingangyun. Township: Thingangyun. District: Yangon East
1099,Shwe Sakar War,ရွှေစကားဝါ,Restaurant,စားသောက်ဆိုင်,,,Thingangyun,Thingangyun,Thingangyun,,Yangon East,ရန်ကုန်အရှေ့ပိုင်း,Yangon,ရန်ကုန်,,16.837128,96.207852,,4.9,307,,Yangon,Name: Shwe Sakar War (ရွှေစကားဝါ). Category: Restaurant. Address: Thingangyun. Township: Thingangyun. District: Yangon East
30,Shwe San Chain,ရွှေစံချိန်,Construction Material,ဆောက်လုပ်ရေးနှင့် ဟာ့ဒ်ဝဲ,244/C,244^*,"244/C Lay Daung Kan Road, Za (North) Ward, Thingangyun, Yangon","၂၄၄^ဂ, လေးထောင့်ကန်လမ်း, ဇ(မြောက်)ရပ်ကွက်, သင်္ဃန်းကျွန်း",Thingangyun,သင်္ဃန်းကျွန်း,Yangon East,ရန်ကုန်အရှေ့ပိုင်း,Yangon,ရန်ကုန်,11431.0,16.826187,96.186169,,4,100,,Yangon,"Name: Shwe San Chain (ရွှေစံချိန်). Category: Construction Material. House Number: 244/C. Address: ၂၄၄^ဂ, လေးထောင့်ကန်လမ်း, ဇ(မြောက်)ရပ်ကွက်, သင်္ဃန်းကျွန်း. Township: Thingangyun. District: Yangon East"
1359,Shwe San Eain,ရွှေစံအိမ်,Shop,အထွေထွေအမျိုးအစား,,,Thingangyun,Thingangyun,Thingangyun,,Yangon East,ရန်ကုန်အရှေ့ပိုင်း,Yangon,ရန်ကုန်,,16.84056,96.201197,,4.9,487,,Yangon,Name: Shwe San Eain (ရွှေစံအိမ်). Category: Shop. Address: Thingangyun. Township: Thingangyun. District: Yangon East
884,Shwe See Sain,ရွှေစည်းစိမ်,Shop,အထွေထွေအမျိုးအစား,,,Thingangyun,Thingangyun,Thingangyun,,Yangon East,ရန်ကုန်အရှေ့ပိုင်း,Yangon,ရန်ကုန်,,16.838457,96.201259,,4.4,262,,Yangon,Name: Shwe See Sain (ရွှေစည်းစိမ်). Category: Shop. Address: Thingangyun. Township: Thingangyun. District: Yangon East
229,Shwe See Sane,ရွှေစည်းစိမ်,Retail Outlet,စျေးနှင့် ကုန်စုံဆိုင်,60,60,"60 Lay Daung Kan Road, Lay Daunkan Ward, Thingangyun, Yangon","၆၀, လေးထောင့်ကန်လမ်း, လေးဒေါင့်ကန်ရပ်ကွက်, သင်္ဃန်းကျွန်း",Thingangyun,သင်္ဃန်းကျွန်း,Yangon East,ရန်ကုန်အရှေ့ပိုင်း,Yangon,ရန်ကုန်,11431.0,16.838346,96.201051,,4.9,97,,Yangon,"Name: Shwe See Sane (ရွှေစည်းစိမ်). Category: Retail Outlet. House Number: 60. Address: ၆၀, လေးထောင့်ကန်လမ်း, လေးဒေါင့်ကန်ရပ်ကွက်, သင်္ဃန်းကျွန်း. Township: Thingangyun. District: Yangon East"
527,Shwe Shan Lay,Shwe Shan Lay,Restaurant,စားသောက်ဆိုင်,,,"Kyi Pwar Yae Ward (TGGN), Thingangyun","Kyi Pwar Yae Ward (TGGN), Thingangyun",Thingangyun,,Yangon East,ရန်ကုန်အရှေ့ပိုင်း,Yangon,ရန်ကုန်,,16.8441,96.2075,,4.7,391,,Yangon,"Name: Shwe Shan Lay. Category: Restaurant. Address: Kyi Pwar Yae Ward (TGGN), Thingangyun. Township: Thingangyun. District: Yangon East"
1618,"Shwe Sin Koe Pwint Co., Ltd.",ရွှေစင်ကိုးပွင့်ကုမ္ပဏီလီမိတက်,Shop,အထွေထွေအမျိုးအစား,,,Thingangyun,Thingangyun,Thingangyun,,Yangon East,ရန်ကုန်အရှေ့ပိုင်း,Yangon,ရန်ကုန်,,16.83164,96.185724,,4.8,64,,Yangon,"Name: Shwe Sin Koe Pwint Co., Ltd. (ရွှေစင်ကိုးပွင့်ကုမ္ပဏီလီမိတက်). Category: Shop. Address: Thingangyun. Township: Thingangyun. District: Yangon East"
528,Shwe Ta Har Restaurant,Shwe Ta Har Restaurant,Restaurant,စားသောက်ဆိုင်,,,"Kyi Pwar Yae Ward (TGGN), Thingangyun","Kyi Pwar Yae Ward (TGGN), Thingangyun",Thingangyun,,Yangon East,ရန်ကုန်အရှေ့ပိုင်း,Yangon,ရန်ကုန်,,16.8383,96.2075,,4.8,394,,Yangon,"Name: Shwe Ta Har Restaurant. Category: Restaurant. Address: Kyi Pwar Yae Ward (TGGN), Thingangyun. Township: Thingangyun. District: Yangon East"
1079,Shwe Ta Mar,ရွှေတမာ,Restaurant,စားသောက်ဆိုင်,,,Thingangyun,Thingangyun,Thingangyun,,Yangon East,ရန်ကုန်အရှေ့ပိုင်း,Yangon,ရန်ကုန်,,16.84075,96.202333,,4.9,247,,Yangon,Name: Shwe Ta Mar (ရွှေတမာ). Category: Restaurant. Address: Thingangyun. Township: Thingangyun. District: Yangon East
1183,Shwe Taung Por,ရွှေတောင်ပေါ်,Company,ရုံးခန်းနှင့် လူနေအိမ်ရာ,,,Thingangyun,Thingangyun,Thingangyun,,Yangon East,ရန်ကုန်အရှေ့ပိုင်း,Yangon,ရန်ကုန်,,16.82965,96.1857,,4.3,559,,Yangon,Name: Shwe Taung Por (ရွှေတောင်ပေါ်). Category: Company. Address: Thingangyun. Township: Thingangyun. District: Yangon East
230,Shwe Taung Tan,ရွှေတောင်တန်း,Restaurant (Kyay_Oh),စားသောက်ဆိုင်,92,92,"92 Lay Daung Kan Road, Lay Daunkan Ward, Thingangyun, Yangon","၉၂, လေးထောင့်ကန်လမ်း, လေးဒေါင့်ကန်ရပ်ကွက်, သင်္ဃန်းကျွန်း",Thingangyun,သင်္ဃန်းကျွန်း,Yangon East,ရန်ကုန်အရှေ့ပိုင်း,Yangon,ရန်ကုန်,11431.0,16.836646,96.199255,,4,100,,Yangon,"Name: Shwe Taung Tan (ရွှေတောင်တန်း). Category: Restaurant (Kyay_Oh). House Number: 92. Address: ၉၂, လေးထောင့်ကန်လမ်း, လေးဒေါင့်ကန်ရပ်ကွက်, သင်္ဃန်းကျွန်း. Township: Thingangyun. District: Yangon East"
1343,Shwe Thein,ရွှေသိန်း,Shop,အထွေထွေအမျိုးအစား,,,Thingangyun,Thingangyun,Thingangyun,,Yangon East,ရန်ကုန်အရှေ့ပိုင်း,Yangon,ရန်ကုန်,,16.840897,96.20102,,4.3,439,,Yangon,Name: Shwe Thein (ရွှေသိန်း). Category: Shop. Address: Thingangyun. Township: Thingangyun. District: Yangon East
744,Shwe Thin Gaha Tun,ရွှေသင်္ဂဟထွန်း,Company,ရုံးခန်းနှင့် လူနေအိမ်ရာ,,,Thingangyun,Thingangyun,Thingangyun,,Yangon East,ရန်ကုန်အရှေ့ပိုင်း,Yangon,ရန်ကုန်,,16.843597,96.202503,,4.4,442,,Yangon,Name: Shwe Thin Gaha Tun (ရွှေသင်္ဂဟထွန်း). Category: Company. Address: Thingangyun. Township: Thingangyun. District: Yangon East
1048,Shwe Thitsar Aung,ရွှေသစ္စာအောင်,Repair Facility,ပြုပြင်ရေးလုပ်ငန်း,,,Thingangyun,Thingangyun,Thingangyun,,Yangon East,ရန်ကုန်အရှေ့ပိုင်း,Yangon,ရန်ကုန်,,16.835342,96.207884,,4.8,154,,Yangon,Name: Shwe Thitsar Aung (ရွှေသစ္စာအောင်). Category: Repair Facility. Address: Thingangyun. Township: Thingangyun. District: Yangon East
1853,Shwe Twin Thar,ရွှေတွင်းသား,Repair Facility,ပြုပြင်ရေးလုပ်ငန်း,,,Thingangyun,Thingangyun,Thingangyun,,Yangon East,ရန်ကုန်အရှေ့ပိုင်း,Yangon,ရန်ကုန်,,16.840016,96.194603,,4.3,169,,Yangon,Name: Shwe Twin Thar (ရွှေတွင်းသား). Category: Repair Facility. Address: Thingangyun. Township: Thingangyun. District: Yangon East
769,Shwe Wanna,ရွှေ၀ဏ္ဏ,Shop,အထွေထွေအမျိုးအစား,,,Thingangyun,Thingangyun,Thingangyun,,Yangon East,ရန်ကုန်အရှေ့ပိုင်း,Yangon,ရန်ကုန်,,16.827841,96.208956,,4.9,517,,Yangon,Name: Shwe Wanna (ရွှေ၀ဏ္ဏ). Category: Shop. Address: Thingangyun. Township: Thingangyun. District: Yangon East
885,Shwe War Htun,ရွှေဝါထွန်း,Shop,အထွေထွေအမျိုးအစား,,,Thingangyun,Thingangyun,Thingangyun,,Yangon East,ရန်ကုန်အရှေ့ပိုင်း,Yangon,ရန်ကုန်,,16.813038,96.209206,,4.5,265,,Yangon,Name: Shwe War Htun (ရွှေဝါထွန်း). Category: Shop. Address: Thingangyun. Township: Thingangyun. District: Yangon East
1697,Shwe Ya Min,ရွှေယမင်း,Shop,အထွေထွေအမျိုးအစား,,,Thingangyun,Thingangyun,Thingangyun,,Yangon East,ရန်ကုန်အရှေ့ပိုင်း,Yangon,ရန်ကုန်,,16.835061,96.207265,,4.7,301,,Yangon,Name: Shwe Ya Min (ရွှေယမင်း). Category: Shop. Address: Thingangyun. Township: Thingangyun. District: Yangon East
1081,Shwe Yangon,ရွှေရန်ကုန်,Restaurant,စားသောက်ဆိုင်,,,Thingangyun,Thingangyun,Thingangyun,,Yangon East,ရန်ကုန်အရှေ့ပိုင်း,Yangon,ရန်ကုန်,,16.822388,96.19704,,4.1,253,,Yangon,Name: Shwe Yangon (ရွှေရန်ကုန်). Category: Restaurant. Address: Thingangyun. Township: Thingangyun. District: Yangon East
1771,Shwe Yee,ရွှေရည်,Shop,အထွေထွေအမျိုးအစား,,,Thingangyun,Thingangyun,Thingangyun,,Yangon East,ရန်ကုန်အရှေ့ပိုင်း,Yangon,ရန်ကုန်,,16.843314,96.201634,,4.1,523,,Yangon,Name: Shwe Yee (ရွှေရည်). Category: Shop. Address: Thingangyun. Township: Thingangyun. District: Yangon East
1344,Shwe Yee Oo,ရွှေရည်ဦး,Shop,အထွေထွေအမျိုးအစား,,,Thingangyun,Thingangyun,Thingangyun,,Yangon East,ရန်ကုန်အရှေ့ပိုင်း,Yangon,ရန်ကုန်,,16.840696,96.201057,,4.4,442,,Yangon,Name: Shwe Yee Oo (ရွှေရည်ဦး). Category: Shop. Address: Thingangyun. Township: Thingangyun. District: Yangon East
56,Shwe Yi Myint Mo,ရွှေရည်မြင်းမိုရ်,"Aluminium,Glass & Steel",ဆောက်လုပ်ရေးနှင့် ဟာ့ဒ်ဝဲ,27,27,"27 Than Thu Mar Road, Bawa Myint Ward, Thingangyun, Yangon","၂၇, သံသုမာလမ်း, ဘ၀မြင့်ရပ်ကွက်, သင်္ဃန်းကျွန်း",Thingangyun,သင်္ဃန်းကျွန်း,Yangon East,ရန်ကုန်အရှေ့ပိုင်း,Yangon,ရန်ကုန်,11431.0,16.845411,96.201271,,4.6,178,,Yangon,"Name: Shwe Yi Myint Mo (ရွှေရည်မြင်းမိုရ်). Category: Aluminium,Glass & Steel. House Number: 27. Address: ၂၇, သံသုမာလမ်း, ဘ၀မြင့်ရပ်ကွက်, သင်္ဃန်းကျွန်း. Township: Thingangyun. District: Yangon East"
1698,Shwe Yi Wint,ရွှေရည်၀င့်,Shop,အထွေထွေအမျိုးအစား,,,Thingangyun,Thingangyun,Thingangyun,,Yangon East,ရန်ကုန်အရှေ့ပိုင်း,Yangon,ရန်ကုန်,,16.841717,96.203311,,4.8,304,,Yangon,Name: Shwe Yi Wint (ရွှေရည်၀င့်). Category: Shop. Address: Thingangyun. Township: Thingangyun. District: Yangon East
317,Shwe Yoke Lwar,ရွှေရုပ်လွှာ,Tailor Shop,အလှပြင်နှင့် အပ်ချုပ်ဆိုင်,2-Apr,2^4,"2/4 Than Thu Mar Road, Supaing Ward, Thingangyun, Yangon","၂^၄, သံသုမာလမ်း, စုပေါင်းရပ်ကွက်, သင်္ဃန်းကျွန်း",Thingangyun,သင်္ဃန်းကျွန်း,Yangon East,ရန်ကုန်အရှေ့ပိုင်း,Yangon,ရန်ကုန်,11431.0,16.818015,96.197238,,4.7,361,,Yangon,"Name: Shwe Yoke Lwar (ရွှေရုပ်လွှာ). Category: Tailor Shop. House Number: 2-Apr. Address: ၂^၄, သံသုမာလမ်း, စုပေါင်းရပ်ကွက်, သင်္ဃန်းကျွန်း. Township: Thingangyun. District: Yangon East"
1049,Shwe Yokeka Soe,ရွှေရုက္ခစိုး,Repair Facility,ပြုပြင်ရေးလုပ်ငန်း,,,Thingangyun,Thingangyun,Thingangyun,,Yangon East,ရန်ကုန်အရှေ့ပိုင်း,Yangon,ရန်ကုန်,,16.82956,96.18541,,4.9,157,,Yangon,Name: Shwe Yokeka Soe (ရွှေရုက္ခစိုး). Category: Repair Facility. Address: Thingangyun. Township: Thingangyun. District: Yangon East
1699,Shwe Yoon Thu,ရွှေယွန်းသူ,Shop,အထွေထွေအမျိုးအစား,,,Thingangyun,Thingangyun,Thingangyun,,Yangon East,ရန်ကုန်အရှေ့ပိုင်း,Yangon,ရန်ကုန်,,16.840111,96.201965,,4.9,307,,Yangon,Name: Shwe Yoon Thu (ရွှေယွန်းသူ). Category: Shop. Address: Thingangyun. Township: Thingangyun. District: Yangon East
686,Shwe Young Lan,ရွှေရောင်လမ်း,Restaurant,စားသောက်ဆိုင်,,,Thingangyun,Thingangyun,Thingangyun,,Yangon East,ရန်ကုန်အရှေ့ပိုင်း,Yangon,ရန်ကုန်,,16.825273,96.20864,,4.6,268,,Yangon,Name: Shwe Young Lan (ရွှေရောင်လမ်း). Category: Restaurant. Address: Thingangyun. Township: Thingangyun. District: Yangon East
915,Shwe Yu Par,ရွှေရူပါ,Shop,အထွေထွေအမျိုးအစား,,,Thingangyun,Thingangyun,Thingangyun,,Yangon East,ရန်ကုန်အရှေ့ပိုင်း,Yangon,ရန်ကုန်,,16.820355,96.205134,,4.5,355,,Yangon,Name: Shwe Yu Par (ရွှေရူပါ). Category: Shop. Address: Thingangyun. Township: Thingangyun. District: Yangon East
1011,Shwe Zawana Condo,ရွှေဇ၀န ကွန်ဒို,Residential Accommodation,အထွေထွေအမျိုးအစား,,,Thingangyun,Thingangyun,Thingangyun,,Yangon East,ရန်ကုန်အရှေ့ပိုင်း,Yangon,ရန်ကုန်,,16.82706,96.19059,,4.1,43,,Yangon,Name: Shwe Zawana Condo (ရွှေဇ၀န ကွန်ဒို). Category: Residential Accommodation. Address: Thingangyun. Township: Thingangyun. District: Yangon East
226,Shwe oo,ရွှေအိုး,Rice Shop,အထွေထွေအမျိုးအစား,32,32,"32 Lay Daung Kan Road, Lay Daunkan Ward, Thingangyun, Yangon","၃၂, လေးထောင့်ကန်လမ်း, လေးဒေါင့်ကန်ရပ်ကွက်, သင်္ဃန်းကျွန်း",Thingangyun,သင်္ဃန်းကျွန်း,Yangon East,ရန်ကုန်အရှေ့ပိုင်း,Yangon,ရန်ကုန်,11431.0,16.840447,96.203183,,4.6,88,,Yangon,"Name: Shwe oo (ရွှေအိုး). Category: Rice Shop. House Number: 32. Address: ၃၂, လေးထောင့်ကန်လမ်း, လေးဒေါင့်ကန်ရပ်ကွက်, သင်္ဃန်းကျွန်း. Township: Thingangyun. District: Yangon East"
1819,Si Taw Gyi,စည်တော်ကြီး,Café/Pub,ဘားနှင့် ဖျော်ဖြေရေး,,,Thingangyun,Thingangyun,Thingangyun,,Yangon East,ရန်ကုန်အရှေ့ပိုင်း,Yangon,ရန်ကုန်,,16.833974,96.179035,,4.9,67,,Yangon,Name: Si Taw Gyi (စည်တော်ကြီး). Category: Café/Pub. Address: Thingangyun. Township: Thingangyun. District: Yangon East
632,Silver Wave,ဆေးလဗား၀ေ့လ်,Petrol Station,အထွေထွေအမျိုးအစား,,,Thingangyun,Thingangyun,Thingangyun,,Yangon East,ရန်ကုန်အရှေ့ပိုင်း,Yangon,ရန်ကုန်,,16.817103,96.206022,,4.2,106,,Yangon,Name: Silver Wave (ဆေးလဗား၀ေ့လ်). Category: Petrol Station. Address: Thingangyun. Township: Thingangyun. District: Yangon East
1227,Sin Min,ဆင်မင်း,Shop,အထွေထွေအမျိုးအစား,,,Thingangyun,Thingangyun,Thingangyun,,Yangon East,ရန်ကုန်အရှေ့ပိုင်း,Yangon,ရန်ကုန်,,16.836557,96.207412,,4.7,91,,Yangon,Name: Sin Min (ဆင်မင်း). Category: Shop. Address: Thingangyun. Township: Thingangyun. District: Yangon East
1982,Sin Min,ဆင်မင်း,Shop,အထွေထွေအမျိုးအစား,,,Thingangyun,Thingangyun,Thingangyun,,Yangon East,ရန်ကုန်အရှေ့ပိုင်း,Yangon,ရန်ကုန်,,16.839173,96.201969,,4.2,556,,Yangon,Name: Sin Min (ဆင်မင်း). Category: Shop. Address: Thingangyun. Township: Thingangyun. District: Yangon East
141,Sin Min,ဆင်မင်း,Monk Robe Shop,အထွေထွေအမျိုးအစား,242,242,"242 Than Thu Mar Road, Kyi Pwar Yae Ward, Thingangyun, Yangon","၂၄၂, သံသုမာလမ်း, ကြီးပွားရေးရပ်ကွက်, သင်္ဃန်းကျွန်း",Thingangyun,သင်္ဃန်းကျွန်း,Yangon East,ရန်ကုန်အရှေ့ပိုင်း,Yangon,ရန်ကုန်,11431.0,16.836566,96.207431,,4.1,433,,Yangon,"Name: Sin Min (ဆင်မင်း). Category: Monk Robe Shop. House Number: 242. Address: ၂၄၂, သံသုမာလမ်း, ကြီးပွားရေးရပ်ကွက်, သင်္ဃန်းကျွန်း. Township: Thingangyun. District: Yangon East"
231,Sin Min,ဆင်မင်း,Jewelry & Gold,အထွေထွေအမျိုးအစား,45,45,"45 Lay Daung Kan Road, Lay Daunkan Ward, Thingangyun, Yangon","၄၅, လေးထောင့်ကန်လမ်း, လေးဒေါင့်ကန်ရပ်ကွက်, သင်္ဃန်းကျွန်း",Thingangyun,သင်္ဃန်းကျွန်း,Yangon East,ရန်ကုန်အရှေ့ပိုင်း,Yangon,ရန်ကုန်,11431.0,16.839217,96.201911,,4.1,103,,Yangon,"Name: Sin Min (ဆင်မင်း). Category: Jewelry & Gold. House Number: 45. Address: ၄၅, လေးထောင့်ကန်လမ်း, လေးဒေါင့်ကန်ရပ်ကွက်, သင်္ဃန်းကျွန်း. Township: Thingangyun. District: Yangon East"
1292,Sin Yadanar,ဆင်ရတနာ,Shop,အထွေထွေအမျိုးအစား,,,Thingangyun,Thingangyun,Thingangyun,,Yangon East,ရန်ကုန်အရှေ့ပိုင်း,Yangon,ရန်ကုန်,,16.826922,96.196891,,4.2,286,,Yangon,Name: Sin Yadanar (ဆင်ရတနာ). Category: Shop. Address: Thingangyun. Township: Thingangyun. District: Yangon East
284,Six 22,ဆစ်၂၂,Mobile Phone Shop,ဖုန်းနှင့် ဆက်စပ်ပစ္စည်း,273,273,"273 Bagayar Road, May Ni Kone (South) Ward, Sanchaung, Yangon","၂၇၃, ဗားကရာလမ်း, မြေနီကုန်းတောင်ရပ်ကွက်, စမ်းချောင်း",Sanchaung,စမ်းချောင်း,Yangon East,ရန်ကုန်အရှေ့ပိုင်း,Yangon,ရန်ကုန်,11431.0,16.841262,96.203459,,4.4,262,,Yangon,"Name: Six 22 (ဆစ်၂၂). Category: Mobile Phone Shop. House Number: 273. Address: ၂၇၃, ဗားကရာလမ်း, မြေနီကုန်းတောင်ရပ်ကွက်, စမ်းချောင်း. Township: Sanchaung. District: Yangon East"
2015,Six22,စစ်တူးတူး,Shop,အထွေထွေအမျိုးအစား,,,Thingangyun,Thingangyun,Thingangyun,,Yangon East,ရန်ကုန်အရှေ့ပိုင်း,Yangon,ရန်ကုန်,,16.841178,96.203523,,4.5,55,,Yangon,Name: Six22 (စစ်တူးတူး). Category: Shop. Address: Thingangyun. Township: Thingangyun. District: Yangon East
1228,Sky,စကိုင်း,Shop,အထွေထွေအမျိုးအစား,,,Thingangyun,Thingangyun,Thingangyun,,Yangon East,ရန်ကုန်အရှေ့ပိုင်း,Yangon,ရန်ကုန်,,16.82963,96.18513,,4.8,94,,Yangon,Name: Sky (စကိုင်း). Category: Shop. Address: Thingangyun. Township: Thingangyun. District: Yangon East
1740,Sky Ace,စကိုင်းအေ့,Shop,အထွေထွေအမျိုးအစား,,,Thingangyun,Thingangyun,Thingangyun,,Yangon East,ရန်ကုန်အရှေ့ပိုင်း,Yangon,ရန်ကုန်,,16.832922,96.181408,,4,430,,Yangon,Name: Sky Ace (စကိုင်းအေ့). Category: Shop. Address: Thingangyun. Township: Thingangyun. District: Yangon East
1772,Sky Light,စကိုင်းလိုက်,Shop,အထွေထွေအမျိုးအစား,,,Thingangyun,Thingangyun,Thingangyun,,Yangon East,ရန်ကုန်အရှေ့ပိုင်း,Yangon,ရန်ကုန်,,16.831629,96.202072,,4.2,526,,Yangon,Name: Sky Light (စကိုင်းလိုက်). Category: Shop. Address: Thingangyun. Township: Thingangyun. District: Yangon East
142,Sky Line,စကိုင်းလိုင်း,Sticker Shop,အထွေထွေအမျိုးအစား,199,199,"199 28th Street (Upper Block), Ward-5, Pabedan, Yangon","၁၉၉, ၂၈လမ်း(အပေါ်ဘလောက်), (၅)ရပ်ကွက်, ပန်းဘဲတန်း",Pabedan,ပန်းဘဲတန်း,Yangon East,ရန်ကုန်အရှေ့ပိုင်း,Yangon,ရန်ကုန်,11431.0,16.837449,96.207779,,4.2,436,,Yangon,"Name: Sky Line (စကိုင်းလိုင်း). Category: Sticker Shop. House Number: 199. Address: ၁၉၉, ၂၈လမ်း(အပေါ်ဘလောက်), (၅)ရပ်ကွက်, ပန်းဘဲတန်း. Township: Pabedan. District: Yangon East"
927,Sky Line Mobile,စကိုင်းလိုင်း မိုဘိုင်းလ်,Shop,အထွေထွေအမျိုးအစား,,,Thingangyun,Thingangyun,Thingangyun,,Yangon East,ရန်ကုန်အရှေ့ပိုင်း,Yangon,ရန်ကုန်,,16.844338,96.202396,,4.7,391,,Yangon,Name: Sky Line Mobile (စကိုင်းလိုင်း မိုဘိုင်းလ်). Category: Shop. Address: Thingangyun. Township: Thingangyun. District: Yangon East
85,Sky Power,စကိုင်းပါဝါ,Mobile & Electronic,ဖုန်းနှင့် ဆက်စပ်ပစ္စည်း,12207,12207,"12207 Lower Mingalardon Road, Danyin Gone Ward, Insein, Yangon","၁၂၂၀၇, အောက်မင်္ဂလာဒုံလမ်း, ညင်းကုန်းရပ်ကွက်, အင်းစိန်",Insein,အင်းစိန်,Yangon East,ရန်ကုန်အရှေ့ပိုင်း,Yangon,ရန်ကုန်,11431.0,16.835898,96.197875,,4.5,265,,Yangon,"Name: Sky Power (စကိုင်းပါဝါ). Category: Mobile & Electronic. House Number: 12207. Address: ၁၂၂၀၇, အောက်မင်္ဂလာဒုံလမ်း, ညင်းကုန်းရပ်ကွက်, အင်းစိန်. Township: Insein. District: Yangon East"
1050,Sky Version Mobile,စကိုင်းဗားရှင်း,Repair Facility,ပြုပြင်ရေးလုပ်ငန်း,,,Thingangyun,Thingangyun,Thingangyun,,Yangon East,ရန်ကုန်အရှေ့ပိုင်း,Yangon,ရန်ကုန်,,16.829317,96.207544,,4,160,,Yangon,Name: Sky Version Mobile (စကိုင်းဗားရှင်း). Category: Repair Facility. Address: Thingangyun. Township: Thingangyun. District: Yangon East
75,Sky Wave,စကိုင်းေ၀့,Air-con Sales & Service,ပြုပြင်ရေးလုပ်ငန်း,256,256,"256 Than Thu Mar Road, (Nga/Ka) Ward, Thingangyun, Yangon","၂၅၆, သံသုမာလမ်း, (င^က)ရပ်ကွက်, သင်္ဃန်းကျွန်း",Thingangyun,သင်္ဃန်းကျွန်း,Yangon East,ရန်ကုန်အရှေ့ပိုင်း,Yangon,ရန်ကုန်,11431.0,16.83501,96.207518,,4.5,235,,Yangon,"Name: Sky Wave (စကိုင်းေ၀့). Category: Air-con Sales & Service. House Number: 256. Address: ၂၅၆, သံသုမာလမ်း, (င^က)ရပ်ကွက်, သင်္ဃန်းကျွန်း. Township: Thingangyun. District: Yangon East"
1060,Skyline,စကိုင်းလိုင်း(န်),Repair Facility,ပြုပြင်ရေးလုပ်ငန်း,,,Thingangyun,Thingangyun,Thingangyun,,Yangon East,ရန်ကုန်အရှေ့ပိုင်း,Yangon,ရန်ကုန်,,16.837452,96.207742,,4,190,,Yangon,Name: Skyline (စကိုင်းလိုင်း(န်)). Category: Repair Facility. Address: Thingangyun. Township: Thingangyun. District: Yangon East
1773,Smart & Beauty,စမတ်အန်ဗြူးတီး,Shop,အထွေထွေအမျိုးအစား,,,Thingangyun,Thingangyun,Thingangyun,,Yangon East,ရန်ကုန်အရှေ့ပိုင်း,Yangon,ရန်ကုန်,,16.841834,96.200949,,4.3,529,,Yangon,Name: Smart & Beauty (စမတ်အန်ဗြူးတီး). Category: Shop. Address: Thingangyun. Township: Thingangyun. District: Yangon East
1960,Smart & Style,စတိုင်နှင့် စမတ်,Shop,အထွေထွေအမျိုးအစား,,,Thingangyun,Thingangyun,Thingangyun,,Yangon East,ရန်ကုန်အရှေ့ပိုင်း,Yangon,ရန်ကုန်,,16.840064,96.202788,,4,490,,Yangon,Name: Smart & Style (စတိုင်နှင့် စမတ်). Category: Shop. Address: Thingangyun. Township: Thingangyun. District: Yangon East
43,Smart Angle,စမတ်အိန်ဂျယ်,Beauty Salon,အလှပြင်နှင့် အပ်ချုပ်ဆိုင်,306,306,"306 Ngamoeyeik 7th Street, Nga Moe Yeik Ward, Thingangyun, Yangon","၃၀၆, ငမိုးရိပ်၇လမ်း, ငမိုးရိပ်ရပ်ကွက်, သင်္ဃန်းကျွန်း",Thingangyun,သင်္ဃန်းကျွန်း,Yangon East,ရန်ကုန်အရှေ့ပိုင်း,Yangon,ရန်ကုန်,11431.0,16.843838,96.202701,,4.3,139,,Yangon,"Name: Smart Angle (စမတ်အိန်ဂျယ်). Category: Beauty Salon. House Number: 306. Address: ၃၀၆, ငမိုးရိပ်၇လမ်း, ငမိုးရိပ်ရပ်ကွက်, သင်္ဃန်းကျွန်း. Township: Thingangyun. District: Yangon East"
285,Snoopy,စိုနီ,Mobile Phone Shop,ဖုန်းနှင့် ဆက်စပ်ပစ္စည်း,274,274,"274 Bagayar Road, May Ni Kone (South) Ward, Sanchaung, Yangon","၂၇၄, ဗားကရာလမ်း, မြေနီကုန်းတောင်ရပ်ကွက်, စမ်းချောင်း",Sanchaung,စမ်းချောင်း,Yangon East,ရန်ကုန်အရှေ့ပိုင်း,Yangon,ရန်ကုန်,11431.0,16.840276,96.202379,,4.5,265,,Yangon,"Name: Snoopy (စိုနီ). Category: Mobile Phone Shop. House Number: 274. Address: ၂၇၄, ဗားကရာလမ်း, မြေနီကုန်းတောင်ရပ်ကွက်, စမ်းချောင်း. Township: Sanchaung. District: Yangon East"
2016,Snoopy,စနိုပီ,Shop,အထွေထွေအမျိုးအစား,,,Thingangyun,Thingangyun,Thingangyun,,Yangon East,ရန်ကုန်အရှေ့ပိုင်း,Yangon,ရန်ကုန်,,16.840286,96.202519,,4.6,58,,Yangon,Name: Snoopy (စနိုပီ). Category: Shop. Address: Thingangyun. Township: Thingangyun. District: Yangon East
626,Snow,Snow,Shop,အထွေထွေအမျိုးအစား,,,"Yangon Thit Ward (TGGN), Thingangyun","Yangon Thit Ward (TGGN), Thingangyun",Thingangyun,,Yangon East,ရန်ကုန်အရှေ့ပိုင်း,Yangon,ရန်ကုန်,,16.8291,96.208,,4.6,88,,Yangon,"Name: Snow. Category: Shop. Address: Yangon Thit Ward (TGGN), Thingangyun. Township: Thingangyun. District: Yangon East"
1700,Snow,စနိုး,Shop,အထွေထွေအမျိုးအစား,,,Thingangyun,Thingangyun,Thingangyun,,Yangon East,ရန်ကုန်အရှေ့ပိုင်း,Yangon,ရန်ကုန်,,16.829059,96.207562,,4,310,,Yangon,Name: Snow (စနိုး). Category: Shop. Address: Thingangyun. Township: Thingangyun. District: Yangon East
529,Snow Garden Housing,Snow Garden Housing,Residence,ရုံးခန်းနှင့် လူနေအိမ်ရာ,,,"Nat Sin St., Ka Ward (TGGN), Thingangyun","Nat Sin St., Ka Ward (TGGN), Thingangyun",Thingangyun,,Yangon East,ရန်ကုန်အရှေ့ပိုင်း,Yangon,ရန်ကုန်,,16.8253,96.1953,,4.9,397,,Yangon,"Name: Snow Garden Housing. Category: Residence. Address: Nat Sin St., Ka Ward (TGGN), Thingangyun. Township: Thingangyun. District: Yangon East"
696,So Pyay,စိုပြေ,Restaurant,စားသောက်ဆိုင်,,,Thingangyun,Thingangyun,Thingangyun,,Yangon East,ရန်ကုန်အရှေ့ပိုင်း,Yangon,ရန်ကုန်,,16.821891,96.204271,,4.6,298,,Yangon,Name: So Pyay (စိုပြေ). Category: Restaurant. Address: Thingangyun. Township: Thingangyun. District: Yangon East
1052,Soe,စိုး,Repair Facility,ပြုပြင်ရေးလုပ်ငန်း,,,Thingangyun,Thingangyun,Thingangyun,,Yangon East,ရန်ကုန်အရှေ့ပိုင်း,Yangon,ရန်ကုန်,,16.840064,96.200972,,4.2,166,,Yangon,Name: Soe (စိုး). Category: Repair Facility. Address: Thingangyun. Township: Thingangyun. District: Yangon East
1741,Soe Htun,စိုးထွန်း,Shop,အထွေထွေအမျိုးအစား,,,Thingangyun,Thingangyun,Thingangyun,,Yangon East,ရန်ကုန်အရှေ့ပိုင်း,Yangon,ရန်ကုန်,,16.829099,96.204639,,4.1,433,,Yangon,Name: Soe Htun (စိုးထွန်း). Category: Shop. Address: Thingangyun. Township: Thingangyun. District: Yangon East
1939,Soe Moe Naing,စိုးမိုးနိုင်,Company,ရုံးခန်းနှင့် လူနေအိမ်ရာ,,,Thingangyun,Thingangyun,Thingangyun,,Yangon East,ရန်ကုန်အရှေ့ပိုင်း,Yangon,ရန်ကုန်,,16.838873,96.200922,,4.9,427,,Yangon,Name: Soe Moe Naing (စိုးမိုးနိုင်). Category: Company. Address: Thingangyun. Township: Thingangyun. District: Yangon East
286,Soe Moe Nying,စိုးမိုးနိုင်,Construction Company,ဆောက်လုပ်ရေးနှင့် ဟာ့ဒ်ဝဲ,885,885,"885 Lay Daung Kan Road, Nga Moe Yeik Ward, Thingangyun, Yangon","၈၈၅, လေးထောင့်ကန်လမ်း, ငမိုးရိပ်ရပ်ကွက်, သင်္ဃန်းကျွန်း",Thingangyun,သင်္ဃန်းကျွန်း,Yangon East,ရန်ကုန်အရှေ့ပိုင်း,Yangon,ရန်ကုန်,11431.0,16.838856,96.200941,,4.6,268,,Yangon,"Name: Soe Moe Nying (စိုးမိုးနိုင်). Category: Construction Company. House Number: 885. Address: ၈၈၅, လေးထောင့်ကန်လမ်း, ငမိုးရိပ်ရပ်ကွက်, သင်္ဃန်းကျွန်း. Township: Thingangyun. District: Yangon East"
530,Soe Myat Phone Restaurant,Soe Myat Phone Restaurant,Restaurant,စားသောက်ဆိုင်,,,"Kyi Pwar Yae Ward (TGGN), Thingangyun","Kyi Pwar Yae Ward (TGGN), Thingangyun",Thingangyun,,Yangon East,ရန်ကုန်အရှေ့ပိုင်း,Yangon,ရန်ကုန်,,16.8405,96.2069,,4,400,,Yangon,"Name: Soe Myat Phone Restaurant. Category: Restaurant. Address: Kyi Pwar Yae Ward (TGGN), Thingangyun. Township: Thingangyun. District: Yangon East"
318,Soe Pyae Sone,စိုးပြည့်စုံ,Printing Shop,အထွေထွေအမျိုးအစား,139/3,139^3,"139/3 Than Thu Mar Road, Supaing Ward, Thingangyun, Yangon","၁၃၉^၃, သံသုမာလမ်း, စုပေါင်းရပ်ကွက်, သင်္ဃန်းကျွန်း",Thingangyun,သင်္ဃန်းကျွန်း,Yangon East,ရန်ကုန်အရှေ့ပိုင်း,Yangon,ရန်ကုန်,11431.0,16.816238,96.193642,,4.8,364,,Yangon,"Name: Soe Pyae Sone (စိုးပြည့်စုံ). Category: Printing Shop. House Number: 139/3. Address: ၁၃၉^၃, သံသုမာလမ်း, စုပေါင်းရပ်ကွက်, သင်္ဃန်းကျွန်း. Township: Thingangyun. District: Yangon East"
846,Soe Pyae Sone,စိုးပြည့်စုံ,Shop,အထွေထွေအမျိုးအစား,,,Thingangyun,Thingangyun,Thingangyun,,Yangon East,ရန်ကုန်အရှေ့ပိုင်း,Yangon,ရန်ကုန်,,16.816286,96.193709,,4.6,148,,Yangon,Name: Soe Pyae Sone (စိုးပြည့်စုံ). Category: Shop. Address: Thingangyun. Township: Thingangyun. District: Yangon East
817,Soe San,စိုးစံ,Shop,အထွေထွေအမျိုးအစား,,,Thingangyun,Thingangyun,Thingangyun,,Yangon East,ရန်ကုန်အရှေ့ပိုင်း,Yangon,ရန်ကုန်,,16.824039,96.207864,,4.7,61,,Yangon,Name: Soe San (စိုးစံ). Category: Shop. Address: Thingangyun. Township: Thingangyun. District: Yangon East
2023,Soe Soe Hlaing,စိုးစိုးလှိုင်,Café/Pub,ဘားနှင့် ဖျော်ဖြေရေး,,,Thingangyun,Thingangyun,Thingangyun,,Yangon East,ရန်ကုန်အရှေ့ပိုင်း,Yangon,ရန်ကုန်,,16.836129,96.185901,,4.3,79,,Yangon,Name: Soe Soe Hlaing (စိုးစိုးလှိုင်). Category: Café/Pub. Address: Thingangyun. Township: Thingangyun. District: Yangon East
627,Soe Star,Soe Star,Shop,အထွေထွေအမျိုးအစား,,,"Gagyi Ward (TGGN), Thingangyun","Gagyi Ward (TGGN), Thingangyun",Thingangyun,,Yangon East,ရန်ကုန်အရှေ့ပိုင်း,Yangon,ရန်ကုန်,,16.8297,96.2081,,4.7,91,,Yangon,"Name: Soe Star. Category: Shop. Address: Gagyi Ward (TGGN), Thingangyun. Township: Thingangyun. District: Yangon East"
1291,Soe Star,စိုးစတား,Shop,အထွေထွေအမျိုးအစား,,,Thingangyun,Thingangyun,Thingangyun,,Yangon East,ရန်ကုန်အရှေ့ပိုင်း,Yangon,ရန်ကုန်,,16.828902,96.2044,,4.1,283,,Yangon,Name: Soe Star (စိုးစတား). Category: Shop. Address: Thingangyun. Township: Thingangyun. District: Yangon East
1392,Soe Star,စိုးစတား,Shop,အထွေထွေအမျိုးအစား,,,Thingangyun,Thingangyun,Thingangyun,,Yangon East,ရန်ကုန်အရှေ့ပိုင်း,Yangon,ရန်ကုန်,,16.828935,96.204439,,4.2,586,,Yangon,Name: Soe Star (စိုးစတား). Category: Shop. Address: Thingangyun. Township: Thingangyun. District: Yangon East
1021,Soe Star,စိုးစတား,Repair Facility,ပြုပြင်ရေးလုပ်ငန်း,,,Thingangyun,Thingangyun,Thingangyun,,Yangon East,ရန်ကုန်အရှေ့ပိုင်း,Yangon,ရန်ကုန်,,16.829067,96.207561,,4.1,73,,Yangon,Name: Soe Star (စိုးစတား). Category: Repair Facility. Address: Thingangyun. Township: Thingangyun. District: Yangon East
1528,Soon Loon Gu Wipathanar Kyaung Tike,စွန်းလွန်းဂူဝိပဿနာကျောင်းတိုက်,Place of Worship,ဘာသာရေးနေရာ,,,Thingangyun,Thingangyun,Thingangyun,,Yangon East,ရန်ကုန်အရှေ့ပိုင်း,Yangon,ရန်ကုန်,,16.834386,96.182801,,4.8,394,,Yangon,Name: Soon Loon Gu Wipathanar Kyaung Tike (စွန်းလွန်းဂူဝိပဿနာကျောင်းတိုက်). Category: Place of Worship. Address: Thingangyun. Township: Thingangyun. District: Yangon East
319,Space,ဆပေ့,Car Accessories Shop,အထွေထွေအမျိုးအစား,6,6,"6 Than Thu Mar Road, Supaing Ward, Thingangyun, Yangon","၆, သံသုမာလမ်း, စုပေါင်းရပ်ကွက်, သင်္ဃန်းကျွန်း",Thingangyun,သင်္ဃန်းကျွန်း,Yangon East,ရန်ကုန်အရှေ့ပိုင်း,Yangon,ရန်ကုန်,11431.0,16.81845,96.197947,,4.9,367,,Yangon,"Name: Space (ဆပေ့). Category: Car Accessories Shop. House Number: 6. Address: ၆, သံသုမာလမ်း, စုပေါင်းရပ်ကွက်, သင်္ဃန်းကျွန်း. Township: Thingangyun. District: Yangon East"
628,Special One,Special One,Shop,အထွေထွေအမျိုးအစား,,,"Supaing Ward (TGGN), Thingangyun","Supaing Ward (TGGN), Thingangyun",Thingangyun,,Yangon East,ရန်ကုန်အရှေ့ပိုင်း,Yangon,ရန်ကုန်,,16.8152,96.1912,,4.8,94,,Yangon,"Name: Special One. Category: Shop. Address: Supaing Ward (TGGN), Thingangyun. Township: Thingangyun. District: Yangon East"
831,Special One,စပါယ်ရှယ်၀မ်း,Shop,အထွေထွေအမျိုးအစား,,,Thingangyun,Thingangyun,Thingangyun,,Yangon East,ရန်ကုန်အရှေ့ပိုင်း,Yangon,ရန်ကုန်,,16.815144,96.190887,,4.1,103,,Yangon,Name: Special One (စပါယ်ရှယ်၀မ်း). Category: Shop. Address: Thingangyun. Township: Thingangyun. District: Yangon East
531,St. Joseph's Catholic Church,St. Joseph's Catholic Church,Church,ဘာသာရေးနေရာ,,,"Kha Ward (TGGN), Thingangyun","Kha Ward (TGGN), Thingangyun",Thingangyun,,Yangon East,ရန်ကုန်အရှေ့ပိုင်း,Yangon,ရန်ကုန်,,16.8291,96.2001,,4.1,403,,Yangon,"Name: St. Joseph's Catholic Church. Category: Church. Address: Kha Ward (TGGN), Thingangyun. Township: Thingangyun. District: Yangon East"
532,St. Joseph's Convent,St. Joseph's Convent,Church,ဘာသာရေးနေရာ,,,"Gagyi Ward (TGGN), Thingangyun","Gagyi Ward (TGGN), Thingangyun",Thingangyun,,Yangon East,ရန်ကုန်အရှေ့ပိုင်း,Yangon,ရန်ကုန်,,16.8293,96.203,,4.2,406,,Yangon,"Name: St. Joseph's Convent. Category: Church. Address: Gagyi Ward (TGGN), Thingangyun. Township: Thingangyun. District: Yangon East"
1013,Star,စတား,Repair Facility,ပြုပြင်ရေးလုပ်ငန်း,,,Thingangyun,Thingangyun,Thingangyun,,Yangon East,ရန်ကုန်အရှေ့ပိုင်း,Yangon,ရန်ကုန်,,16.83613,96.207507,,4.3,49,,Yangon,Name: Star (စတား). Category: Repair Facility. Address: Thingangyun. Township: Thingangyun. District: Yangon East
1442,Star,စတား,Shop,အထွေထွေအမျိုးအစား,,,Thingangyun,Thingangyun,Thingangyun,,Yangon East,ရန်ကုန်အရှေ့ပိုင်း,Yangon,ရန်ကုန်,,16.840718,96.20219,,4.2,136,,Yangon,Name: Star (စတား). Category: Shop. Address: Thingangyun. Township: Thingangyun. District: Yangon East
886,Star,စတား,Shop,အထွေထွေအမျိုးအစား,,,Thingangyun,Thingangyun,Thingangyun,,Yangon East,ရန်ကုန်အရှေ့ပိုင်း,Yangon,ရန်ကုန်,,16.82756,96.211551,,4.6,268,,Yangon,Name: Star (စတား). Category: Shop. Address: Thingangyun. Township: Thingangyun. District: Yangon East
143,Star,စတား,Battery Sale & Service,ပြုပြင်ရေးလုပ်ငန်း,246,246,"246 Than Thu Mar Road, Kyi Pwar Yae Ward, Thingangyun, Yangon","၂၄၆, သံသုမာလမ်း, ကြီးပွားရေးရပ်ကွက်, သင်္ဃန်းကျွန်း",Thingangyun,သင်္ဃန်းကျွန်း,Yangon East,ရန်ကုန်အရှေ့ပိုင်း,Yangon,ရန်ကုန်,11431.0,16.836163,96.207475,,4.3,439,,Yangon,"Name: Star (စတား). Category: Battery Sale & Service. House Number: 246. Address: ၂၄၆, သံသုမာလမ်း, ကြီးပွားရေးရပ်ကွက်, သင်္ဃန်းကျွန်း. Township: Thingangyun. District: Yangon East"
1886,Star,စတား,Restaurant,စားသောက်ဆိုင်,,,Thingangyun,Thingangyun,Thingangyun,,Yangon East,ရန်ကုန်အရှေ့ပိုင်း,Yangon,ရန်ကုန်,,16.835465,96.186771,,4.6,268,,Yangon,Name: Star (စတား). Category: Restaurant. Address: Thingangyun. Township: Thingangyun. District: Yangon East
4,Star,စတား,Indian Restaurant,စားသောက်ဆိုင်,5 /Bldg 2,5^2,"5 /Bldg 2 Thu Mingalar Road, Kyaikasan West Ward, Thingangyun, Yangon","၅^၂, သုမင်္ဂလာလမ်း, ကျိုက္ကဆံရပ်ကွက်, သင်္ဃန်းကျွန်း",Thingangyun,သင်္ဃန်းကျွန်း,Yangon East,ရန်ကုန်အရှေ့ပိုင်း,Yangon,ရန်ကုန်,11431.0,16.835421,96.186795,,4.4,22,,Yangon,"Name: Star (စတား). Category: Indian Restaurant. House Number: 5 /Bldg 2. Address: ၅^၂, သုမင်္ဂလာလမ်း, ကျိုက္ကဆံရပ်ကွက်, သင်္ဃန်းကျွန်း. Township: Thingangyun. District: Yangon East"
114,Star Era,စတားအဲလာ,Electronic Shop,လျှပ်စစ်ပစ္စည်းဆိုင်,6,6,"6 Yadanar Road, Bawa Myint Ward, Thingangyun, Yangon","၆, ရတနာလမ်း, ဘ၀မြင့်ရပ်ကွက်, သင်္ဃန်းကျွန်း",Thingangyun,သင်္ဃန်းကျွန်း,Yangon East,ရန်ကုန်အရှေ့ပိုင်း,Yangon,ရန်ကုန်,11431.0,16.844709,96.199848,,4.4,352,,Yangon,"Name: Star Era (စတားအဲလာ). Category: Electronic Shop. House Number: 6. Address: ၆, ရတနာလမ်း, ဘ၀မြင့်ရပ်ကွက်, သင်္ဃန်းကျွန်း. Township: Thingangyun. District: Yangon East"
1999,Star Era,စတားအီရာ,Shop,အထွေထွေအမျိုးအစား,,,Thingangyun,Thingangyun,Thingangyun,,Yangon East,ရန်ကုန်အရှေ့ပိုင်း,Yangon,ရန်ကုန်,,16.844726,96.199885,,4.9,607,,Yangon,Name: Star Era (စတားအီရာ). Category: Shop. Address: Thingangyun. Township: Thingangyun. District: Yangon East
533,Star Mart [Head Office],Star Mart [Head Office],Super Market & Shopping Mall,စျေးနှင့် ကုန်စုံဆိုင်,,,"Rm 201~204, 2nd Flr, Than Thu Mar Rd., Thuwunna Housing,","Rm 201~204, 2nd Flr, Than Thu Mar Rd., Thuwunna Housing,",Thingangyun,,Yangon East,ရန်ကုန်အရှေ့ပိုင်း,Yangon,ရန်ကုန်,,16.8183,96.1991,,4.3,409,,Yangon,"Name: Star Mart [Head Office]. Category: Super Market & Shopping Mall. Address: Rm 201~204, 2nd Flr, Than Thu Mar Rd., Thuwunna Housing,. Township: Thingangyun. District: Yangon East"
1326,Star Mg Mg,စတားမောင်မောင်,Shop,အထွေထွေအမျိုးအစား,,,Thingangyun,Thingangyun,Thingangyun,,Yangon East,ရန်ကုန်အရှေ့ပိုင်း,Yangon,ရန်ကုန်,,16.823378,96.196986,,4.6,388,,Yangon,Name: Star Mg Mg (စတားမောင်မောင်). Category: Shop. Address: Thingangyun. Township: Thingangyun. District: Yangon East
232,Style,စတိုင်လ်,KTV,ဘားနှင့် ဖျော်ဖြေရေး,54,54,"54 Lay Daung Kan Road, Lay Daunkan Ward, Thingangyun, Yangon","၅၄, လေးထောင့်ကန်လမ်း, လေးဒေါင့်ကန်ရပ်ကွက်, သင်္ဃန်းကျွန်း",Thingangyun,သင်္ဃန်းကျွန်း,Yangon East,ရန်ကုန်အရှေ့ပိုင်း,Yangon,ရန်ကုန်,11431.0,16.835822,96.198509,,4.2,106,,Yangon,"Name: Style (စတိုင်လ်). Category: KTV. House Number: 54. Address: ၅၄, လေးထောင့်ကန်လမ်း, လေးဒေါင့်ကန်ရပ်ကွက်, သင်္ဃန်းကျွန်း. Township: Thingangyun. District: Yangon East"
790,Style & Smart,စတိုင်အန်စမတ်,Shop,အထွေထွေအမျိုးအစား,,,Thingangyun,Thingangyun,Thingangyun,,Yangon East,ရန်ကုန်အရှေ့ပိုင်း,Yangon,ရန်ကုန်,,16.840701,96.202852,,4,580,,Yangon,Name: Style & Smart (စတိုင်အန်စမတ်). Category: Shop. Address: Thingangyun. Township: Thingangyun. District: Yangon East
827,Style Bank,စတိုင်ဘဏ်,Hair Design,အလှပြင်နှင့် အပ်ချုပ်ဆိုင်,,,Thingangyun,Thingangyun,Thingangyun,,Yangon East,ရန်ကုန်အရှေ့ပိုင်း,Yangon,ရန်ကုန်,,16.843848,96.203019,,4.7,91,,Yangon,Name: Style Bank (စတိုင်ဘဏ်). Category: Hair Design. Address: Thingangyun. Township: Thingangyun. District: Yangon East
687,Style-7,စတိုင်ဆဲဗင်း,Restaurant,စားသောက်ဆိုင်,,,Thingangyun,Thingangyun,Thingangyun,,Yangon East,ရန်ကုန်အရှေ့ပိုင်း,Yangon,ရန်ကုန်,,16.826251,96.207213,,4.7,271,,Yangon,Name: Style-7 (စတိုင်ဆဲဗင်း). Category: Restaurant. Address: Thingangyun. Township: Thingangyun. District: Yangon East
1229,Su,ဆု,Shop,အထွေထွေအမျိုးအစား,,,Thingangyun,Thingangyun,Thingangyun,,Yangon East,ရန်ကုန်အရှေ့ပိုင်း,Yangon,ရန်ကုန်,,16.840917,96.202236,,4.9,97,,Yangon,Name: Su (ဆု). Category: Shop. Address: Thingangyun. Township: Thingangyun. District: Yangon East
709,Su,ဆု,Hospital/Polyclinic,ဆေးရုံနှင့် ဆေးခန်း,,,Thingangyun,Thingangyun,Thingangyun,,Yangon East,ရန်ကုန်အရှေ့ပိုင်း,Yangon,ရန်ကုန်,,16.84021,96.202331,,4.9,337,,Yangon,Name: Su (ဆု). Category: Hospital/Polyclinic. Address: Thingangyun. Township: Thingangyun. District: Yangon East
1252,Su,စု,Shop,အထွေထွေအမျိုးအစား,,,Thingangyun,Thingangyun,Thingangyun,,Yangon East,ရန်ကုန်အရှေ့ပိုင်း,Yangon,ရန်ကုန်,,16.829284,96.205993,,4.2,166,,Yangon,Name: Su (စု). Category: Shop. Address: Thingangyun. Township: Thingangyun. District: Yangon East
233,Su,ဆု,Clinic,ဆေးရုံနှင့် ဆေးခန်း,33,33,"33 Lay Daung Kan Road, Lay Daunkan Ward, Thingangyun, Yangon","၃၃, လေးထောင့်ကန်လမ်း, လေးဒေါင့်ကန်ရပ်ကွက်, သင်္ဃန်းကျွန်း",Thingangyun,သင်္ဃန်းကျွန်း,Yangon East,ရန်ကုန်အရှေ့ပိုင်း,Yangon,ရန်ကုန်,11431.0,16.839864,96.202592,,4.3,109,,Yangon,"Name: Su (ဆု). Category: Clinic. House Number: 33. Address: ၃၃, လေးထောင့်ကန်လမ်း, လေးဒေါင့်ကန်ရပ်ကွက်, သင်္ဃန်းကျွန်း. Township: Thingangyun. District: Yangon East"
234,Su Pyae Shan,ဆုပြည့်လျှံ,Cosmetic Shop,အလှပြင်နှင့် အပ်ချုပ်ဆိုင်,31,31,"31 Lay Daung Kan Road, Lay Daunkan Ward, Thingangyun, Yangon","၃၁, လေးထောင့်ကန်လမ်း, လေးဒေါင့်ကန်ရပ်ကွက်, သင်္ဃန်းကျွန်း",Thingangyun,သင်္ဃန်းကျွန်း,Yangon East,ရန်ကုန်အရှေ့ပိုင်း,Yangon,ရန်ကုန်,11431.0,16.839942,96.202683,,4.4,112,,Yangon,"Name: Su Pyae Shan (ဆုပြည့်လျှံ). Category: Cosmetic Shop. House Number: 31. Address: ၃၁, လေးထောင့်ကန်လမ်း, လေးဒေါင့်ကန်ရပ်ကွက်, သင်္ဃန်းကျွန်း. Township: Thingangyun. District: Yangon East"
723,Su Taung Pyae-Yan Myo Aung Zedi Taw Myat Gyi,ဆုတောင်းပြည့်-ရန်မျိုးအောင်စေတီတော်မြတ်ကြီး,Place of Worship,ဘာသာရေးနေရာ,,,Thingangyun,Thingangyun,Thingangyun,,Yangon East,ရန်ကုန်အရှေ့ပိုင်း,Yangon,ရန်ကုန်,,16.845755,96.206156,,4.3,379,,Yangon,Name: Su Taung Pyae-Yan Myo Aung Zedi Taw Myat Gyi (ဆုတောင်းပြည့်-ရန်မျိုးအောင်စေတီတော်မြတ်ကြီး). Category: Place of Worship. Address: Thingangyun. Township: Thingangyun. District: Yangon East
887,Su Wai,ဆု၀ေ,Shop,အထွေထွေအမျိုးအစား,,,Thingangyun,Thingangyun,Thingangyun,,Yangon East,ရန်ကုန်အရှေ့ပိုင်း,Yangon,ရန်ကုန်,,16.826254,96.208829,,4.7,271,,Yangon,Name: Su Wai (ဆု၀ေ). Category: Shop. Address: Thingangyun. Township: Thingangyun. District: Yangon East
1701,Su Yee,ဆုရီ,Shop,အထွေထွေအမျိုးအစား,,,Thingangyun,Thingangyun,Thingangyun,,Yangon East,ရန်ကုန်အရှေ့ပိုင်း,Yangon,ရန်ကုန်,,16.840622,96.200999,,4.1,313,,Yangon,Name: Su Yee (ဆုရီ). Category: Shop. Address: Thingangyun. Township: Thingangyun. District: Yangon East
1774,Su Yee Win,ဆုရည်၀င်း,Shop,အထွေထွေအမျိုးအစား,,,Thingangyun,Thingangyun,Thingangyun,,Yangon East,ရန်ကုန်အရှေ့ပိုင်း,Yangon,ရန်ကုန်,,16.83914,96.207131,,4.4,532,,Yangon,Name: Su Yee Win (ဆုရည်၀င်း). Category: Shop. Address: Thingangyun. Township: Thingangyun. District: Yangon East
13,Success,ဆက်စက်,Thai Restaurant,စားသောက်ဆိုင်,25-May,25^5,"25/5 Thu Mingalar Road, Nanwin Kone Ward, Thingangyun, Yangon","၂၅^၅, သုမင်္ဂလာလမ်း, နနွင်းကုန်းရပ်ကွက်, သင်္ဃန်းကျွန်း",Thingangyun,သင်္ဃန်းကျွန်း,Yangon East,ရန်ကုန်အရှေ့ပိုင်း,Yangon,ရန်ကုန်,11431.0,16.826131,96.186836,,4.3,49,,Yangon,"Name: Success (ဆက်စက်). Category: Thai Restaurant. House Number: 25-May. Address: ၂၅^၅, သုမင်္ဂလာလမ်း, နနွင်းကုန်းရပ်ကွက်, သင်္ဃန်းကျွန်း. Township: Thingangyun. District: Yangon East"
354,Sun,ဆန်း,Construction Company,ဆောက်လုပ်ရေးနှင့် ဟာ့ဒ်ဝဲ,1/18,43483,"1/18 Than Thu Mar Road, Ward-24 Thuwunna, Thingangyun, Yangon","၄၃၄၈၃, သံသုမာလမ်း, သု၀ဏ္ဏ(၂၄)ရပ်ကွက်, သင်္ဃန်းကျွန်း",Thingangyun,သင်္ဃန်းကျွန်း,Yangon East,ရန်ကုန်အရှေ့ပိုင်း,Yangon,ရန်ကုန်,11431.0,16.817763,96.197627,,4.4,472,,Yangon,"Name: Sun (ဆန်း). Category: Construction Company. House Number: 1/18. Address: ၄၃၄၈၃, သံသုမာလမ်း, သု၀ဏ္ဏ(၂၄)ရပ်ကွက်, သင်္ဃန်းကျွန်း. Township: Thingangyun. District: Yangon East"
1911,Sun Shine,ဆန်းရှုိင်း,School,ကျောင်းနှင့် တက္ကသိုလ်,,,Thingangyun,Thingangyun,Thingangyun,,Yangon East,ရန်ကုန်အရှေ့ပိုင်း,Yangon,ရန်ကုန်,,16.838035,96.200785,,4.1,343,,Yangon,Name: Sun Shine (ဆန်းရှုိင်း). Category: School. Address: Thingangyun. Township: Thingangyun. District: Yangon East
235,Sunday Pharmacy,ဆန်းဒေးပါမက်ဆီ,Pharmacy,ဆေးဆိုင်,59,59,"59 Lay Daung Kan Road, Lay Daunkan Ward, Thingangyun, Yangon","၅၉, လေးထောင့်ကန်လမ်း, လေးဒေါင့်ကန်ရပ်ကွက်, သင်္ဃန်းကျွန်း",Thingangyun,သင်္ဃန်းကျွန်း,Yangon East,ရန်ကုန်အရှေ့ပိုင်း,Yangon,ရန်ကုန်,11431.0,16.838437,96.201102,,4.5,115,,Yangon,"Name: Sunday Pharmacy (ဆန်းဒေးပါမက်ဆီ). Category: Pharmacy. House Number: 59. Address: ၅၉, လေးထောင့်ကန်လမ်း, လေးဒေါင့်ကန်ရပ်ကွက်, သင်္ဃန်းကျွန်း. Township: Thingangyun. District: Yangon East"
1859,Super AAA,စူပါအေအေအေ,Repair Facility,ပြုပြင်ရေးလုပ်ငန်း,,,Thingangyun,Thingangyun,Thingangyun,,Yangon East,ရန်ကုန်အရှေ့ပိုင်း,Yangon,ရန်ကုန်,,16.835653,96.198425,,4.9,187,,Yangon,Name: Super AAA (စူပါအေအေအေ). Category: Repair Facility. Address: Thingangyun. Township: Thingangyun. District: Yangon East
320,Super Star,စူပါစတား,General Car Repair & Service,ပြုပြင်ရေးလုပ်ငန်း,1.F,1tufzf,"1.F Than Thu Mar Road, Supaing Ward, Thingangyun, Yangon","၁အက်ဖ်, သံသုမာလမ်း, စုပေါင်းရပ်ကွက်, သင်္ဃန်းကျွန်း",Thingangyun,သင်္ဃန်းကျွန်း,Yangon East,ရန်ကုန်အရှေ့ပိုင်း,Yangon,ရန်ကုန်,11431.0,16.818861,96.198859,,4,370,,Yangon,"Name: Super Star (စူပါစတား). Category: General Car Repair & Service. House Number: 1.F. Address: ၁အက်ဖ်, သံသုမာလမ်း, စုပေါင်းရပ်ကွက်, သင်္ဃန်းကျွန်း. Township: Thingangyun. District: Yangon East"
847,Super Style,စူပါစတိုင်,Shop,အထွေထွေအမျိုးအစား,,,Thingangyun,Thingangyun,Thingangyun,,Yangon East,ရန်ကုန်အရှေ့ပိုင်း,Yangon,ရန်ကုန်,,16.815329,96.192486,,4.7,151,,Yangon,Name: Super Style (စူပါစတိုင်). Category: Shop. Address: Thingangyun. Township: Thingangyun. District: Yangon East
355,Super Style,စူပါစတိုင်,Photo Studio,အထွေထွေအမျိုးအစား,37,37,"37 Kyun Taw Street, Kyuntaw Ward (South), Sanchaung, Yangon","၃၇, ကျွန်းတောလမ်း, ကျွန်းတောတောင်ရပ်ကွက်, စမ်းချောင်း",Sanchaung,စမ်းချောင်း,Yangon East,ရန်ကုန်အရှေ့ပိုင်း,Yangon,ရန်ကုန်,11431.0,16.81539,96.1925,,4.5,475,,Yangon,"Name: Super Style (စူပါစတိုင်). Category: Photo Studio. House Number: 37. Address: ၃၇, ကျွန်းတောလမ်း, ကျွန်းတောတောင်ရပ်ကွက်, စမ်းချောင်း. Township: Sanchaung. District: Yangon East"
1775,Swal Taw Ni,စွယ်တော်နီ,Shop,အထွေထွေအမျိုးအစား,,,Thingangyun,Thingangyun,Thingangyun,,Yangon East,ရန်ကုန်အရှေ့ပိုင်း,Yangon,ရန်ကုန်,,16.830666,96.202619,,4.5,535,,Yangon,Name: Swal Taw Ni (စွယ်တော်နီ). Category: Shop. Address: Thingangyun. Township: Thingangyun. District: Yangon East
952,Swan Ar,စွမ်းအား,Café/Pub,ဘားနှင့် ဖျော်ဖြေရေး,,,Thingangyun,Thingangyun,Thingangyun,,Yangon East,ရန်ကုန်အရှေ့ပိုင်း,Yangon,ရန်ကုန်,,16.824451,96.211938,,4.2,466,,Yangon,Name: Swan Ar (စွမ်းအား). Category: Café/Pub. Address: Thingangyun. Township: Thingangyun. District: Yangon East
688,Swan Oak Kyi,ဆွမ်းအုပ်ကြီး,Restaurant,စားသောက်ဆိုင်,,,Thingangyun,Thingangyun,Thingangyun,,Yangon East,ရန်ကုန်အရှေ့ပိုင်း,Yangon,ရန်ကုန်,,16.829764,96.208134,,4.8,274,,Yangon,Name: Swan Oak Kyi (ဆွမ်းအုပ်ကြီး). Category: Restaurant. Address: Thingangyun. Township: Thingangyun. District: Yangon East
46,Swe Myo Mae,ဆွေမျိုးမေ့,Restaurant (Rakkhine_Myanmar Food),စားသောက်ဆိုင်,122,122,"122 Than Thu Mar Road, Nga Moe Yeik Ward, Thingangyun, Yangon","၁၂၂, သံသုမာလမ်း, ငမိုးရိပ်ရပ်ကွက်, သင်္ဃန်းကျွန်း",Thingangyun,သင်္ဃန်းကျွန်း,Yangon East,ရန်ကုန်အရှေ့ပိုင်း,Yangon,ရန်ကုန်,11431.0,16.844705,96.202129,,4.6,148,,Yangon,"Name: Swe Myo Mae (ဆွေမျိုးမေ့). Category: Restaurant (Rakkhine_Myanmar Food). House Number: 122. Address: ၁၂၂, သံသုမာလမ်း, ငမိုးရိပ်ရပ်ကွက်, သင်္ဃန်းကျွန်း. Township: Thingangyun. District: Yangon East"
1265,Sweet,ဆွီ,Shop,အထွေထွေအမျိုးအစား,,,Thingangyun,Thingangyun,Thingangyun,,Yangon East,ရန်ကုန်အရှေ့ပိုင်း,Yangon,ရန်ကုန်,,16.834931,96.199646,,4.5,205,,Yangon,Name: Sweet (ဆွီ). Category: Shop. Address: Thingangyun. Township: Thingangyun. District: Yangon East
1702,Sweet Angle,ဆွိ(ထ်)အိန်ဂျယ်(လ်),Shop,အထွေထွေအမျိုးအစား,,,Thingangyun,Thingangyun,Thingangyun,,Yangon East,ရန်ကုန်အရှေ့ပိုင်း,Yangon,ရန်ကုန်,,16.841862,96.200738,,4.2,316,,Yangon,Name: Sweet Angle (ဆွိ(ထ်)အိန်ဂျယ်(လ်)). Category: Shop. Address: Thingangyun. Township: Thingangyun. District: Yangon East
1885,Sweet Heart,ဆွီဟက်,Restaurant,စားသောက်ဆိုင်,,,Thingangyun,Thingangyun,Thingangyun,,Yangon East,ရန်ကုန်အရှေ့ပိုင်း,Yangon,ရန်ကုန်,,16.845372,96.201397,,4.5,265,,Yangon,Name: Sweet Heart (ဆွီဟက်). Category: Restaurant. Address: Thingangyun. Township: Thingangyun. District: Yangon East
54,Sweet Heart,ဆွိဟတ်,"Restaurant (Chinese, Myanmar Food & Cold Drink)",စားသောက်ဆိုင်,28,28,"28 Than Thu Mar Road, Bawa Myint Ward, Thingangyun, Yangon","၂၈, သံသုမာလမ်း, ဘ၀မြင့်ရပ်ကွက်, သင်္ဃန်းကျွန်း",Thingangyun,သင်္ဃန်းကျွန်း,Yangon East,ရန်ကုန်အရှေ့ပိုင်း,Yangon,ရန်ကုန်,11431.0,16.845386,96.201339,,4.4,172,,Yangon,"Name: Sweet Heart (ဆွိဟတ်). Category: Restaurant (Chinese, Myanmar Food & Cold Drink). House Number: 28. Address: ၂၈, သံသုမာလမ်း, ဘ၀မြင့်ရပ်ကွက်, သင်္ဃန်းကျွန်း. Township: Thingangyun. District: Yangon East"
806,Sweet House Video,ဆွိဟောက်စ်ဗီဒီယို,Shop,အထွေထွေအမျိုးအစား,,,Thingangyun,Thingangyun,Thingangyun,,Yangon East,ရန်ကုန်အရှေ့ပိုင်း,Yangon,ရန်ကုန်,,16.839847,96.202709,,4.6,28,,Yangon,Name: Sweet House Video (ဆွိဟောက်စ်ဗီဒီယို). Category: Shop. Address: Thingangyun. Township: Thingangyun. District: Yangon East
236,Sweet House Viedo,ဆွိဟောက်ဗီတီယို,Electronic Shop,လျှပ်စစ်ပစ္စည်းဆိုင်,32,32,"32 Lay Daung Kan Road, Lay Daunkan Ward, Thingangyun, Yangon","၃၂, လေးထောင့်ကန်လမ်း, လေးဒေါင့်ကန်ရပ်ကွက်, သင်္ဃန်းကျွန်း",Thingangyun,သင်္ဃန်းကျွန်း,Yangon East,ရန်ကုန်အရှေ့ပိုင်း,Yangon,ရန်ကုန်,11431.0,16.839922,96.202644,,4.6,118,,Yangon,"Name: Sweet House Viedo (ဆွိဟောက်ဗီတီယို). Category: Electronic Shop. House Number: 32. Address: ၃၂, လေးထောင့်ကန်လမ်း, လေးဒေါင့်ကန်ရပ်ကွက်, သင်္ဃန်းကျွန်း. Township: Thingangyun. District: Yangon East"
1827,Sweet Style,ဆွိစတိုင်လ်,Nightlife,ဘားနှင့် ဖျော်ဖြေရေး,,,Thingangyun,Thingangyun,Thingangyun,,Yangon East,ရန်ကုန်အရှေ့ပိုင်း,Yangon,ရန်ကုန်,,16.827979,96.207692,,4.7,91,,Yangon,Name: Sweet Style (ဆွိစတိုင်လ်). Category: Nightlife. Address: Thingangyun. Township: Thingangyun. District: Yangon East
655,Sweety Air,ဆွီးတီးအဲလ်,Repair Facility,ပြုပြင်ရေးလုပ်ငန်း,,,Thingangyun,Thingangyun,Thingangyun,,Yangon East,ရန်ကုန်အရှေ့ပိုင်း,Yangon,ရန်ကုန်,,16.82582,96.186557,,4.5,175,,Yangon,Name: Sweety Air (ဆွီးတီးအဲလ်). Category: Repair Facility. Address: Thingangyun. Township: Thingangyun. District: Yangon East
928,T & Z,တီအန်ဇက်,Shop,အထွေထွေအမျိုးအစား,,,Thingangyun,Thingangyun,Thingangyun,,Yangon East,ရန်ကုန်အရှေ့ပိုင်း,Yangon,ရန်ကုန်,,16.828483,96.210479,,4.8,394,,Yangon,Name: T & Z (တီအန်ဇက်). Category: Shop. Address: Thingangyun. Township: Thingangyun. District: Yangon East
916,T K Y,တီကေဝိုင်း,Shop,အထွေထွေအမျိုးအစား,,,Thingangyun,Thingangyun,Thingangyun,,Yangon East,ရန်ကုန်အရှေ့ပိုင်း,Yangon,ရန်ကုန်,,16.824523,96.21206,,4.6,358,,Yangon,Name: T K Y (တီကေဝိုင်း). Category: Shop. Address: Thingangyun. Township: Thingangyun. District: Yangon East
1443,T&K,တီအန်ကေ,Shop,အထွေထွေအမျိုးအစား,,,Thingangyun,Thingangyun,Thingangyun,,Yangon East,ရန်ကုန်အရှေ့ပိုင်း,Yangon,ရန်ကုန်,,16.843209,96.200931,,4.3,139,,Yangon,Name: T&K (တီအန်ကေ). Category: Shop. Address: Thingangyun. Township: Thingangyun. District: Yangon East
689,T&T,တီအမ်တီ,Restaurant,စားသောက်ဆိုင်,,,Thingangyun,Thingangyun,Thingangyun,,Yangon East,ရန်ကုန်အရှေ့ပိုင်း,Yangon,ရန်ကုန်,,16.825839,96.207922,,4.9,277,,Yangon,Name: T&T (တီအမ်တီ). Category: Restaurant. Address: Thingangyun. Township: Thingangyun. District: Yangon East
360,T-Star,တီစတား,Premium Corporate Gifts,အထွေထွေအမျိုးအစား,1/17,43482,"1/17 Than Thu Mar Road, Ward-24 Thuwunna, Thingangyun, Yangon","၄၃၄၈၂, သံသုမာလမ်း, သု၀ဏ္ဏ(၂၄)ရပ်ကွက်, သင်္ဃန်းကျွန်း",Thingangyun,သင်္ဃန်းကျွန်း,Yangon East,ရန်ကုန်အရှေ့ပိုင်း,Yangon,ရန်ကုန်,11431.0,16.817738,96.197574,,4,490,,Yangon,"Name: T-Star (တီစတား). Category: Premium Corporate Gifts. House Number: 1/17. Address: ၄၃၄၈၂, သံသုမာလမ်း, သု၀ဏ္ဏ(၂၄)ရပ်ကွက်, သင်္ဃန်းကျွန်း. Township: Thingangyun. District: Yangon East"
782,T.A.C,တီ အေ စီ,Fashion,ဖက်ရှင်စတိုး,,,Thingangyun,Thingangyun,Thingangyun,,Yangon East,ရန်ကုန်အရှေ့ပိုင်း,Yangon,ရန်ကုန်,,16.844601,96.201807,,4.2,556,,Yangon,Name: T.A.C (တီ အေ စီ). Category: Fashion. Address: Thingangyun. Township: Thingangyun. District: Yangon East
534,TGK_VILLA,TGK_VILLA,Condo,ရုံးခန်းနှင့် လူနေအိမ်ရာ,,,",Lay Daung Kan Rd.,Kha Ward (TGGN),Thingangyun",",Lay Daung Kan Rd.,Kha Ward (TGGN),Thingangyun",Thingangyun,,Yangon East,ရန်ကုန်အရှေ့ပိုင်း,Yangon,ရန်ကုန်,,16.8268,96.1975,,4.4,412,,Yangon,"Name: TGK_VILLA. Category: Condo. Address: ,Lay Daung Kan Rd.,Kha Ward (TGGN),Thingangyun. Township: Thingangyun. District: Yangon East"
1276,TT,တီတီ,Shop,အထွေထွေအမျိုးအစား,,,Thingangyun,Thingangyun,Thingangyun,,Yangon East,ရန်ကုန်အရှေ့ပိုင်း,Yangon,ရန်ကုန်,,16.837991,96.202274,,4.6,238,,Yangon,Name: TT (တီတီ). Category: Shop. Address: Thingangyun. Township: Thingangyun. District: Yangon East
323,TTO,တီတီအို,Mobile Phone Sale & Service,ဖုန်းနှင့် ဆက်စပ်ပစ္စည်း,305/4,305^4,"305/4 Than Thu Mar Road, Supaing Ward, Thingangyun, Yangon","၃၀၅^၄, သံသုမာလမ်း, စုပေါင်းရပ်ကွက်, သင်္ဃန်းကျွန်း",Thingangyun,သင်္ဃန်းကျွန်း,Yangon East,ရန်ကုန်အရှေ့ပိုင်း,Yangon,ရန်ကုန်,11431.0,16.81894,96.198983,,4.3,379,,Yangon,"Name: TTO (တီတီအို). Category: Mobile Phone Sale & Service. House Number: 305/4. Address: ၃၀၅^၄, သံသုမာလမ်း, စုပေါင်းရပ်ကွက်, သင်္ဃန်းကျွန်း. Township: Thingangyun. District: Yangon East"
249,TV (1),တီဗွီ (၁),Driving Training,အထွေထွေအမျိုးအစား,54,54,"54 Lay Daung Kan Road, Lay Daunkan Ward, Thingangyun, Yangon","၅၄, လေးထောင့်ကန်လမ်း, လေးဒေါင့်ကန်ရပ်ကွက်, သင်္ဃန်းကျွန်း",Thingangyun,သင်္ဃန်းကျွန်း,Yangon East,ရန်ကုန်အရှေ့ပိုင်း,Yangon,ရန်ကုန်,11431.0,16.835775,96.198447,,4.9,157,,Yangon,"Name: TV (1) (တီဗွီ (၁)). Category: Driving Training. House Number: 54. Address: ၅၄, လေးထောင့်ကန်လမ်း, လေးဒေါင့်ကန်ရပ်ကွက်, သင်္ဃန်းကျွန်း. Township: Thingangyun. District: Yangon East"
1907,TV 1,တီဗီ၁,School,ကျောင်းနှင့် တက္ကသိုလ်,,,Thingangyun,Thingangyun,Thingangyun,,Yangon East,ရန်ကုန်အရှေ့ပိုင်း,Yangon,ရန်ကုန်,,16.835764,96.198532,,4.7,331,,Yangon,Name: TV 1 (တီဗီ၁). Category: School. Address: Thingangyun. Township: Thingangyun. District: Yangon East
1054,TZTS,တီဇက်ဒ်တီအတ်စ်,Repair Facility,ပြုပြင်ရေးလုပ်ငန်း,,,Thingangyun,Thingangyun,Thingangyun,,Yangon East,ရန်ကုန်အရှေ့ပိုင်း,Yangon,ရန်ကုန်,,16.830451,96.207881,,4.4,172,,Yangon,Name: TZTS (တီဇက်ဒ်တီအတ်စ်). Category: Repair Facility. Address: Thingangyun. Township: Thingangyun. District: Yangon East
0,TaTa Pet,တတပက်,Grooming Salon,အလှပြင်ပြင်ဆင်ရေး,A1 005,at0rf; 005,"A1 005 Thu Mingalar Road, Kyaikasan West Ward, Thingangyun, Yangon","အေ၀မ်း ၀၀၅, သုမင်္ဂလာလမ်း, ကျိုက္ကဆံရပ်ကွက်, သင်္ဃန်းကျွန်း",Thingangyun,သင်္ဃန်းကျွန်း,Yangon East,ရန်ကုန်အရှေ့ပိုင်း,Yangon,ရန်ကုန်,11431.0,16.835625,96.186682,,4,10,,Yangon,"Name: TaTa Pet (တတပက်). Category: Grooming Salon. House Number: A1 005. Address: အေ၀မ်း ၀၀၅, သုမင်္ဂလာလမ်း, ကျိုက္ကဆံရပ်ကွက်, သင်္ဃန်းကျွန်း. Township: Thingangyun. District: Yangon East"
1360,Tak Nay Win,တက်နေ၀င်း,Shop,အထွေထွေအမျိုးအစား,,,Thingangyun,Thingangyun,Thingangyun,,Yangon East,ရန်ကုန်အရှေ့ပိုင်း,Yangon,ရန်ကုန်,,16.836473,96.207404,,4,490,,Yangon,Name: Tak Nay Win (တက်နေ၀င်း). Category: Shop. Address: Thingangyun. Township: Thingangyun. District: Yangon East
237,Take Tie Win,သိဒိ္ဓဝင်,Currency Exchange,ဘဏ်နှင့် ငွေကြေးဝန်ဆောင်မှု,79,79,"79 Lay Daung Kan Road, Lay Daunkan Ward, Thingangyun, Yangon","၇၉, လေးထောင့်ကန်လမ်း, လေးဒေါင့်ကန်ရပ်ကွက်, သင်္ဃန်းကျွန်း",Thingangyun,သင်္ဃန်းကျွန်း,Yangon East,ရန်ကုန်အရှေ့ပိုင်း,Yangon,ရန်ကုန်,11431.0,16.837366,96.199975,,4.7,121,,Yangon,"Name: Take Tie Win (သိဒိ္ဓဝင်). Category: Currency Exchange. House Number: 79. Address: ၇၉, လေးထောင့်ကန်လမ်း, လေးဒေါင့်ကန်ရပ်ကွက်, သင်္ဃန်းကျွန်း. Township: Thingangyun. District: Yangon East"
1393,Tamar Di,သမာဓိ,Shop,အထွေထွေအမျိုးအစား,,,Thingangyun,Thingangyun,Thingangyun,,Yangon East,ရန်ကုန်အရှေ့ပိုင်း,Yangon,ရန်ကုန်,,16.830016,96.207797,,4.3,589,,Yangon,Name: Tamar Di (သမာဓိ). Category: Shop. Address: Thingangyun. Township: Thingangyun. District: Yangon East
1742,Tan Sin,သံစဥ်,Shop,အထွေထွေအမျိုးအစား,,,Thingangyun,Thingangyun,Thingangyun,,Yangon East,ရန်ကုန်အရှေ့ပိုင်း,Yangon,ရန်ကုန်,,16.835067,96.199679,,4.2,436,,Yangon,Name: Tan Sin (သံစဥ်). Category: Shop. Address: Thingangyun. Township: Thingangyun. District: Yangon East
287,Tangyan Tar,တန့်ယန်းသား,Restaurant (Beer Pub),ဘားနှင့် ဖျော်ဖြေရေး,882,882,"882 Lay Daung Kan Road, Nga Moe Yeik Ward, Thingangyun, Yangon","၈၈၂, လေးထောင့်ကန်လမ်း, ငမိုးရိပ်ရပ်ကွက်, သင်္ဃန်းကျွန်း",Thingangyun,သင်္ဃန်းကျွန်း,Yangon East,ရန်ကုန်အရှေ့ပိုင်း,Yangon,ရန်ကုန်,11431.0,16.83874,96.200786,,4.7,271,,Yangon,"Name: Tangyan Tar (တန့်ယန်းသား). Category: Restaurant (Beer Pub). House Number: 882. Address: ၈၈၂, လေးထောင့်ကန်လမ်း, ငမိုးရိပ်ရပ်ကွက်, သင်္ဃန်းကျွန်း. Township: Thingangyun. District: Yangon East"
690,Tant Yan,တန့်ယန်း,Restaurant,စားသောက်ဆိုင်,,,Thingangyun,Thingangyun,Thingangyun,,Yangon East,ရန်ကုန်အရှေ့ပိုင်း,Yangon,ရန်ကုန်,,16.838832,96.200894,,4,280,,Yangon,Name: Tant Yan (တန့်ယန်း). Category: Restaurant. Address: Thingangyun. Township: Thingangyun. District: Yangon East
1053,Tat Lu,တက်လူ,Repair Facility,ပြုပြင်ရေးလုပ်ငန်း,,,Thingangyun,Thingangyun,Thingangyun,,Yangon East,ရန်ကုန်အရှေ့ပိုင်း,Yangon,ရန်ကုန်,,16.831177,96.207933,,4.3,169,,Yangon,Name: Tat Lu (တက်လူ). Category: Repair Facility. Address: Thingangyun. Township: Thingangyun. District: Yangon East
368,Tattoo,တက်တူး,Tattoo Studio,အထွေထွေအမျိုးအစား,346,346,"346 Than Thu Mar Road, Ward-25 Thuwunna, Thingangyun, Yangon","၃၄၆, သံသုမာလမ်း, သု၀ဏ္ဏ(၂၅)ရပ်ကွက်, သင်္ဃန်းကျွန်း",Thingangyun,သင်္ဃန်းကျွန်း,Yangon East,ရန်ကုန်အရှေ့ပိုင်း,Yangon,ရန်ကုန်,11431.0,16.821381,96.20271,,4.8,514,,Yangon,"Name: Tattoo (တက်တူး). Category: Tattoo Studio. House Number: 346. Address: ၃၄၆, သံသုမာလမ်း, သု၀ဏ္ဏ(၂၅)ရပ်ကွက်, သင်္ဃန်းကျွန်း. Township: Thingangyun. District: Yangon East"
828,Taung Za Lat,တောင်ဇလပ်,Shop,အထွေထွေအမျိုးအစား,,,Thingangyun,Thingangyun,Thingangyun,,Yangon East,ရန်ကုန်အရှေ့ပိုင်း,Yangon,ရန်ကုန်,,16.826346,96.208422,,4.8,94,,Yangon,Name: Taung Za Lat (တောင်ဇလပ်). Category: Shop. Address: Thingangyun. Township: Thingangyun. District: Yangon East
1918,Taunggoo Kyaw Naing,တောင်ငူကျော်နိုင်,Car Wash,မော်တော်ယာဉ် ဆေးကြောရေး,,,Thingangyun,Thingangyun,Thingangyun,,Yangon East,ရန်ကုန်အရှေ့ပိုင်း,Yangon,ရန်ကုန်,,16.832019,96.187722,,4.8,364,,Yangon,Name: Taunggoo Kyaw Naing (တောင်ငူကျော်နိုင်). Category: Car Wash. Address: Thingangyun. Township: Thingangyun. District: Yangon East
1123,Taw,တော်,Hospital/Polyclinic,ဆေးရုံနှင့် ဆေးခန်း,,,Thingangyun,Thingangyun,Thingangyun,,Yangon East,ရန်ကုန်အရှေ့ပိုင်း,Yangon,ရန်ကုန်,,16.831483,96.20258,,4.3,379,,Yangon,Name: Taw (တော်). Category: Hospital/Polyclinic. Address: Thingangyun. Township: Thingangyun. District: Yangon East
735,Taw Ka,သော်က,Car Wash,မော်တော်ယာဉ် ဆေးကြောရေး,,,Thingangyun,Thingangyun,Thingangyun,,Yangon East,ရန်ကုန်အရှေ့ပိုင်း,Yangon,ရန်ကုန်,,16.823579,96.211057,,4.5,415,,Yangon,Name: Taw Ka (သော်က). Category: Car Wash. Address: Thingangyun. Township: Thingangyun. District: Yangon East
656,Taw Win,တော်၀င်,Repair Facility,ပြုပြင်ရေးလုပ်ငန်း,,,Thingangyun,Thingangyun,Thingangyun,,Yangon East,ရန်ကုန်အရှေ့ပိုင်း,Yangon,ရန်ကုန်,,16.817898,96.198062,,4.6,178,,Yangon,Name: Taw Win (တော်၀င်). Category: Repair Facility. Address: Thingangyun. Township: Thingangyun. District: Yangon East
829,Taw Win,တော်၀င်,Shop,အထွေထွေအမျိုးအစား,,,Thingangyun,Thingangyun,Thingangyun,,Yangon East,ရန်ကုန်အရှေ့ပိုင်း,Yangon,ရန်ကုန်,,16.844152,96.20277,,4.9,97,,Yangon,Name: Taw Win (တော်၀င်). Category: Shop. Address: Thingangyun. Township: Thingangyun. District: Yangon East
1445,Taw Win,တော်၀င်,Shop,အထွေထွေအမျိုးအစား,,,Thingangyun,Thingangyun,Thingangyun,,Yangon East,ရန်ကုန်အရှေ့ပိုင်း,Yangon,ရန်ကုန်,,16.840603,96.20066,,4.5,145,,Yangon,Name: Taw Win (တော်၀င်). Category: Shop. Address: Thingangyun. Township: Thingangyun. District: Yangon East
1444,Taw Win,တော်၀င်,Shop,အထွေထွေအမျိုးအစား,,,Thingangyun,Thingangyun,Thingangyun,,Yangon East,ရန်ကုန်အရှေ့ပိုင်း,Yangon,ရန်ကုန်,,16.842033,96.202429,,4.4,142,,Yangon,Name: Taw Win (တော်၀င်). Category: Shop. Address: Thingangyun. Township: Thingangyun. District: Yangon East
1965,Taw Win Bayane,တော်၀င်ဘရဏီ,Shop,အထွေထွေအမျိုးအစား,,,Thingangyun,Thingangyun,Thingangyun,,Yangon East,ရန်ကုန်အရှေ့ပိုင်း,Yangon,ရန်ကုန်,,16.834689,96.19666,,4.5,505,,Yangon,Name: Taw Win Bayane (တော်၀င်ဘရဏီ). Category: Shop. Address: Thingangyun. Township: Thingangyun. District: Yangon East
917,Taw Win Kyal Sin,တော်၀င်ကြယ်စင်,Shop,အထွေထွေအမျိုးအစား,,,Thingangyun,Thingangyun,Thingangyun,,Yangon East,ရန်ကုန်အရှေ့ပိုင်း,Yangon,ရန်ကုန်,,16.828383,96.209498,,4.7,361,,Yangon,Name: Taw Win Kyal Sin (တော်၀င်ကြယ်စင်). Category: Shop. Address: Thingangyun. Township: Thingangyun. District: Yangon East
1776,Taw Win Nan Htet,တော်၀င်နန်းထက်,Shop,အထွေထွေအမျိုးအစား,,,Thingangyun,Thingangyun,Thingangyun,,Yangon East,ရန်ကုန်အရှေ့ပိုင်း,Yangon,ရန်ကုန်,,16.840132,96.20083,,4.6,538,,Yangon,Name: Taw Win Nan Htet (တော်၀င်နန်းထက်). Category: Shop. Address: Thingangyun. Township: Thingangyun. District: Yangon East
2002,Taw Win-II,တောင်၀င် ၂,Shop,အထွေထွေအမျိုးအစား,,,Thingangyun,Thingangyun,Thingangyun,,Yangon East,ရန်ကုန်အရှေ့ပိုင်း,Yangon,ရန်ကုန်,,16.835652,96.186187,,4.2,16,,Yangon,Name: Taw Win-II (တောင်၀င် ၂). Category: Shop. Address: Thingangyun. Township: Thingangyun. District: Yangon East
1266,Taw Wun Nan,တော်၀န်နန်း,Shop,အထွေထွေအမျိုးအစား,,,Thingangyun,Thingangyun,Thingangyun,,Yangon East,ရန်ကုန်အရှေ့ပိုင်း,Yangon,ရန်ကုန်,,16.827196,96.207499,,4.6,208,,Yangon,Name: Taw Wun Nan (တော်၀န်နန်း). Category: Shop. Address: Thingangyun. Township: Thingangyun. District: Yangon East
238,Tawin,တော်ဝင်,Pharmacy,ဆေးဆိုင်,78,78,"78 Lay Daung Kan Road, Lay Daunkan Ward, Thingangyun, Yangon","၇၈, လေးထောင့်ကန်လမ်း, လေးဒေါင့်ကန်ရပ်ကွက်, သင်္ဃန်းကျွန်း",Thingangyun,သင်္ဃန်းကျွန်း,Yangon East,ရန်ကုန်အရှေ့ပိုင်း,Yangon,ရန်ကုန်,11431.0,16.837411,96.200023,,4.8,124,,Yangon,"Name: Tawin (တော်ဝင်). Category: Pharmacy. House Number: 78. Address: ၇၈, လေးထောင့်ကန်လမ်း, လေးဒေါင့်ကန်ရပ်ကွက်, သင်္ဃန်းကျွန်း. Township: Thingangyun. District: Yangon East"
356,Tawin,တော်ဝင်,Car Accessories Shop,အထွေထွေအမျိုးအစား,2-Feb,43498,"2/2 Than Thu Mar Road, Ward-24 Thuwunna, Thingangyun, Yangon","၄၃၄၉၈, သံသုမာလမ်း, သု၀ဏ္ဏ(၂၄)ရပ်ကွက်, သင်္ဃန်းကျွန်း",Thingangyun,သင်္ဃန်းကျွန်း,Yangon East,ရန်ကုန်အရှေ့ပိုင်း,Yangon,ရန်ကုန်,11431.0,16.818002,96.198031,,4.6,478,,Yangon,"Name: Tawin (တော်ဝင်). Category: Car Accessories Shop. House Number: 2-Feb. Address: ၄၃၄၉၈, သံသုမာလမ်း, သု၀ဏ္ဏ(၂၄)ရပ်ကွက်, သင်္ဃန်းကျွန်း. Township: Thingangyun. District: Yangon East"
405,Tay Zar Thiri,တေဇာသီရိ,Wedding Hall,အထွေထွေအမျိုးအစား,15,15,"15 Than Thu Mar Road, Yangon Thit Ward, Thingangyun, Yangon","၁၅, သံသုမာလမ်း, ရန်ကုန်သစ်ရပ်ကွက်, သင်္ဃန်းကျွန်း",Thingangyun,သင်္ဃန်းကျွန်း,Yangon East,ရန်ကုန်အရှေ့ပိုင်း,Yangon,ရန်ကုန်,11431.0,16.826385,96.207219,,4.5,25,,Yangon,"Name: Tay Zar Thiri (တေဇာသီရိ). Category: Wedding Hall. House Number: 15. Address: ၁၅, သံသုမာလမ်း, ရန်ကုန်သစ်ရပ်ကွက်, သင်္ဃန်းကျွန်း. Township: Thingangyun. District: Yangon East"
1820,Tea Kain Na Yee,တီးကိန္နရီ,Café/Pub,ဘားနှင့် ဖျော်ဖြေရေး,,,Thingangyun,Thingangyun,Thingangyun,,Yangon East,ရန်ကုန်အရှေ့ပိုင်း,Yangon,ရန်ကုန်,,16.842522,96.201613,,4,70,,Yangon,Name: Tea Kain Na Yee (တီးကိန္နရီ). Category: Café/Pub. Address: Thingangyun. Township: Thingangyun. District: Yangon East
239,Tee Thant,သီးသန့်,Rice Shop,အထွေထွေအမျိုးအစား,24,24,"24 Lay Daung Kan Road, Lay Daunkan Ward, Thingangyun, Yangon","၂၄, လေးထောင့်ကန်လမ်း, လေးဒေါင့်ကန်ရပ်ကွက်, သင်္ဃန်းကျွန်း",Thingangyun,သင်္ဃန်းကျွန်း,Yangon East,ရန်ကုန်အရှေ့ပိုင်း,Yangon,ရန်ကုန်,11431.0,16.841015,96.203787,,4.9,127,,Yangon,"Name: Tee Thant (သီးသန့်). Category: Rice Shop. House Number: 24. Address: ၂၄, လေးထောင့်ကန်လမ်း, လေးဒေါင့်ကန်ရပ်ကွက်, သင်္ဃန်းကျွန်း. Township: Thingangyun. District: Yangon East"
76,Telenor,တယ်လီနော,Mobile Phone Shop,ဖုန်းနှင့် ဆက်စပ်ပစ္စည်း,273,273,"273 Bagayar Road, May Ni Kone (South) Ward, Sanchaung, Yangon","၂၇၃, ဗားကရာလမ်း, မြေနီကုန်းတောင်ရပ်ကွက်, စမ်းချောင်း",Sanchaung,စမ်းချောင်း,Yangon East,ရန်ကုန်အရှေ့ပိုင်း,Yangon,ရန်ကုန်,11431.0,16.834188,96.207654,,4.6,238,,Yangon,"Name: Telenor (တယ်လီနော). Category: Mobile Phone Shop. House Number: 273. Address: ၂၇၃, ဗားကရာလမ်း, မြေနီကုန်းတောင်ရပ်ကွက်, စမ်းချောင်း. Township: Sanchaung. District: Yangon East"
1881,Tent Yun Thar,တန့်ယန်းသား,Restaurant,စားသောက်ဆိုင်,,,Thingangyun,Thingangyun,Thingangyun,,Yangon East,ရန်ကုန်အရှေ့ပိုင်း,Yangon,ရန်ကုန်,,16.838676,96.200805,,4.1,253,,Yangon,Name: Tent Yun Thar (တန့်ယန်းသား). Category: Restaurant. Address: Thingangyun. Township: Thingangyun. District: Yangon East
633,Terminal 206,တာမီနယ် (၂၀၆),Petrol Station,အထွေထွေအမျိုးအစား,,,Thingangyun,Thingangyun,Thingangyun,,Yangon East,ရန်ကုန်အရှေ့ပိုင်း,Yangon,ရန်ကုန်,,16.828298,96.207822,,4.3,109,,Yangon,Name: Terminal 206 (တာမီနယ် (၂၀၆)). Category: Petrol Station. Address: Thingangyun. Township: Thingangyun. District: Yangon East
115,Tha Pay,သပြေ,Electronic Shop,လျှပ်စစ်ပစ္စည်းဆိုင်,6,6,"6 Yadanar Road, Bawa Myint Ward, Thingangyun, Yangon","၆, ရတနာလမ်း, ဘ၀မြင့်ရပ်ကွက်, သင်္ဃန်းကျွန်း",Thingangyun,သင်္ဃန်းကျွန်း,Yangon East,ရန်ကုန်အရှေ့ပိုင်း,Yangon,ရန်ကုန်,11431.0,16.84168,96.196613,,4.5,355,,Yangon,"Name: Tha Pay (သပြေ). Category: Electronic Shop. House Number: 6. Address: ၆, ရတနာလမ်း, ဘ၀မြင့်ရပ်ကွက်, သင်္ဃန်းကျွန်း. Township: Thingangyun. District: Yangon East"
1124,Tha Pyay Nyunt,သပြေညွန့်,Hospital/Polyclinic,ဆေးရုံနှင့် ဆေးခန်း,,,Thingangyun,Thingangyun,Thingangyun,,Yangon East,ရန်ကုန်အရှေ့ပိုင်း,Yangon,ရန်ကုန်,,16.840382,96.200771,,4.4,382,,Yangon,Name: Tha Pyay Nyunt (သပြေညွန့်). Category: Hospital/Polyclinic. Address: Thingangyun. Township: Thingangyun. District: Yangon East
535,Tha Pyay Yeik Cafe,Tha Pyay Yeik Cafe,Cafe,ကဖေးနှင့် လက်ဖက်ရည်ဆိုင်,,,"Ward 24 Thuwunna (TGGN), Thingangyun","Ward 24 Thuwunna (TGGN), Thingangyun",Thingangyun,,Yangon East,ရန်ကုန်အရှေ့ပိုင်း,Yangon,ရန်ကုန်,,16.8154,96.1924,,4.5,415,,Yangon,"Name: Tha Pyay Yeik Cafe. Category: Cafe. Address: Ward 24 Thuwunna (TGGN), Thingangyun. Township: Thingangyun. District: Yangon East"
1446,Tha Ya Phuu,သရဖူ,Shop,အထွေထွေအမျိုးအစား,,,Thingangyun,Thingangyun,Thingangyun,,Yangon East,ရန်ကုန်အရှေ့ပိုင်း,Yangon,ရန်ကုန်,,16.840301,96.201015,,4.6,148,,Yangon,Name: Tha Ya Phuu (သရဖူ). Category: Shop. Address: Thingangyun. Township: Thingangyun. District: Yangon East
1887,Thabar Wa,သဘာ၀,Restaurant,စားသောက်ဆိုင်,,,Thingangyun,Thingangyun,Thingangyun,,Yangon East,ရန်ကုန်အရှေ့ပိုင်း,Yangon,ရန်ကုန်,,16.835291,96.186842,,4.7,271,,Yangon,Name: Thabar Wa (သဘာ၀). Category: Restaurant. Address: Thingangyun. Township: Thingangyun. District: Yangon East
771,Thadar Shin Thant,သဒ္ဒါရှင်းသန့်,Shop,အထွေထွေအမျိုးအစား,,,Thingangyun,Thingangyun,Thingangyun,,Yangon East,ရန်ကုန်အရှေ့ပိုင်း,Yangon,ရန်ကုန်,,16.82668,96.211795,,4.1,523,,Yangon,Name: Thadar Shin Thant (သဒ္ဒါရှင်းသန့်). Category: Shop. Address: Thingangyun. Township: Thingangyun. District: Yangon East
700,Thai Taste,ထိုင်းတေ့စ်,Restaurant,စားသောက်ဆိုင်,,,Thingangyun,Thingangyun,Thingangyun,,Yangon East,ရန်ကုန်အရှေ့ပိုင်း,Yangon,ရန်ကုန်,,16.815306,96.207279,,4,310,,Yangon,Name: Thai Taste (ထိုင်းတေ့စ်). Category: Restaurant. Address: Thingangyun. Township: Thingangyun. District: Yangon East
36,Thaint Shwe Yi,သိမ့်ရွှေရည်,Tailor Shop,အလှပြင်နှင့် အပ်ချုပ်ဆိုင်,304,304,"304 Ngamoeyeik 7th street, Nga Moe Yeik Ward, Thingangyun, Yangon","၃၀၄, ငမိုးရိပ်၇လမ်း, ငမိုးရိပ်ရပ်ကွက်, သင်္ဃန်းကျွန်း",Thingangyun,သင်္ဃန်းကျွန်း,Yangon East,ရန်ကုန်အရှေ့ပိုင်း,Yangon,ရန်ကုန်,11431.0,16.843864,96.202742,,4.6,118,,Yangon,"Name: Thaint Shwe Yi (သိမ့်ရွှေရည်). Category: Tailor Shop. House Number: 304. Address: ၃၀၄, ငမိုးရိပ်၇လမ်း, ငမိုးရိပ်ရပ်ကွက်, သင်္ဃန်းကျွန်း. Township: Thingangyun. District: Yangon East"
1100,Thal Thal,သဲသဲ,Restaurant,စားသောက်ဆိုင်,,,Thingangyun,Thingangyun,Thingangyun,,Yangon East,ရန်ကုန်အရှေ့ပိုင်း,Yangon,ရန်ကုန်,,16.835636,96.207253,,4,310,,Yangon,Name: Thal Thal (သဲသဲ). Category: Restaurant. Address: Thingangyun. Township: Thingangyun. District: Yangon East
357,Than Kwee,သန်းကြွယ်,Café,ကဖေးနှင့် လက်ဖက်ရည်ဆိုင်,2-Jan,43497,"2/1 Than Thu Mar Road, Ward-24 Thuwunna, Thingangyun, Yangon","၄၃၄၉၇, သံသုမာလမ်း, သု၀ဏ္ဏ(၂၄)ရပ်ကွက်, သင်္ဃန်းကျွန်း",Thingangyun,သင်္ဃန်းကျွန်း,Yangon East,ရန်ကုန်အရှေ့ပိုင်း,Yangon,ရန်ကုန်,11431.0,16.814923,96.191313,,4.7,481,,Yangon,"Name: Than Kwee (သန်းကြွယ်). Category: Café. House Number: 2-Jan. Address: ၄၃၄၉၇, သံသုမာလမ်း, သု၀ဏ္ဏ(၂၄)ရပ်ကွက်, သင်္ဃန်းကျွန်း. Township: Thingangyun. District: Yangon East"
288,Than Kyawe,သန်းကြွယ်,Café,ကဖေးနှင့် လက်ဖက်ရည်ဆိုင်,925,925,"925 Lay Daung Kan Road, Nga Moe Yeik Ward, Thingangyun, Yangon","၉၂၅, လေးထောင့်ကန်လမ်း, ငမိုးရိပ်ရပ်ကွက်, သင်္ဃန်းကျွန်း",Thingangyun,သင်္ဃန်းကျွန်း,Yangon East,ရန်ကုန်အရှေ့ပိုင်း,Yangon,ရန်ကုန်,11431.0,16.841173,96.203337,,4.8,274,,Yangon,"Name: Than Kyawe (သန်းကြွယ်). Category: Café. House Number: 925. Address: ၉၂၅, လေးထောင့်ကန်လမ်း, ငမိုးရိပ်ရပ်ကွက်, သင်္ဃန်းကျွန်း. Township: Thingangyun. District: Yangon East"
953,Than Kyawl,ကောင်းကြယ်,Café/Pub,ဘားနှင့် ဖျော်ဖြေရေး,,,Thingangyun,Thingangyun,Thingangyun,,Yangon East,ရန်ကုန်အရှေ့ပိုင်း,Yangon,ရန်ကုန်,,16.840834,96.203729,,4.3,469,,Yangon,Name: Than Kyawl (ကောင်းကြယ်). Category: Café/Pub. Address: Thingangyun. Township: Thingangyun. District: Yangon East
954,Than Kywal,သန်းကြွယ်,Café/Pub,ဘားနှင့် ဖျော်ဖြေရေး,,,Thingangyun,Thingangyun,Thingangyun,,Yangon East,ရန်ကုန်အရှေ့ပိုင်း,Yangon,ရန်ကုန်,,16.81488,96.191387,,4.4,472,,Yangon,Name: Than Kywal (သန်းကြွယ်). Category: Café/Pub. Address: Thingangyun. Township: Thingangyun. District: Yangon East
1125,Than Lwin,သံလွင်,Hospital/Polyclinic,ဆေးရုံနှင့် ဆေးခန်း,,,Thingangyun,Thingangyun,Thingangyun,,Yangon East,ရန်ကုန်အရှေ့ပိုင်း,Yangon,ရန်ကုန်,,16.829231,96.201951,,4.5,385,,Yangon,Name: Than Lwin (သံလွင်). Category: Hospital/Polyclinic. Address: Thingangyun. Township: Thingangyun. District: Yangon East
1447,Than Than Win,သန်းသန်း၀င်း,Shop,အထွေထွေအမျိုးအစား,,,Thingangyun,Thingangyun,Thingangyun,,Yangon East,ရန်ကုန်အရှေ့ပိုင်း,Yangon,ရန်ကုန်,,16.842061,96.200764,,4.7,151,,Yangon,Name: Than Than Win (သန်းသန်း၀င်း). Category: Shop. Address: Thingangyun. Township: Thingangyun. District: Yangon East
1777,Than Thazin,သန်းသဇင်,Shop,အထွေထွေအမျိုးအစား,,,Thingangyun,Thingangyun,Thingangyun,,Yangon East,ရန်ကုန်အရှေ့ပိုင်း,Yangon,ရန်ကုန်,,16.842857,96.201812,,4.7,541,,Yangon,Name: Than Thazin (သန်းသဇင်). Category: Shop. Address: Thingangyun. Township: Thingangyun. District: Yangon East
1361,Than Tun Aung,သန်းထွန်းအောင်,Shop,အထွေထွေအမျိုးအစား,,,Thingangyun,Thingangyun,Thingangyun,,Yangon East,ရန်ကုန်အရှေ့ပိုင်း,Yangon,ရန်ကုန်,,16.827588,96.207116,,4.1,493,,Yangon,Name: Than Tun Aung (သန်းထွန်းအောင်). Category: Shop. Address: Thingangyun. Township: Thingangyun. District: Yangon East
1703,Thandar Aung,သန္တာအောင်,Shop,အထွေထွေအမျိုးအစား,,,Thingangyun,Thingangyun,Thingangyun,,Yangon East,ရန်ကုန်အရှေ့ပိုင်း,Yangon,ရန်ကုန်,,16.83356,96.181009,,4.3,319,,Yangon,Name: Thandar Aung (သန္တာအောင်). Category: Shop. Address: Thingangyun. Township: Thingangyun. District: Yangon East
818,Thant,သန့်,Shop,အထွေထွေအမျိုးအစား,,,Thingangyun,Thingangyun,Thingangyun,,Yangon East,ရန်ကုန်အရှေ့ပိုင်း,Yangon,ရန်ကုန်,,16.826024,96.208597,,4.8,64,,Yangon,Name: Thant (သန့်). Category: Shop. Address: Thingangyun. Township: Thingangyun. District: Yangon East
1169,Thant Zin,သန့်ဇင်,Car Wash,မော်တော်ယာဉ် ဆေးကြောရေး,,,Thingangyun,Thingangyun,Thingangyun,,Yangon East,ရန်ကုန်အရှေ့ပိုင်း,Yangon,ရန်ကုန်,,16.830025,96.208132,,4.9,517,,Yangon,Name: Thant Zin (သန့်ဇင်). Category: Car Wash. Address: Thingangyun. Township: Thingangyun. District: Yangon East
888,Thar Htet,သားထက်,Shop,အထွေထွေအမျိုးအစား,,,Thingangyun,Thingangyun,Thingangyun,,Yangon East,ရန်ကုန်အရှေ့ပိုင်း,Yangon,ရန်ကုန်,,16.813794,96.20831,,4.8,274,,Yangon,Name: Thar Htet (သားထက်). Category: Shop. Address: Thingangyun. Township: Thingangyun. District: Yangon East
240,Thar To Shop,သားတို့ဆိုင်,Toy Shop,အထွေထွေအမျိုးအစား,66,66,"66 Lay Daung Kan Road, Lay Daunkan Ward, Thingangyun, Yangon","၆၆, လေးထောင့်ကန်လမ်း, လေးဒေါင့်ကန်ရပ်ကွက်, သင်္ဃန်းကျွန်း",Thingangyun,သင်္ဃန်းကျွန်း,Yangon East,ရန်ကုန်အရှေ့ပိုင်း,Yangon,ရန်ကုန်,11431.0,16.838107,96.200761,,4,130,,Yangon,"Name: Thar To Shop (သားတို့ဆိုင်). Category: Toy Shop. House Number: 66. Address: ၆၆, လေးထောင့်ကန်လမ်း, လေးဒေါင့်ကန်ရပ်ကွက်, သင်္ဃန်းကျွန်း. Township: Thingangyun. District: Yangon East"
536,Thardu Housing,Thardu Housing,Residence,ရုံးခန်းနှင့် လူနေအိမ်ရာ,,,"Lay Daung Kan Rd.,Za (South) Ward (TGGN),Thingangyun","Lay Daung Kan Rd.,Za (South) Ward (TGGN),Thingangyun",Thingangyun,,Yangon East,ရန်ကုန်အရှေ့ပိုင်း,Yangon,ရန်ကုန်,,16.8239,96.1832,,4.6,418,,Yangon,"Name: Thardu Housing. Category: Residence. Address: Lay Daung Kan Rd.,Za (South) Ward (TGGN),Thingangyun. Township: Thingangyun. District: Yangon East"
537,That Nay Win,That Nay Win,Store,စျေးနှင့် ကုန်စုံဆိုင်,,,"Kyi Pwar Yae Ward (TGGN), Thingangyun","Kyi Pwar Yae Ward (TGGN), Thingangyun",Thingangyun,,Yangon East,ရန်ကုန်အရှေ့ပိုင်း,Yangon,ရန်ကုန်,,16.8367,96.2077,,4.7,421,,Yangon,"Name: That Nay Win. Category: Store. Address: Kyi Pwar Yae Ward (TGGN), Thingangyun. Township: Thingangyun. District: Yangon East"
1126,That San Yay,သက်စမ်းရေ,Hospital/Polyclinic,ဆေးရုံနှင့် ဆေးခန်း,,,Thingangyun,Thingangyun,Thingangyun,,Yangon East,ရန်ကုန်အရှေ့ပိုင်း,Yangon,ရန်ကုန်,,16.836707,96.207112,,4.6,388,,Yangon,Name: That San Yay (သက်စမ်းရေ). Category: Hospital/Polyclinic. Address: Thingangyun. Township: Thingangyun. District: Yangon East
1064,That Tank Young,သက်တံရောင်,Hotel/Motel,ဟိုတယ်နှင့် တည်းခိုခန်း,,,Thingangyun,Thingangyun,Thingangyun,,Yangon East,ရန်ကုန်အရှေ့ပိုင်း,Yangon,ရန်ကုန်,,16.839317,96.207231,,4.4,202,,Yangon,Name: That Tank Young (သက်တံရောင်). Category: Hotel/Motel. Address: Thingangyun. Township: Thingangyun. District: Yangon East
1306,Thazin,သဇင်,Shop,အထွေထွေအမျိုးအစား,,,Thingangyun,Thingangyun,Thingangyun,,Yangon East,ရန်ကုန်အရှေ့ပိုင်း,Yangon,ရန်ကုန်,,16.843825,96.201288,,4.6,328,,Yangon,Name: Thazin (သဇင်). Category: Shop. Address: Thingangyun. Township: Thingangyun. District: Yangon East
1704,Thazin Cherry,သဇင်ချယ်ရီ,Shop,အထွေထွေအမျိုးအစား,,,Thingangyun,Thingangyun,Thingangyun,,Yangon East,ရန်ကုန်အရှေ့ပိုင်း,Yangon,ရန်ကုန်,,16.831662,96.182116,,4.4,322,,Yangon,Name: Thazin Cherry (သဇင်ချယ်ရီ). Category: Shop. Address: Thingangyun. Township: Thingangyun. District: Yangon East
2031,The Bodyguard,ဘော်ဒီဂတ်,Health Care Service,ပြုပြင်ရေးလုပ်ငန်း,,,Thingangyun,Thingangyun,Thingangyun,,Yangon East,ရန်ကုန်အရှေ့ပိုင်း,Yangon,ရန်ကုန်,,16.835541,96.186736,,4.1,103,,Yangon,Name: The Bodyguard (ဘော်ဒီဂတ်). Category: Health Care Service. Address: Thingangyun. Township: Thingangyun. District: Yangon East
1461,The Dog,သဒေါ့,Shop,အထွေထွေအမျိုးအစား,,,Thingangyun,Thingangyun,Thingangyun,,Yangon East,ရန်ကုန်အရှေ့ပိုင်း,Yangon,ရန်ကုန်,,16.82955,96.18537,,4.1,193,,Yangon,Name: The Dog (သဒေါ့). Category: Shop. Address: Thingangyun. Township: Thingangyun. District: Yangon East
116,The Face,သယ်လ်ဖေ့,Health Care Center,ဆေးရုံနှင့် ဆေးခန်း,8,8,"8 Yadanar Road, Bawa Myint Ward, Thingangyun, Yangon","၈, ရတနာလမ်း, ဘ၀မြင့်ရပ်ကွက်, သင်္ဃန်းကျွန်း",Thingangyun,သင်္ဃန်းကျွန်း,Yangon East,ရန်ကုန်အရှေ့ပိုင်း,Yangon,ရန်ကုန်,11431.0,16.844833,96.199969,,4.6,358,,Yangon,"Name: The Face (သယ်လ်ဖေ့). Category: Health Care Center. House Number: 8. Address: ၈, ရတနာလမ်း, ဘ၀မြင့်ရပ်ကွက်, သင်္ဃန်းကျွန်း. Township: Thingangyun. District: Yangon East"
1977,The Face Myanmar,ဒယ်ဖေ့(စ်)မြန်မာ,Shop,အထွေထွေအမျိုးအစား,,,Thingangyun,Thingangyun,Thingangyun,,Yangon East,ရန်ကုန်အရှေ့ပိုင်း,Yangon,ရန်ကုန်,,16.844837,96.200006,,4.7,541,,Yangon,Name: The Face Myanmar (ဒယ်ဖေ့(စ်)မြန်မာ). Category: Shop. Address: Thingangyun. Township: Thingangyun. District: Yangon East
819,Thee Thant,သီးသန့်,Shop,အထွေထွေအမျိုးအစား,,,Thingangyun,Thingangyun,Thingangyun,,Yangon East,ရန်ကုန်အရှေ့ပိုင်း,Yangon,ရန်ကုန်,,16.841,96.203816,,4.9,67,,Yangon,Name: Thee Thant (သီးသန့်). Category: Shop. Address: Thingangyun. Township: Thingangyun. District: Yangon East
1821,Thee Thant,သီးသန့်,Café/Pub,ဘားနှင့် ဖျော်ဖြေရေး,,,Thingangyun,Thingangyun,Thingangyun,,Yangon East,ရန်ကုန်အရှေ့ပိုင်း,Yangon,ရန်ကုန်,,16.84351,96.200925,,4.1,73,,Yangon,Name: Thee Thant (သီးသန့်). Category: Café/Pub. Address: Thingangyun. Township: Thingangyun. District: Yangon East
358,Theigi Shwe Yi,သိင်္ဂီရွှေရည်,Jewelry & Gold,အထွေထွေအမျိုးအစား,3-Jan,43525,"3/1 Than Thu Mar Road, Ward-24 Thuwunna, Thingangyun, Yangon","၄၃၅၂၅, သံသုမာလမ်း, သု၀ဏ္ဏ(၂၄)ရပ်ကွက်, သင်္ဃန်းကျွန်း",Thingangyun,သင်္ဃန်းကျွန်း,Yangon East,ရန်ကုန်အရှေ့ပိုင်း,Yangon,ရန်ကုန်,11431.0,16.815079,96.191651,,4.8,484,,Yangon,"Name: Theigi Shwe Yi (သိင်္ဂီရွှေရည်). Category: Jewelry & Gold. House Number: 3-Jan. Address: ၄၃၅၂၅, သံသုမာလမ်း, သု၀ဏ္ဏ(၂၄)ရပ်ကွက်, သင်္ဃန်းကျွန်း. Township: Thingangyun. District: Yangon East"
28,Theik Hti Win,သိဒိ္ဓဝင်,Jewelry & Gold,အထွေထွေအမျိုးအစား,111,111,"111 Lay Daung Kan Road, Za (North) Ward, Thingangyun, Yangon","၁၁၁, လေးထောင့်ကန်လမ်း, ဇ(မြောက်)ရပ်ကွက်, သင်္ဃန်းကျွန်း",Thingangyun,သင်္ဃန်းကျွန်း,Yangon East,ရန်ကုန်အရှေ့ပိုင်း,Yangon,ရန်ကုန်,11431.0,16.82815,96.187713,,4.8,94,,Yangon,"Name: Theik Hti Win (သိဒိ္ဓဝင်). Category: Jewelry & Gold. House Number: 111. Address: ၁၁၁, လေးထောင့်ကန်လမ်း, ဇ(မြောက်)ရပ်ကွက်, သင်္ဃန်းကျွန်း. Township: Thingangyun. District: Yangon East"
791,Thein,သိန်း,Shop,အထွေထွေအမျိုးအစား,,,Thingangyun,Thingangyun,Thingangyun,,Yangon East,ရန်ကုန်အရှေ့ပိုင်း,Yangon,ရန်ကုန်,,16.81672,96.195728,,4.1,583,,Yangon,Name: Thein (သိန်း). Category: Shop. Address: Thingangyun. Township: Thingangyun. District: Yangon East
1715,Thein,သိန်း,Shop,အထွေထွေအမျိုးအစား,,,Thingangyun,Thingangyun,Thingangyun,,Yangon East,ရန်ကုန်အရှေ့ပိုင်း,Yangon,ရန်ကုန်,,16.823404,96.197899,,4.5,355,,Yangon,Name: Thein (သိန်း). Category: Shop. Address: Thingangyun. Township: Thingangyun. District: Yangon East
1448,Thein 80,သိန်း ၈၀,Shop,အထွေထွေအမျိုးအစား,,,Thingangyun,Thingangyun,Thingangyun,,Yangon East,ရန်ကုန်အရှေ့ပိုင်း,Yangon,ရန်ကုန်,,16.82938,96.205426,,4.8,154,,Yangon,Name: Thein 80 (သိန်း ၈၀). Category: Shop. Address: Thingangyun. Township: Thingangyun. District: Yangon East
889,Thein Aung,သိန်းအောင်,Shop,အထွေထွေအမျိုးအစား,,,Thingangyun,Thingangyun,Thingangyun,,Yangon East,ရန်ကုန်အရှေ့ပိုင်း,Yangon,ရန်ကုန်,,16.844692,96.202153,,4.9,277,,Yangon,Name: Thein Aung (သိန်းအောင်). Category: Shop. Address: Thingangyun. Township: Thingangyun. District: Yangon East
1596,Thein Min,သိန်းမင်း,Shop,အထွေထွေအမျိုးအစား,,,Thingangyun,Thingangyun,Thingangyun,,Yangon East,ရန်ကုန်အရှေ့ပိုင်း,Yangon,ရန်ကုန်,,16.834422,96.180686,,4.6,598,,Yangon,Name: Thein Min (သိန်းမင်း). Category: Shop. Address: Thingangyun. Township: Thingangyun. District: Yangon East
890,Thein Than Gaday,သိန်းသန်းကုဋေ,Shop,အထွေထွေအမျိုးအစား,,,Thingangyun,Thingangyun,Thingangyun,,Yangon East,ရန်ကုန်အရှေ့ပိုင်း,Yangon,ရန်ကုန်,,16.825912,96.212319,,4,280,,Yangon,Name: Thein Than Gaday (သိန်းသန်းကုဋေ). Category: Shop. Address: Thingangyun. Township: Thingangyun. District: Yangon East
242,Thein Than Htay,သိန်းသန်းဌေး,Fashion (General),ဖက်ရှင်စတိုး,1,1,"1 Lay Daung Kan Road, Lay Daunkan Ward, Thingangyun, Yangon","၁, လေးထောင့်ကန်လမ်း, လေးဒေါင့်ကန်ရပ်ကွက်, သင်္ဃန်းကျွန်း",Thingangyun,သင်္ဃန်းကျွန်း,Yangon East,ရန်ကုန်အရှေ့ပိုင်း,Yangon,ရန်ကုန်,11431.0,16.841822,96.204603,,4.2,136,,Yangon,"Name: Thein Than Htay (သိန်းသန်းဌေး). Category: Fashion (General). House Number: 1. Address: ၁, လေးထောင့်ကန်လမ်း, လေးဒေါင့်ကန်ရပ်ကွက်, သင်္ဃန်းကျွန်း. Township: Thingangyun. District: Yangon East"
243,Thein Than Htay,သိန်းသန်းဌေး,Shoes Shop,အထွေထွေအမျိုးအစား,315,315,"315 Sule Pagoda Street, Ward-2, Pabedan, Yangon","၃၁၅, အနော်ရထာလမ်း, (၂)ရပ်ကွက်, ပန်းဘဲတန်း",Pabedan,ပန်းဘဲတန်း,Yangon East,ရန်ကုန်အရှေ့ပိုင်း,Yangon,ရန်ကုန်,11431.0,16.841801,96.204586,,4.3,139,,Yangon,"Name: Thein Than Htay (သိန်းသန်းဌေး). Category: Shoes Shop. House Number: 315. Address: ၃၁၅, အနော်ရထာလမ်း, (၂)ရပ်ကွက်, ပန်းဘဲတန်း. Township: Pabedan. District: Yangon East"
966,Thein Than Htay,သိန်းသန်းဌေး,Shop,အထွေထွေအမျိုးအစား,,,Thingangyun,Thingangyun,Thingangyun,,Yangon East,ရန်ကုန်အရှေ့ပိုင်း,Yangon,ရန်ကုန်,,16.841643,96.20445,,4.6,508,,Yangon,Name: Thein Than Htay (သိန်းသန်းဌေး). Category: Shop. Address: Thingangyun. Township: Thingangyun. District: Yangon East
241,Thein Than Htay,သိန်းသန်းဌေး,Fashion (General),ဖက်ရှင်စတိုး,1,1,"1 Lay Daung Kan Road, Lay Daunkan Ward, Thingangyun, Yangon","၁, လေးထောင့်ကန်လမ်း, လေးဒေါင့်ကန်ရပ်ကွက်, သင်္ဃန်းကျွန်း",Thingangyun,သင်္ဃန်းကျွန်း,Yangon East,ရန်ကုန်အရှေ့ပိုင်း,Yangon,ရန်ကုန်,11431.0,16.841668,96.204457,,4.1,133,,Yangon,"Name: Thein Than Htay (သိန်းသန်းဌေး). Category: Fashion (General). House Number: 1. Address: ၁, လေးထောင့်ကန်လမ်း, လေးဒေါင့်ကန်ရပ်ကွက်, သင်္ဃန်းကျွန်း. Township: Thingangyun. District: Yangon East"
783,Thein Than Htay,သိန်းသန်းဌေး,Shop,အထွေထွေအမျိုးအစား,,,Thingangyun,Thingangyun,Thingangyun,,Yangon East,ရန်ကုန်အရှေ့ပိုင်း,Yangon,ရန်ကုန်,,16.842078,96.205106,,4.3,559,,Yangon,Name: Thein Than Htay (သိန်းသန်းဌေး). Category: Shop. Address: Thingangyun. Township: Thingangyun. District: Yangon East
244,Thein Than Htay,သိန်းသန်းဌေး,Shoes Shop,အထွေထွေအမျိုးအစား,315,315,"315 Sule Pagoda Street, Ward-2, Pabedan, Yangon","၃၁၅, အနော်ရထာလမ်း, (၂)ရပ်ကွက်, ပန်းဘဲတန်း",Pabedan,ပန်းဘဲတန်း,Yangon East,ရန်ကုန်အရှေ့ပိုင်း,Yangon,ရန်ကုန်,11431.0,16.841265,96.204118,,4.4,142,,Yangon,"Name: Thein Than Htay (သိန်းသန်းဌေး). Category: Shoes Shop. House Number: 315. Address: ၃၁၅, အနော်ရထာလမ်း, (၂)ရပ်ကွက်, ပန်းဘဲတန်း. Township: Pabedan. District: Yangon East"
1101,Theingi Htet,သိင်္ဂထက်,Restaurant,စားသောက်ဆိုင်,,,Thingangyun,Thingangyun,Thingangyun,,Yangon East,ရန်ကုန်အရှေ့ပိုင်း,Yangon,ရန်ကုန်,,16.842123,96.202281,,4.1,313,,Yangon,Name: Theingi Htet (သိင်္ဂထက်). Category: Restaurant. Address: Thingangyun. Township: Thingangyun. District: Yangon East
933,Theint Shwe Yee,သိမ့်ရွှေရည်,Shop,အထွေထွေအမျိုးအစား,,,Thingangyun,Thingangyun,Thingangyun,,Yangon East,ရန်ကုန်အရှေ့ပိုင်း,Yangon,ရန်ကုန်,,16.84408,96.20268,,4.3,409,,Yangon,Name: Theint Shwe Yee (သိမ့်ရွှေရည်). Category: Shop. Address: Thingangyun. Township: Thingangyun. District: Yangon East
955,Theint Theint Aung,သိမ့်သိမ့်အောင်,Café/Pub,ဘားနှင့် ဖျော်ဖြေရေး,,,Thingangyun,Thingangyun,Thingangyun,,Yangon East,ရန်ကုန်အရှေ့ပိုင်း,Yangon,ရန်ကုန်,,16.844474,96.202267,,4.5,475,,Yangon,Name: Theint Theint Aung (သိမ့်သိမ့်အောင်). Category: Café/Pub. Address: Thingangyun. Township: Thingangyun. District: Yangon East
719,Thi Yee Yandanar Pa Ra Hi Ta Kyaung,သိရီရတနာပရဟိတကျောင်း,Place of Worship,ဘာသာရေးနေရာ,,,Thingangyun,Thingangyun,Thingangyun,,Yangon East,ရန်ကုန်အရှေ့ပိုင်း,Yangon,ရန်ကုန်,,16.829274,96.212311,,4.9,367,,Yangon,Name: Thi Yee Yandanar Pa Ra Hi Ta Kyaung (သိရီရတနာပရဟိတကျောင်း). Category: Place of Worship. Address: Thingangyun. Township: Thingangyun. District: Yangon East
1382,Thida,သီတာ,Shop,အထွေထွေအမျိုးအစား,,,Thingangyun,Thingangyun,Thingangyun,,Yangon East,ရန်ကုန်အရှေ့ပိုင်း,Yangon,ရန်ကုန်,,16.829153,96.204531,,4.2,556,,Yangon,Name: Thida (သီတာ). Category: Shop. Address: Thingangyun. Township: Thingangyun. District: Yangon East
290,Thida Oo,သီတာဦး-၁,Restaurant (Beer Pub),ဘားနှင့် ဖျော်ဖြေရေး,932,932,"932 Lay Daung Kan Road, Nga Moe Yeik Ward, Thingangyun, Yangon","၉၃၂, လေးထောင့်ကန်လမ်း, ငမိုးရိပ်ရပ်ကွက်, သင်္ဃန်းကျွန်း",Thingangyun,သင်္ဃန်းကျွန်း,Yangon East,ရန်ကုန်အရှေ့ပိုင်း,Yangon,ရန်ကုန်,11431.0,16.841537,96.203689,,4,280,,Yangon,"Name: Thida Oo (သီတာဦး-၁). Category: Restaurant (Beer Pub). House Number: 932. Address: ၉၃၂, လေးထောင့်ကန်လမ်း, ငမိုးရိပ်ရပ်ကွက်, သင်္ဃန်းကျွန်း. Township: Thingangyun. District: Yangon East"
1705,Thidar,သီတာ,Shop,အထွေထွေအမျိုးအစား,,,Thingangyun,Thingangyun,Thingangyun,,Yangon East,ရန်ကုန်အရှေ့ပိုင်း,Yangon,ရန်ကုန်,,16.840423,96.200508,,4.5,325,,Yangon,Name: Thidar (သီတာ). Category: Shop. Address: Thingangyun. Township: Thingangyun. District: Yangon East
1373,Thidar,သီတာ,Shop,အထွေထွေအမျိုးအစား,,,Thingangyun,Thingangyun,Thingangyun,,Yangon East,ရန်ကုန်အရှေ့ပိုင်း,Yangon,ရန်ကုန်,,16.828924,96.203761,,4.3,529,,Yangon,Name: Thidar (သီတာ). Category: Shop. Address: Thingangyun. Township: Thingangyun. District: Yangon East
1786,Thiha,သီဟ,Shop,အထွေထွေအမျိုးအစား,,,Thingangyun,Thingangyun,Thingangyun,,Yangon East,ရန်ကုန်အရှေ့ပိုင်း,Yangon,ရန်ကုန်,,16.82658,96.206778,,4.6,568,,Yangon,Name: Thiha (သီဟ). Category: Shop. Address: Thingangyun. Township: Thingangyun. District: Yangon East
1230,Thiha,သီဟ,Shop,အထွေထွေအမျိုးအစား,,,Thingangyun,Thingangyun,Thingangyun,,Yangon East,ရန်ကုန်အရှေ့ပိုင်း,Yangon,ရန်ကုန်,,16.826492,96.20674,,4,100,,Yangon,Name: Thiha (သီဟ). Category: Shop. Address: Thingangyun. Township: Thingangyun. District: Yangon East
538,Thin Gan Gyun Station,Thin Gan Gyun Station,Railway Station,အထွေထွေအမျိုးအစား,,,"Kha Ward (TGGN), Thingangyun","Kha Ward (TGGN), Thingangyun",Thingangyun,,Yangon East,ရန်ကုန်အရှေ့ပိုင်း,Yangon,ရန်ကုန်,,16.8285,96.1964,,4.8,424,,Yangon,"Name: Thin Gan Gyun Station. Category: Railway Station. Address: Kha Ward (TGGN), Thingangyun. Township: Thingangyun. District: Yangon East"
245,Thin Htet Naing,သင်းထက်နိုင်,Rice Shop,အထွေထွေအမျိုးအစား,21,21,"21 Lay Daung Kan Road, Lay Daunkan Ward, Thingangyun, Yangon","၂၁, လေးထောင့်ကန်လမ်း, လေးဒေါင့်ကန်ရပ်ကွက်, သင်္ဃန်းကျွန်း",Thingangyun,သင်္ဃန်းကျွန်း,Yangon East,ရန်ကုန်အရှေ့ပိုင်း,Yangon,ရန်ကုန်,11431.0,16.841176,96.203954,,4.5,145,,Yangon,"Name: Thin Htet Naing (သင်းထက်နိုင်). Category: Rice Shop. House Number: 21. Address: ၂၁, လေးထောင့်ကန်လမ်း, လေးဒေါင့်ကန်ရပ်ကွက်, သင်္ဃန်းကျွန်း. Township: Thingangyun. District: Yangon East"
820,Thin Htet Naing,သင်းထက်နိုင်,Shop,အထွေထွေအမျိုးအစား,,,Thingangyun,Thingangyun,Thingangyun,,Yangon East,ရန်ကုန်အရှေ့ပိုင်း,Yangon,ရန်ကုန်,,16.841214,96.204113,,4,70,,Yangon,Name: Thin Htet Naing (သင်းထက်နိုင်). Category: Shop. Address: Thingangyun. Township: Thingangyun. District: Yangon East
1706,Thin Thin,သင်းသင်း,Shop,အထွေထွေအမျိုးအစား,,,Thingangyun,Thingangyun,Thingangyun,,Yangon East,ရန်ကုန်အရှေ့ပိုင်း,Yangon,ရန်ကုန်,,16.840333,96.201845,,4.6,328,,Yangon,Name: Thin Thin (သင်းသင်း). Category: Shop. Address: Thingangyun. Township: Thingangyun. District: Yangon East
1707,Thin Zar Win,သဥ္ဖာ၀င်း,Shop,အထွေထွေအမျိုးအစား,,,Thingangyun,Thingangyun,Thingangyun,,Yangon East,ရန်ကုန်အရှေ့ပိုင်း,Yangon,ရန်ကုန်,,16.84145,96.20089,,4.7,331,,Yangon,Name: Thin Zar Win (သဥ္ဖာ၀င်း). Category: Shop. Address: Thingangyun. Township: Thingangyun. District: Yangon East
539,Thingangyun Education College,Thingangyun Education College,Universities,အထွေထွေအမျိုးအစား,,,"Nga/Ka Ward (TGGN), Thingangyun","Nga/Ka Ward (TGGN), Thingangyun",Thingangyun,,Yangon East,ရန်ကုန်အရှေ့ပိုင်း,Yangon,ရန်ကုန်,,16.8332,96.2007,,4.9,427,,Yangon,"Name: Thingangyun Education College. Category: Universities. Address: Nga/Ka Ward (TGGN), Thingangyun. Township: Thingangyun. District: Yangon East"
540,Thingangyun Fire Station,သင်္ဃန်းကျွန်း မီးသတ်စခန်း,Fire Station,အထွေထွေအမျိုးအစား,,,"Bo Kan Nyunt Ward (TGGN), Thingangyun","Bo Kan Nyunt Ward (TGGN), Thingangyun",Thingangyun,,Yangon East,ရန်ကုန်အရှေ့ပိုင်း,Yangon,ရန်ကုန်,,16.8327,96.1977,,4,430,,Yangon,"Name: Thingangyun Fire Station (သင်္ဃန်းကျွန်း မီးသတ်စခန်း). Category: Fire Station. Address: Bo Kan Nyunt Ward (TGGN), Thingangyun. Township: Thingangyun. District: Yangon East"
544,Thingangyun Market,Thingangyun Market,Market,စျေးနှင့် ကုန်စုံဆိုင်,,,"Bo Kan Nyunt Ward (TGGN), Thingangyun","Bo Kan Nyunt Ward (TGGN), Thingangyun",Thingangyun,,Yangon East,ရန်ကုန်အရှေ့ပိုင်း,Yangon,ရန်ကုန်,,16.8294,96.1917,,4.4,442,,Yangon,"Name: Thingangyun Market. Category: Market. Address: Bo Kan Nyunt Ward (TGGN), Thingangyun. Township: Thingangyun. District: Yangon East"
541,Thingangyun Police Station,သင်္ဃန်းကျွန်းရဲစခန်း,Police Station,အထွေထွေအမျိုးအစား,,,"Nanwin Kone Ward (TGGN), Thingangyun","Nanwin Kone Ward (TGGN), Thingangyun",Thingangyun,,Yangon East,ရန်ကုန်အရှေ့ပိုင်း,Yangon,ရန်ကုန်,,16.8287,96.1911,,4.1,433,,Yangon,"Name: Thingangyun Police Station (သင်္ဃန်းကျွန်းရဲစခန်း). Category: Police Station. Address: Nanwin Kone Ward (TGGN), Thingangyun. Township: Thingangyun. District: Yangon East"
542,Thingangyun Post Office,သင်္ဃန်းကျွန်းစာတိုက်,Post Office,စာတိုက်,,,"Ward 25 Thuwunna (TGGN), Thingangyun","Ward 25 Thuwunna (TGGN), Thingangyun",Thingangyun,,Yangon East,ရန်ကုန်အရှေ့ပိုင်း,Yangon,ရန်ကုန်,,16.8221,96.2035,,4.2,436,,Yangon,"Name: Thingangyun Post Office (သင်္ဃန်းကျွန်းစာတိုက်). Category: Post Office. Address: Ward 25 Thuwunna (TGGN), Thingangyun. Township: Thingangyun. District: Yangon East"
66,Thingangyun Post Office [11071],သင်္ဃန်းကျွန်းစာတိုက် (၁၁၀၇၁),Post Office,စာတိုက်,143,143,"143 Thu Mingalar Road, Ward-25 Thuwunna, Thingangyun, Yangon","၁၄၃, သုမင်္ဂလာလမ်း, သု၀ဏ…(၂၅)ရပ်ကွက်, သင်္ဃန်းကျွန်း",Thingangyun,သင်္ဃန်းကျွန်း,Yangon East,ရန်ကုန်အရှေ့ပိုင်း,Yangon,ရန်ကုန်,11431.0,16.82205,96.203543,,4.6,208,,Yangon,"Name: Thingangyun Post Office [11071] (သင်္ဃန်းကျွန်းစာတိုက် (၁၁၀၇၁)). Category: Post Office. House Number: 143. Address: ၁၄၃, သုမင်္ဂလာလမ်း, သု၀ဏ…(၂၅)ရပ်ကွက်, သင်္ဃန်းကျွန်း. Township: Thingangyun. District: Yangon East"
543,Thingangyun San Pya Hospital,Thingangyun San Pya Hospital,Hospital,ဆေးရုံနှင့် ဆေးခန်း,,,",Kyaikasan Pagoda St.,Sa Ka Ward (TGGN),Thingangyun",",Kyaikasan Pagoda St.,Sa Ka Ward (TGGN),Thingangyun",Thingangyun,,Yangon East,ရန်ကုန်အရှေ့ပိုင်း,Yangon,ရန်ကုန်,,16.8346,96.1916,,4.3,439,,Yangon,"Name: Thingangyun San Pya Hospital. Category: Hospital. Address: ,Kyaikasan Pagoda St.,Sa Ka Ward (TGGN),Thingangyun. Township: Thingangyun. District: Yangon East"
1363,Thingi San,သိင်္ဂစံ,Shop,အထွေထွေအမျိုးအစား,,,Thingangyun,Thingangyun,Thingangyun,,Yangon East,ရန်ကုန်အရှေ့ပိုင်း,Yangon,ရန်ကုန်,,16.842842,96.200802,,4.3,499,,Yangon,Name: Thingi San (သိင်္ဂစံ). Category: Shop. Address: Thingangyun. Township: Thingangyun. District: Yangon East
749,Thiri Aung,သီရိအောင်,Company,ရုံးခန်းနှင့် လူနေအိမ်ရာ,,,Thingangyun,Thingangyun,Thingangyun,,Yangon East,ရန်ကုန်အရှေ့ပိုင်း,Yangon,ရန်ကုန်,,16.825145,96.209607,,4.9,457,,Yangon,Name: Thiri Aung (သီရိအောင်). Category: Company. Address: Thingangyun. Township: Thingangyun. District: Yangon East
545,Thiri Gone Housing,Thiri Gone Housing,Residence,ရုံးခန်းနှင့် လူနေအိမ်ရာ,,,"Waizayantar Rd.,16\2 Ward (TGGN),Thingangyun","Waizayantar Rd.,16\2 Ward (TGGN),Thingangyun",Thingangyun,,Yangon East,ရန်ကုန်အရှေ့ပိုင်း,Yangon,ရန်ကုန်,,16.832,96.1806,,4.5,445,,Yangon,"Name: Thiri Gone Housing. Category: Residence. Address: Waizayantar Rd.,16\2 Ward (TGGN),Thingangyun. Township: Thingangyun. District: Yangon East"
359,Thiri San,သီရိစံ,Pharmacy,ဆေးဆိုင်,5-Oct,43595,"5/10 Than Thu Mar Road, Ward-24 Thuwunna, Thingangyun, Yangon","၄၃၅၉၅, သံသုမာလမ်း, သု၀ဏ္ဏ(၂၄)ရပ်ကွက်, သင်္ဃန်းကျွန်း",Thingangyun,သင်္ဃန်းကျွန်း,Yangon East,ရန်ကုန်အရှေ့ပိုင်း,Yangon,ရန်ကုန်,11431.0,16.815568,96.192815,,4.9,487,,Yangon,"Name: Thiri San (သီရိစံ). Category: Pharmacy. House Number: 5-Oct. Address: ၄၃၅၉၅, သံသုမာလမ်း, သု၀ဏ္ဏ(၂၄)ရပ်ကွက်, သင်္ဃန်းကျွန်း. Township: Thingangyun. District: Yangon East"
1364,Thit Htoo New,သစ်ထူးနွယ်,Shop,အထွေထွေအမျိုးအစား,,,Thingangyun,Thingangyun,Thingangyun,,Yangon East,ရန်ကုန်အရှေ့ပိုင်း,Yangon,ရန်ကုန်,,16.84024,96.201725,,4.4,502,,Yangon,Name: Thit Htoo New (သစ်ထူးနွယ်). Category: Shop. Address: Thingangyun. Township: Thingangyun. District: Yangon East
246,Thit Kwe,သစ်ခွ,Pharmacy,ဆေးဆိုင်,55,55,"55 Lay Daung Kan Road, Lay Daunkan Ward, Thingangyun, Yangon","၅၅, လေးထောင့်ကန်လမ်း, လေးဒေါင့်ကန်ရပ်ကွက်, သင်္ဃန်းကျွန်း",Thingangyun,သင်္ဃန်းကျွန်း,Yangon East,ရန်ကုန်အရှေ့ပိုင်း,Yangon,ရန်ကုန်,11431.0,16.838623,96.201293,,4.6,148,,Yangon,"Name: Thit Kwe (သစ်ခွ). Category: Pharmacy. House Number: 55. Address: ၅၅, လေးထောင့်ကန်လမ်း, လေးဒေါင့်ကန်ရပ်ကွက်, သင်္ဃန်းကျွန်း. Township: Thingangyun. District: Yangon East"
1231,Thit Nan Taw,သစ်နန်းတော်,Shop,အထွေထွေအမျိုးအစား,,,Thingangyun,Thingangyun,Thingangyun,,Yangon East,ရန်ကုန်အရှေ့ပိုင်း,Yangon,ရန်ကုန်,,16.829654,96.201068,,4.1,103,,Yangon,Name: Thit Nan Taw (သစ်နန်းတော်). Category: Shop. Address: Thingangyun. Township: Thingangyun. District: Yangon East
956,Thit San,သစ်ဆန်း,Café/Pub,ဘားနှင့် ဖျော်ဖြေရေး,,,Thingangyun,Thingangyun,Thingangyun,,Yangon East,ရန်ကုန်အရှေ့ပိုင်း,Yangon,ရန်ကုန်,,16.829553,96.209726,,4.6,478,,Yangon,Name: Thit San (သစ်ဆန်း). Category: Café/Pub. Address: Thingangyun. Township: Thingangyun. District: Yangon East
1778,Thit San,သစ်ဆန်း,Shop,အထွေထွေအမျိုးအစား,,,Thingangyun,Thingangyun,Thingangyun,,Yangon East,ရန်ကုန်အရှေ့ပိုင်း,Yangon,ရန်ကုန်,,16.841609,96.202815,,4.8,544,,Yangon,Name: Thit San (သစ်ဆန်း). Category: Shop. Address: Thingangyun. Township: Thingangyun. District: Yangon East
1395,Thit Sann,သစ်ဆန်း,Shop,အထွေထွေအမျိုးအစား,,,Thingangyun,Thingangyun,Thingangyun,,Yangon East,ရန်ကုန်အရှေ့ပိုင်း,Yangon,ရန်ကုန်,,16.8295,96.18713,,4.5,595,,Yangon,Name: Thit Sann (သစ်ဆန်း). Category: Shop. Address: Thingangyun. Township: Thingangyun. District: Yangon East
2024,Thone Pan Hla,သုံးပန်လှ,Café/Pub,ဘားနှင့် ဖျော်ဖြေရေး,,,Thingangyun,Thingangyun,Thingangyun,,Yangon East,ရန်ကုန်အရှေ့ပိုင်း,Yangon,ရန်ကုန်,,16.836811,96.198723,,4.4,82,,Yangon,Name: Thone Pan Hla (သုံးပန်လှ). Category: Café/Pub. Address: Thingangyun. Township: Thingangyun. District: Yangon East
321,Thone Pan Hla,သုံးပန်လှ,Restaurant (Cafeteria),ကဖေးနှင့် လက်ဖက်ရည်ဆိုင်,303/6,303^6,"303/6 Than Thu Mar Road, Supaing Ward, Thingangyun, Yangon","၃၀၃^၆, သံသုမာလမ်း, စုပေါင်းရပ်ကွက်, သင်္ဃန်းကျွန်း",Thingangyun,သင်္ဃန်းကျွန်း,Yangon East,ရန်ကုန်အရှေ့ပိုင်း,Yangon,ရန်ကုန်,11431.0,16.819236,96.199456,,4.1,373,,Yangon,"Name: Thone Pan Hla (သုံးပန်လှ). Category: Restaurant (Cafeteria). House Number: 303/6. Address: ၃၀၃^၆, သံသုမာလမ်း, စုပေါင်းရပ်ကွက်, သင်္ဃန်းကျွန်း. Township: Thingangyun. District: Yangon East"
1708,Thousand Roses,သောင်ဇဲန်ဒ်ရို့စ်,Shop,အထွေထွေအမျိုးအစား,,,Thingangyun,Thingangyun,Thingangyun,,Yangon East,ရန်ကုန်အရှေ့ပိုင်း,Yangon,ရန်ကုန်,,16.83234,96.201779,,4.8,334,,Yangon,Name: Thousand Roses (သောင်ဇဲန်ဒ်ရို့စ်). Category: Shop. Address: Thingangyun. Township: Thingangyun. District: Yangon East
2025,Thu Het Thar,သူ့ထက်သာ,Café/Pub,ဘားနှင့် ဖျော်ဖြေရေး,,,Thingangyun,Thingangyun,Thingangyun,,Yangon East,ရန်ကုန်အရှေ့ပိုင်း,Yangon,ရန်ကုန်,,16.838208,96.200258,,4.5,85,,Yangon,Name: Thu Het Thar (သူ့ထက်သာ). Category: Café/Pub. Address: Thingangyun. Township: Thingangyun. District: Yangon East
546,Thu Mingalar Housing,Thu Mingalar Housing,Residence,ရုံးခန်းနှင့် လူနေအိမ်ရာ,,,"Lay Daung Kan Rd.,Nanwin Kone Ward (TGGN),Thingangyun","Lay Daung Kan Rd.,Nanwin Kone Ward (TGGN),Thingangyun",Thingangyun,,Yangon East,ရန်ကုန်အရှေ့ပိုင်း,Yangon,ရန်ကုန်,,16.8255,96.1863,,4.6,448,,Yangon,"Name: Thu Mingalar Housing. Category: Residence. Address: Lay Daung Kan Rd.,Nanwin Kone Ward (TGGN),Thingangyun. Township: Thingangyun. District: Yangon East"
792,Thu Wa Na,သု၀ဏ္ဏ,Shop,အထွေထွေအမျိုးအစား,,,Thingangyun,Thingangyun,Thingangyun,,Yangon East,ရန်ကုန်အရှေ့ပိုင်း,Yangon,ရန်ကုန်,,16.813926,96.210395,,4.2,586,,Yangon,Name: Thu Wa Na (သု၀ဏ္ဏ). Category: Shop. Address: Thingangyun. Township: Thingangyun. District: Yangon East
1779,Thu Zar Win,သူဇာ၀င်း,Shop,အထွေထွေအမျိုးအစား,,,Thingangyun,Thingangyun,Thingangyun,,Yangon East,ရန်ကုန်အရှေ့ပိုင်း,Yangon,ရန်ကုန်,,16.838714,96.207012,,4.9,547,,Yangon,Name: Thu Zar Win (သူဇာ၀င်း). Category: Shop. Address: Thingangyun. Township: Thingangyun. District: Yangon East
640,Thukha Aung,သုခအောင်,Pharmacy,ဆေးဆိုင်,,,Thingangyun,Thingangyun,Thingangyun,,Yangon East,ရန်ကုန်အရှေ့ပိုင်း,Yangon,ရန်ကုန်,,16.844266,96.201706,,4,130,,Yangon,Name: Thukha Aung (သုခအောင်). Category: Pharmacy. Address: Thingangyun. Township: Thingangyun. District: Yangon East
1940,Thuki Tar Aung,သုခီတာအောင်,Company,ရုံးခန်းနှင့် လူနေအိမ်ရာ,,,Thingangyun,Thingangyun,Thingangyun,,Yangon East,ရန်ကုန်အရှေ့ပိုင်း,Yangon,ရန်ကုန်,,16.836946,96.186643,,4,430,,Yangon,Name: Thuki Tar Aung (သုခီတာအောင်). Category: Company. Address: Thingangyun. Township: Thingangyun. District: Yangon East
1144,Thut Wine Kyi Ward Council,သွပ်ဝိုင်းကြီးရပ်ကွက်အုပ်ချုပ်ရေးမှူးရုံး,Government Office,ရုံးခန်းနှင့် လူနေအိမ်ရာ,,,Thingangyun,Thingangyun,Thingangyun,,Yangon East,ရန်ကုန်အရှေ့ပိုင်း,Yangon,ရန်ကုန်,,16.836572,96.207809,,4.4,442,,Yangon,Name: Thut Wine Kyi Ward Council (သွပ်ဝိုင်းကြီးရပ်ကွက်အုပ်ချုပ်ရေးမှူးရုံး). Category: Government Office. Address: Thingangyun. Township: Thingangyun. District: Yangon East
547,Thuwana Su Paun,Thuwana Su Paun,Residence,ရုံးခန်းနှင့် လူနေအိမ်ရာ,,,"Than Thumar Rd.,Ward 24 Thuwunna (TGGN),Thingangyun","Than Thumar Rd.,Ward 24 Thuwunna (TGGN),Thingangyun",Thingangyun,,Yangon East,ရန်ကုန်အရှေ့ပိုင်း,Yangon,ရန်ကုန်,,16.8176,96.1992,,4.7,451,,Yangon,"Name: Thuwana Su Paun. Category: Residence. Address: Than Thumar Rd.,Ward 24 Thuwunna (TGGN),Thingangyun. Township: Thingangyun. District: Yangon East"
548,Thuwanna Artificial Turf Stadium,Thuwanna Artificial Turf Stadium,Stadium,ပန်းခြံနှင့် အားကစား,,,"Tut Wine Gyi Ward (TGGN), Thingangyun","Tut Wine Gyi Ward (TGGN), Thingangyun",Thingangyun,,Yangon East,ရန်ကုန်အရှေ့ပိုင်း,Yangon,ရန်ကုန်,,16.8197,96.1839,,4.8,454,,Yangon,"Name: Thuwanna Artificial Turf Stadium. Category: Stadium. Address: Tut Wine Gyi Ward (TGGN), Thingangyun. Township: Thingangyun. District: Yangon East"
549,Thuwanna Ntional Football Play ground,Thuwanna Ntional Football Play ground,Stadium,ပန်းခြံနှင့် အားကစား,,,"Tut Wine Gyi Ward (TGGN), Thingangyun","Tut Wine Gyi Ward (TGGN), Thingangyun",Thingangyun,,Yangon East,ရန်ကုန်အရှေ့ပိုင်း,Yangon,ရန်ကုန်,,16.8208,96.1865,,4.9,457,,Yangon,"Name: Thuwanna Ntional Football Play ground. Category: Stadium. Address: Tut Wine Gyi Ward (TGGN), Thingangyun. Township: Thingangyun. District: Yangon East"
550,Thuwanna Ntional Stadium,Thuwanna Ntional Stadium,Stadium,ပန်းခြံနှင့် အားကစား,,,"Tut Wine Gyi Ward (TGGN), Thingangyun","Tut Wine Gyi Ward (TGGN), Thingangyun",Thingangyun,,Yangon East,ရန်ကုန်အရှေ့ပိုင်း,Yangon,ရန်ကုန်,,16.8172,96.1852,,4,460,,Yangon,"Name: Thuwanna Ntional Stadium. Category: Stadium. Address: Tut Wine Gyi Ward (TGGN), Thingangyun. Township: Thingangyun. District: Yangon East"
551,Thuwanna Police Station,သု၀ဏ၊ရဲစခန်း,Police Station,အထွေထွေအမျိုးအစား,,,"Ward 25 Thuwunna (TGGN), Thingangyun","Ward 25 Thuwunna (TGGN), Thingangyun",Thingangyun,,Yangon East,ရန်ကုန်အရှေ့ပိုင်း,Yangon,ရန်ကုန်,,16.8249,96.2058,,4.1,463,,Yangon,"Name: Thuwanna Police Station (သု၀ဏ၊ရဲစခန်း). Category: Police Station. Address: Ward 25 Thuwunna (TGGN), Thingangyun. Township: Thingangyun. District: Yangon East"
720,Thuwanna Yarma,သု၀ဏ္ဏရာမ,Place of Worship,ဘာသာရေးနေရာ,,,Thingangyun,Thingangyun,Thingangyun,,Yangon East,ရန်ကုန်အရှေ့ပိုင်း,Yangon,ရန်ကုန်,,16.8292,96.210867,,4,370,,Yangon,Name: Thuwanna Yarma (သု၀ဏ္ဏရာမ). Category: Place of Worship. Address: Thingangyun. Township: Thingangyun. District: Yangon East
554,Thuwunna Market,Thuwunna Market,Market,စျေးနှင့် ကုန်စုံဆိုင်,,,"Ward 29 Thuwunna (TGGN), Thingangyun","Ward 29 Thuwunna (TGGN), Thingangyun",Thingangyun,,Yangon East,ရန်ကုန်အရှေ့ပိုင်း,Yangon,ရန်ကုန်,,16.8246,96.2072,,4.4,472,,Yangon,"Name: Thuwunna Market. Category: Market. Address: Ward 29 Thuwunna (TGGN), Thingangyun. Township: Thingangyun. District: Yangon East"
552,Thuwunna Myo Oo Pagoda,သု၀ဏ၊မြို့ဦးစေတီ,Pagoda,ဘာသာရေးနေရာ,,,"Yangon Thit Ward (TGGN), Thingangyun","Yangon Thit Ward (TGGN), Thingangyun",Thingangyun,,Yangon East,ရန်ကုန်အရှေ့ပိုင်း,Yangon,ရန်ကုန်,,16.8234,96.2123,,4.2,466,,Yangon,"Name: Thuwunna Myo Oo Pagoda (သု၀ဏ၊မြို့ဦးစေတီ). Category: Pagoda. Address: Yangon Thit Ward (TGGN), Thingangyun. Township: Thingangyun. District: Yangon East"
553,Thuwunna Park,Thuwunna Park,Park,ပန်းခြံနှင့် အားကစား,,,"Ward 29 Thuwunna (TGGN), Thingangyun","Ward 29 Thuwunna (TGGN), Thingangyun",Thingangyun,,Yangon East,ရန်ကုန်အရှေ့ပိုင်း,Yangon,ရန်ကုန်,,16.8199,96.2024,,4.3,469,,Yangon,"Name: Thuwunna Park. Category: Park. Address: Ward 29 Thuwunna (TGGN), Thingangyun. Township: Thingangyun. District: Yangon East"
67,Thuwunna Post Office [11072],သုဝဏ္ဏစာတိုက် (၁၁၀၇၂),Post Office,စာတိုက်,2/B,2^bD,"2/B Corner of Than Thu Mar Road & Sein Pann Myaing Street, Ward-25 Thuwunna, Thingangyun, Yangon","၂^ဘီ, သံသုမာလမ်းနှင့်စိန်ပန်းမြိုင်လမ်း, သု၀ဏ္ဏ(၂၅)ရပ်ကွက်, သင်္ဃန်းကျွန်း",Thingangyun,သင်္ဃန်းကျွန်း,Yangon East,ရန်ကုန်အရှေ့ပိုင်း,Yangon,ရန်ကုန်,11431.0,16.822064,96.203512,,4.7,211,,Yangon,"Name: Thuwunna Post Office [11072] (သုဝဏ္ဏစာတိုက် (၁၁၀၇၂)). Category: Post Office. House Number: 2/B. Address: ၂^ဘီ, သံသုမာလမ်းနှင့်စိန်ပန်းမြိုင်လမ်း, သု၀ဏ္ဏ(၂၅)ရပ်ကွက်, သင်္ဃန်းကျွန်း. Township: Thingangyun. District: Yangon East"
1008,Thwar,သွား,Dentist,အထွေထွေအမျိုးအစား,,,Thingangyun,Thingangyun,Thingangyun,,Yangon East,ရန်ကုန်အရှေ့ပိုင်း,Yangon,ရန်ကုန်,,16.828362,96.19856,,4.8,34,,Yangon,Name: Thwar (သွား). Category: Dentist. Address: Thingangyun. Township: Thingangyun. District: Yangon East
291,Tiger,တိုက်ဂါး,Restrunant(Beer Pub),ဘားနှင့် ဖျော်ဖြေရေး,891,891,"891 Lay Daung Kan Road, Nga Moe Yeik Ward, Thingangyun, Yangon","၈၉၁, လေးထောင့်ကန်လမ်း, ငမိုးရိပ်ရပ်ကွက်, သင်္ဃန်းကျွန်း",Thingangyun,သင်္ဃန်းကျွန်း,Yangon East,ရန်ကုန်အရှေ့ပိုင်း,Yangon,ရန်ကုန်,11431.0,16.839211,96.2013,,4.1,283,,Yangon,"Name: Tiger (တိုက်ဂါး). Category: Restrunant(Beer Pub). House Number: 891. Address: ၈၉၁, လေးထောင့်ကန်လမ်း, ငမိုးရိပ်ရပ်ကွက်, သင်္ဃန်းကျွန်း. Township: Thingangyun. District: Yangon East"
1492,Tin Aung,တင်အောင်,Repair Facility,ပြုပြင်ရေးလုပ်ငန်း,,,Thingangyun,Thingangyun,Thingangyun,,Yangon East,ရန်ကုန်အရှေ့ပိုင်း,Yangon,ရန်ကုန်,,16.835435,96.182322,,4.2,286,,Yangon,Name: Tin Aung (တင်အောင်). Category: Repair Facility. Address: Thingangyun. Township: Thingangyun. District: Yangon East
1307,Tine Kyaw Soe,တိုင်းကျော်စိုး,Shop,အထွေထွေအမျိုးအစား,,,Thingangyun,Thingangyun,Thingangyun,,Yangon East,ရန်ကုန်အရှေ့ပိုင်း,Yangon,ရန်ကုန်,,16.840274,96.20182,,4.7,331,,Yangon,Name: Tine Kyaw Soe (တိုင်းကျော်စိုး). Category: Shop. Address: Thingangyun. Township: Thingangyun. District: Yangon East
1709,Tint Tal,တင့်တယ်,Shop,အထွေထွေအမျိုးအစား,,,Thingangyun,Thingangyun,Thingangyun,,Yangon East,ရန်ကုန်အရှေ့ပိုင်း,Yangon,ရန်ကုန်,,16.834853,96.180868,,4.9,337,,Yangon,Name: Tint Tal (တင့်တယ်). Category: Shop. Address: Thingangyun. Township: Thingangyun. District: Yangon East
555,Titar Oo,Titar Oo,Restaurant,စားသောက်ဆိုင်,,,"Yangon Thit Ward (TGGN), Thingangyun","Yangon Thit Ward (TGGN), Thingangyun",Thingangyun,,Yangon East,ရန်ကုန်အရှေ့ပိုင်း,Yangon,ရန်ကုန်,,16.8289,96.2079,,4.5,475,,Yangon,"Name: Titar Oo. Category: Restaurant. Address: Yangon Thit Ward (TGGN), Thingangyun. Township: Thingangyun. District: Yangon East"
1232,Toe,တိုး,Shop,အထွေထွေအမျိုးအစား,,,Thingangyun,Thingangyun,Thingangyun,,Yangon East,ရန်ကုန်အရှေ့ပိုင်း,Yangon,ရန်ကုန်,,16.842099,96.199448,,4.2,106,,Yangon,Name: Toe (တိုး). Category: Shop. Address: Thingangyun. Township: Thingangyun. District: Yangon East
117,Toe Aung,တိုးအောင်,Car Accessories Shop,အထွေထွေအမျိုးအစား,1,1,"1 Yadanar Road, Bawa Myint Ward, Thingangyun, Yangon","၁, ရတနာလမ်း, ဘ၀မြင့်ရပ်ကွက်, သင်္ဃန်းကျွန်း",Thingangyun,သင်္ဃန်းကျွန်း,Yangon East,ရန်ကုန်အရှေ့ပိုင်း,Yangon,ရန်ကုန်,11431.0,16.842649,96.197657,,4.7,361,,Yangon,"Name: Toe Aung (တိုးအောင်). Category: Car Accessories Shop. House Number: 1. Address: ၁, ရတနာလမ်း, ဘ၀မြင့်ရပ်ကွက်, သင်္ဃန်းကျွန်း. Township: Thingangyun. District: Yangon East"
1233,Toe Brother,တိုးဘရားသား,Shop,အထွေထွေအမျိုးအစား,,,Thingangyun,Thingangyun,Thingangyun,,Yangon East,ရန်ကုန်အရှေ့ပိုင်း,Yangon,ရန်ကုန်,,16.835672,96.207445,,4.3,109,,Yangon,Name: Toe Brother (တိုးဘရားသား). Category: Shop. Address: Thingangyun. Township: Thingangyun. District: Yangon East
77,Toe Brother,တိုးဘရားသား,General Iron Mterial,ဆောက်လုပ်ရေးနှင့် ဟာ့ဒ်ဝဲ,252,252,"252 Than Thu Mar Road, (Nga/Ka) Ward, Thingangyun, Yangon","၂၅၂, သံသုမာလမ်း, (င^က)ရပ်ကွက်, သင်္ဃန်းကျွန်း",Thingangyun,သင်္ဃန်းကျွန်း,Yangon East,ရန်ကုန်အရှေ့ပိုင်း,Yangon,ရန်ကုန်,11431.0,16.83567,96.207453,,4.7,241,,Yangon,"Name: Toe Brother (တိုးဘရားသား). Category: General Iron Mterial. House Number: 252. Address: ၂၅၂, သံသုမာလမ်း, (င^က)ရပ်ကွက်, သင်္ဃန်းကျွန်း. Township: Thingangyun. District: Yangon East"
756,Toe Pwar Yadanar,တိုးပွားရတနာ,Company,ရုံးခန်းနှင့် လူနေအိမ်ရာ,,,Thingangyun,Thingangyun,Thingangyun,,Yangon East,ရန်ကုန်အရှေ့ပိုင်း,Yangon,ရန်ကုန်,,16.825115,96.209903,,4.6,478,,Yangon,Name: Toe Pwar Yadanar (တိုးပွားရတနာ). Category: Company. Address: Thingangyun. Township: Thingangyun. District: Yangon East
1267,Tomorrow,တူမောရိုး,Shop,အထွေထွေအမျိုးအစား,,,Thingangyun,Thingangyun,Thingangyun,,Yangon East,ရန်ကုန်အရှေ့ပိုင်း,Yangon,ရန်ကုန်,,16.841351,96.203233,,4.7,211,,Yangon,Name: Tomorrow (တူမောရိုး). Category: Shop. Address: Thingangyun. Township: Thingangyun. District: Yangon East
1327,Top,တော့ပ်,Shop,အထွေထွေအမျိုးအစား,,,Thingangyun,Thingangyun,Thingangyun,,Yangon East,ရန်ကုန်အရှေ့ပိုင်း,Yangon,ရန်ကုန်,,16.829469,96.199397,,4.7,391,,Yangon,Name: Top (တော့ပ်). Category: Shop. Address: Thingangyun. Township: Thingangyun. District: Yangon East
247,Top,တော့ပ်,General Car Repair & Service,ပြုပြင်ရေးလုပ်ငန်း,68,68,"68 Lay Daung Kan Road, Lay Daunkan Ward, Thingangyun, Yangon","၆၈, လေးထောင့်ကန်လမ်း, လေးဒေါင့်ကန်ရပ်ကွက်, သင်္ဃန်းကျွန်း",Thingangyun,သင်္ဃန်းကျွန်း,Yangon East,ရန်ကုန်အရှေ့ပိုင်း,Yangon,ရန်ကုန်,11431.0,16.837802,96.200504,,4.7,151,,Yangon,"Name: Top (တော့ပ်). Category: General Car Repair & Service. House Number: 68. Address: ၆၈, လေးထောင့်ကန်လမ်း, လေးဒေါင့်ကန်ရပ်ကွက်, သင်္ဃန်းကျွန်း. Township: Thingangyun. District: Yangon East"
1854,Top,တော့(ပ်),Repair Facility,ပြုပြင်ရေးလုပ်ငန်း,,,Thingangyun,Thingangyun,Thingangyun,,Yangon East,ရန်ကုန်အရှေ့ပိုင်း,Yangon,ရန်ကုန်,,16.837802,96.200545,,4.4,172,,Yangon,Name: Top (တော့(ပ်)). Category: Repair Facility. Address: Thingangyun. Township: Thingangyun. District: Yangon East
657,Top,တော့ပ်,Repair Facility,ပြုပြင်ရေးလုပ်ငန်း,,,Thingangyun,Thingangyun,Thingangyun,,Yangon East,ရန်ကုန်အရှေ့ပိုင်း,Yangon,ရန်ကုန်,,16.837973,96.200741,,4.7,181,,Yangon,Name: Top (တော့ပ်). Category: Repair Facility. Address: Thingangyun. Township: Thingangyun. District: Yangon East
248,Top Com,တော့ပ်ကွန်း,Network Game Center,အထွေထွေအမျိုးအစား,688,688,"688 Kamahtan Street, Myittar Nyunt Ward, Tarmwe, Yangon","၆၈၈, ကမ္မဌာန်းလမ်း, မေတmညွန့်ရပ်ကွက်, တာမွေ",Tarmwe,wmarG,Yangon East,ရန်ကုန်အရှေ့ပိုင်း,Yangon,ရန်ကုန်,11431.0,16.838889,96.201549,,4.8,154,,Yangon,"Name: Top Com (တော့ပ်ကွန်း). Category: Network Game Center. House Number: 688. Address: ၆၈၈, ကမ္မဌာန်းလမ်း, မေတmညွန့်ရပ်ကွက်, တာမွေ. Township: Tarmwe. District: Yangon East"
658,Top Star,တော့ပ်စတား,Repair Facility,ပြုပြင်ရေးလုပ်ငန်း,,,Thingangyun,Thingangyun,Thingangyun,,Yangon East,ရန်ကုန်အရှေ့ပိုင်း,Yangon,ရန်ကုန်,,16.816821,96.194871,,4.8,184,,Yangon,Name: Top Star (တော့ပ်စတား). Category: Repair Facility. Address: Thingangyun. Township: Thingangyun. District: Yangon East
322,Top Star,တော့ပ်စတား,Company,ရုံးခန်းနှင့် လူနေအိမ်ရာ,134/2,134^2,"134/2 Than Thu Mar Road, Supaing Ward, Thingangyun, Yangon","၁၃၄^၂, သံသုမာလမ်း, စုပေါင်းရပ်ကွက်, သင်္ဃန်းကျွန်း",Thingangyun,သင်္ဃန်းကျွန်း,Yangon East,ရန်ကုန်အရှေ့ပိုင်း,Yangon,ရန်ကုန်,11431.0,16.816816,96.194838,,4.2,376,,Yangon,"Name: Top Star (တော့ပ်စတား). Category: Company. House Number: 134/2. Address: ၁၃၄^၂, သံသုမာလမ်း, စုပေါင်းရပ်ကွက်, သင်္ဃန်းကျွန်း. Township: Thingangyun. District: Yangon East"
745,Tosta Group Ltd.,တိုစတာဂရုလီမိတက်,Company,ရုံးခန်းနှင့် လူနေအိမ်ရာ,,,Thingangyun,Thingangyun,Thingangyun,,Yangon East,ရန်ကုန်အရှေ့ပိုင်း,Yangon,ရန်ကုန်,,16.827165,96.187886,,4.5,445,,Yangon,Name: Tosta Group Ltd. (တိုစတာဂရုလီမိတက်). Category: Company. Address: Thingangyun. Township: Thingangyun. District: Yangon East
1505,Toyota II,တိုယိုတာ ၂,Repair Facility,ပြုပြင်ရေးလုပ်ငန်း,,,Thingangyun,Thingangyun,Thingangyun,,Yangon East,ရန်ကုန်အရှေ့ပိုင်း,Yangon,ရန်ကုန်,,16.835056,96.181472,,4.5,325,,Yangon,Name: Toyota II (တိုယိုတာ ၂). Category: Repair Facility. Address: Thingangyun. Township: Thingangyun. District: Yangon East
1234,Treasure Home,ထရတ်ရှာဟုမ်းမ်,Shop,အထွေထွေအမျိုးအစား,,,Thingangyun,Thingangyun,Thingangyun,,Yangon East,ရန်ကုန်အရှေ့ပိုင်း,Yangon,ရန်ကုန်,,16.826826,96.207386,,4.4,112,,Yangon,Name: Treasure Home (ထရတ်ရှာဟုမ်းမ်). Category: Shop. Address: Thingangyun. Township: Thingangyun. District: Yangon East
959,Tri Star,ထရိုင်စတား,Café/Pub,ဘားနှင့် ဖျော်ဖြေရေး,,,Thingangyun,Thingangyun,Thingangyun,,Yangon East,ရန်ကုန်အရှေ့ပိုင်း,Yangon,ရန်ကုန်,,16.826342,96.207245,,4.9,487,,Yangon,Name: Tri Star (ထရိုင်စတား). Category: Café/Pub. Address: Thingangyun. Township: Thingangyun. District: Yangon East
556,Triton,Triton,Restaurant,စားသောက်ဆိုင်,,,"Mikyaung Kan (3) Ward (TGGN), Thingangyun","Mikyaung Kan (3) Ward (TGGN), Thingangyun",Thingangyun,,Yangon East,ရန်ကုန်အရှေ့ပိုင်း,Yangon,ရန်ကုန်,,16.8326,96.1784,,4.6,478,,Yangon,"Name: Triton. Category: Restaurant. Address: Mikyaung Kan (3) Ward (TGGN), Thingangyun. Township: Thingangyun. District: Yangon East"
78,True Money,ထရူးမန်းနီး,Photo Copy,အထွေထွေအမျိုးအစား,251,251,"251 Than Thu Mar Road, (Nga/Ka) Ward, Thingangyun, Yangon","၂၅၁, သံသုမာလမ်း, (င^က)ရပ်ကွက်, သင်္ဃန်းကျွန်း",Thingangyun,သင်္ဃန်းကျွန်း,Yangon East,ရန်ကုန်အရှေ့ပိုင်း,Yangon,ရန်ကုန်,11431.0,16.835423,96.207495,,4.8,244,,Yangon,"Name: True Money (ထရူးမန်းနီး). Category: Photo Copy. House Number: 251. Address: ၂၅၁, သံသုမာလမ်း, (င^က)ရပ်ကွက်, သင်္ဃန်းကျွန်း. Township: Thingangyun. District: Yangon East"
691,True Place,ထရုပလေ့စ်,Restaurant,စားသောက်ဆိုင်,,,Thingangyun,Thingangyun,Thingangyun,,Yangon East,ရန်ကုန်အရှေ့ပိုင်း,Yangon,ရန်ကုန်,,16.821743,96.181335,,4.1,283,,Yangon,Name: True Place (ထရုပလေ့စ်). Category: Restaurant. Address: Thingangyun. Township: Thingangyun. District: Yangon East
929,Try Call,ထရိုင်းကော,Shop,အထွေထွေအမျိုးအစား,,,Thingangyun,Thingangyun,Thingangyun,,Yangon East,ရန်ကုန်အရှေ့ပိုင်း,Yangon,ရန်ကုန်,,16.828142,96.188915,,4.9,397,,Yangon,Name: Try Call (ထရိုင်းကော). Category: Shop. Address: Thingangyun. Township: Thingangyun. District: Yangon East
1561,Tt Collection,တီတီကော်လက်ရှင်,Shop,အထွေထွေအမျိုးအစား,,,Thingangyun,Thingangyun,Thingangyun,,Yangon East,ရန်ကုန်အရှေ့ပိုင်း,Yangon,ရန်ကုန်,,16.831697,96.182091,,4.1,493,,Yangon,Name: Tt Collection (တီတီကော်လက်ရှင်). Category: Shop. Address: Thingangyun. Township: Thingangyun. District: Yangon East
1972,Tun,ထွန်း,Shop,အထွေထွေအမျိုးအစား,,,Thingangyun,Thingangyun,Thingangyun,,Yangon East,ရန်ကုန်အရှေ့ပိုင်း,Yangon,ရန်ကုန်,,16.833148,96.195201,,4.2,526,,Yangon,Name: Tun (ထွန်း). Category: Shop. Address: Thingangyun. Township: Thingangyun. District: Yangon East
1716,Tun,ထွန်း,Shop,အထွေထွေအမျိုးအစား,,,Thingangyun,Thingangyun,Thingangyun,,Yangon East,ရန်ကုန်အရှေ့ပိုင်း,Yangon,ရန်ကုန်,,16.825487,96.207042,,4.6,358,,Yangon,Name: Tun (ထွန်း). Category: Shop. Address: Thingangyun. Township: Thingangyun. District: Yangon East
1743,Tun,ထွန်း,Shop,အထွေထွေအမျိုးအစား,,,Thingangyun,Thingangyun,Thingangyun,,Yangon East,ရန်ကုန်အရှေ့ပိုင်း,Yangon,ရန်ကုန်,,16.829407,96.201746,,4.3,439,,Yangon,Name: Tun (ထွန်း). Category: Shop. Address: Thingangyun. Township: Thingangyun. District: Yangon East
1022,Tun Family,ထွန်းဖဲမလီ,Repair Facility,ပြုပြင်ရေးလုပ်ငန်း,,,Thingangyun,Thingangyun,Thingangyun,,Yangon East,ရန်ကုန်အရှေ့ပိုင်း,Yangon,ရန်ကုန်,,16.830857,96.207897,,4.2,76,,Yangon,Name: Tun Family (ထွန်းဖဲမလီ). Category: Repair Facility. Address: Thingangyun. Township: Thingangyun. District: Yangon East
1990,Tun Mi Thar Su,ထွန်းမိသားစု,Shop,အထွေထွေအမျိုးအစား,,,Thingangyun,Thingangyun,Thingangyun,,Yangon East,ရန်ကုန်အရှေ့ပိုင်း,Yangon,ရန်ကုန်,,16.834714,96.187081,,4,580,,Yangon,Name: Tun Mi Thar Su (ထွန်းမိသားစု). Category: Shop. Address: Thingangyun. Township: Thingangyun. District: Yangon East
1961,Tun Mi Thar Su,ထွန်းမိသားစု,Shop,အထွေထွေအမျိုးအစား,,,Thingangyun,Thingangyun,Thingangyun,,Yangon East,ရန်ကုန်အရှေ့ပိုင်း,Yangon,ရန်ကုန်,,16.834092,96.186935,,4.1,493,,Yangon,Name: Tun Mi Thar Su (ထွန်းမိသားစု). Category: Shop. Address: Thingangyun. Township: Thingangyun. District: Yangon East
361,Tun Tartanar,ထွန်း,Monk Robe,အထွေထွေအမျိုးအစား,1267,1267,"1267 Thitsar Road, Ward-7, South Okkalapa, Yangon","၁၂၆၇, သစ္စာလမ်း, (၇)ရပ်ကွက်, တောင်ဥက္ကလာ",South Okkalapa,awmifOuúvm,Yangon East,ရန်ကုန်အရှေ့ပိုင်း,Yangon,ရန်ကုန်,11431.0,16.816819,96.195682,,4.1,493,,Yangon,"Name: Tun Tartanar (ထွန်း). Category: Monk Robe. House Number: 1267. Address: ၁၂၆၇, သစ္စာလမ်း, (၇)ရပ်ကွက်, တောင်ဥက္ကလာ. Township: South Okkalapa. District: Yangon East"
1023,Twin Power Mechanics,တွင်းပါဝါမတ်ခ်နစ်,Repair Facility,ပြုပြင်ရေးလုပ်ငန်း,,,Thingangyun,Thingangyun,Thingangyun,,Yangon East,ရန်ကုန်အရှေ့ပိုင်း,Yangon,ရန်ကုန်,,16.82926,96.18339,,4.3,79,,Yangon,Name: Twin Power Mechanics (တွင်းပါဝါမတ်ခ်နစ်). Category: Repair Facility. Address: Thingangyun. Township: Thingangyun. District: Yangon East
144,U Aung San,ဦးအောင်ဆန်း,Store,စျေးနှင့် ကုန်စုံဆိုင်,264,264,"264 Than Thu Mar Road, Kyi Pwar Yae Ward, Thingangyun, Yangon","၂၆၄, သံသုမာလမ်း, ကြီးပွားရေးရပ်ကွက်, သင်္ဃန်းကျွန်း",Thingangyun,သင်္ဃန်းကျွန်း,Yangon East,ရန်ကုန်အရှေ့ပိုင်း,Yangon,ရန်ကုန်,11431.0,16.837574,96.20737,,4.4,442,,Yangon,"Name: U Aung San (ဦးအောင်ဆန်း). Category: Store. House Number: 264. Address: ၂၆၄, သံသုမာလမ်း, ကြီးပွားရေးရပ်ကွက်, သင်္ဃန်းကျွန်း. Township: Thingangyun. District: Yangon East"
1449,U Aung San,ဦးအောင်ဆန်း,Shop,အထွေထွေအမျိုးအစား,,,Thingangyun,Thingangyun,Thingangyun,,Yangon East,ရန်ကုန်အရှေ့ပိုင်း,Yangon,ရန်ကုန်,,16.837564,96.207358,,4.9,157,,Yangon,Name: U Aung San (ဦးအောင်ဆန်း). Category: Shop. Address: Thingangyun. Township: Thingangyun. District: Yangon East
891,U Aung Than,ဦးအောင်သန်း,Shop,အထွေထွေအမျိုးအစား,,,Thingangyun,Thingangyun,Thingangyun,,Yangon East,ရန်ကုန်အရှေ့ပိုင်း,Yangon,ရန်ကုန်,,16.825674,96.212313,,4.1,283,,Yangon,Name: U Aung Than (ဦးအောင်သန်း). Category: Shop. Address: Thingangyun. Township: Thingangyun. District: Yangon East
1166,U Aung Than Lwin,ဦးအောင်သန်းလွင်,School,ကျောင်းနှင့် တက္ကသိုလ်,,,Thingangyun,Thingangyun,Thingangyun,,Yangon East,ရန်ကုန်အရှေ့ပိုင်း,Yangon,ရန်ကုန်,,16.840742,96.202013,,4.6,508,,Yangon,Name: U Aung Than Lwin (ဦးအောင်သန်းလွင်). Category: School. Address: Thingangyun. Township: Thingangyun. District: Yangon East
824,U Htay Family,ဦးဌေးမိသားစု,Shop,အထွေထွေအမျိုးအစား,,,Thingangyun,Thingangyun,Thingangyun,,Yangon East,ရန်ကုန်အရှေ့ပိုင်း,Yangon,ရန်ကုန်,,16.84528,96.210107,,4.4,82,,Yangon,Name: U Htay Family (ဦးဌေးမိသားစု). Category: Shop. Address: Thingangyun. Township: Thingangyun. District: Yangon East
1450,U Kyaw,ဦးကျော်,Shop,အထွေထွေအမျိုးအစား,,,Thingangyun,Thingangyun,Thingangyun,,Yangon East,ရန်ကုန်အရှေ့ပိုင်း,Yangon,ရန်ကုန်,,16.837739,96.207336,,4,160,,Yangon,Name: U Kyaw (ဦးကျော်). Category: Shop. Address: Thingangyun. Township: Thingangyun. District: Yangon East
1451,U Lay Kyi,ဦးလေးကြီး,Shop,အထွေထွေအမျိုးအစား,,,Thingangyun,Thingangyun,Thingangyun,,Yangon East,ရန်ကုန်အရှေ့ပိုင်း,Yangon,ရန်ကုန်,,16.840704,96.202226,,4.1,163,,Yangon,Name: U Lay Kyi (ဦးလေးကြီး). Category: Shop. Address: Thingangyun. Township: Thingangyun. District: Yangon East
1055,U Lwoon Aung,ဦးလွန်းအောင်,Repair Facility,ပြုပြင်ရေးလုပ်ငန်း,,,Thingangyun,Thingangyun,Thingangyun,,Yangon East,ရန်ကုန်အရှေ့ပိုင်း,Yangon,ရန်ကုန်,,16.82884,96.18138,,4.5,175,,Yangon,Name: U Lwoon Aung (ဦးလွန်းအောင်). Category: Repair Facility. Address: Thingangyun. Township: Thingangyun. District: Yangon East
1190,U Mhat Kyee,ဦးမှတ်ကြီး,Company,ရုံးခန်းနှင့် လူနေအိမ်ရာ,,,Thingangyun,Thingangyun,Thingangyun,,Yangon East,ရန်ကုန်အရှေ့ပိုင်း,Yangon,ရန်ကုန်,,16.8288,96.18123,,4,580,,Yangon,Name: U Mhat Kyee (ဦးမှတ်ကြီး). Category: Company. Address: Thingangyun. Township: Thingangyun. District: Yangon East
1452,U Naing Wan,ဦးနိုင်၀မ်း,Shop,အထွေထွေအမျိုးအစား,,,Thingangyun,Thingangyun,Thingangyun,,Yangon East,ရန်ကုန်အရှေ့ပိုင်း,Yangon,ရန်ကုန်,,16.828543,96.19727,,4.2,166,,Yangon,Name: U Naing Wan (ဦးနိုင်၀မ်း). Category: Shop. Address: Thingangyun. Township: Thingangyun. District: Yangon East
1453,U Nyunt Tin,ဦးညွန့်တင်,Shop,အထွေထွေအမျိုးအစား,,,Thingangyun,Thingangyun,Thingangyun,,Yangon East,ရန်ကုန်အရှေ့ပိုင်း,Yangon,ရန်ကုန်,,16.842356,96.199983,,4.3,169,,Yangon,Name: U Nyunt Tin (ဦးညွန့်တင်). Category: Shop. Address: Thingangyun. Township: Thingangyun. District: Yangon East
1189,"U Than  Ohn & Sons Co., Ltd.",ဦးသန်းအုံနှင့်သားများကုမ္ပဏီလီမိတက်,Company,ရုံးခန်းနှင့် လူနေအိမ်ရာ,,,Thingangyun,Thingangyun,Thingangyun,,Yangon East,ရန်ကုန်အရှေ့ပိုင်း,Yangon,ရန်ကုန်,,16.831093,96.204766,,4.9,577,,Yangon,"Name: U Than  Ohn & Sons Co., Ltd. (ဦးသန်းအုံနှင့်သားများကုမ္ပဏီလီမိတက်). Category: Company. Address: Thingangyun. Township: Thingangyun. District: Yangon East"
1056,U Thein Myint and Nyi Myar,ဦးသိန်းမြင့်နှင့်ညီများ,Repair Facility,ပြုပြင်ရေးလုပ်ငန်း,,,Thingangyun,Thingangyun,Thingangyun,,Yangon East,ရန်ကုန်အရှေ့ပိုင်း,Yangon,ရန်ကုန်,,16.82947,96.1874,,4.6,178,,Yangon,Name: U Thein Myint and Nyi Myar (ဦးသိန်းမြင့်နှင့်ညီများ). Category: Repair Facility. Address: Thingangyun. Township: Thingangyun. District: Yangon East
1454,U Tin Aung,ဦးတင်အောင်,Shop,အထွေထွေအမျိုးအစား,,,Thingangyun,Thingangyun,Thingangyun,,Yangon East,ရန်ကုန်အရှေ့ပိုင်း,Yangon,ရန်ကုန်,,16.824403,96.196206,,4.4,172,,Yangon,Name: U Tin Aung (ဦးတင်အောင်). Category: Shop. Address: Thingangyun. Township: Thingangyun. District: Yangon East
250,U Tin Oo,ဦးတင်ဦး,Traditional Clinic,ဆေးရုံနှင့် ဆေးခန်း,77,77,"77 Lay Daung Kan Road, Lay Daunkan Ward, Thingangyun, Yangon","၇၇, လေးထောင့်ကန်လမ်း, လေးဒေါင့်ကန်ရပ်ကွက်, သင်္ဃန်းကျွန်း",Thingangyun,သင်္ဃန်းကျွန်း,Yangon East,ရန်ကုန်အရှေ့ပိုင်း,Yangon,ရန်ကုန်,11431.0,16.837458,96.200064,,4,160,,Yangon,"Name: U Tin Oo (ဦးတင်ဦး). Category: Traditional Clinic. House Number: 77. Address: ၇၇, လေးထောင့်ကန်လမ်း, လေးဒေါင့်ကန်ရပ်ကွက်, သင်္ဃန်းကျွန်း. Township: Thingangyun. District: Yangon East"
1455,U Tin Win,ဦးတင်၀င်း,Shop,အထွေထွေအမျိုးအစား,,,Thingangyun,Thingangyun,Thingangyun,,Yangon East,ရန်ကုန်အရှေ့ပိုင်း,Yangon,ရန်ကုန်,,16.828481,96.197718,,4.5,175,,Yangon,Name: U Tin Win (ဦးတင်၀င်း). Category: Shop. Address: Thingangyun. Township: Thingangyun. District: Yangon East
832,U Yar Jue,ဦးရာဂျူး,Shop,အထွေထွေအမျိုးအစား,,,Thingangyun,Thingangyun,Thingangyun,,Yangon East,ရန်ကုန်အရှေ့ပိုင်း,Yangon,ရန်ကုန်,,16.823883,96.207944,,4.2,106,,Yangon,Name: U Yar Jue (ဦးရာဂျူး). Category: Shop. Address: Thingangyun. Township: Thingangyun. District: Yangon East
1253,UAT,ယူအေတီ,Shop,အထွေထွေအမျိုးအစား,,,Thingangyun,Thingangyun,Thingangyun,,Yangon East,ရန်ကုန်အရှေ့ပိုင်း,Yangon,ရန်ကုန်,,16.825015,96.20912,,4.3,169,,Yangon,Name: UAT (ယူအေတီ). Category: Shop. Address: Thingangyun. Township: Thingangyun. District: Yangon East
1931,UMS,ယူအမ်အက်,Company,ရုံးခန်းနှင့် လူနေအိမ်ရာ,,,Thingangyun,Thingangyun,Thingangyun,,Yangon East,ရန်ကုန်အရှေ့ပိုင်း,Yangon,ရန်ကုန်,,16.831852,96.188435,,4.1,403,,Yangon,Name: UMS (ယူအမ်အက်). Category: Company. Address: Thingangyun. Township: Thingangyun. District: Yangon East
400,USA,ယူအက်စ်အေ,Gas & Gas Stove Shop,အထွေထွေအမျိုးအစား,A1-2,at1-2,"A1-2 Banyardala Road, Bolein Aung Mingalar Ward, Tarmwe, Yangon","အေ၁-၂, ဗညားဒလလမ်း, ဘိုးဘိန်းအောင်မင်္ဂလာရပ်ကွက်, တာမွေ",Tarmwe,wmarG,Yangon East,ရန်ကုန်အရှေ့ပိုင်း,Yangon,ရန်ကုန်,11431.0,16.821655,96.203764,,4,10,,Yangon,"Name: USA (ယူအက်စ်အေ). Category: Gas & Gas Stove Shop. House Number: A1-2. Address: အေ၁-၂, ဗညားဒလလမ်း, ဘိုးဘိန်းအောင်မင်္ဂလာရပ်ကွက်, တာမွေ. Township: Tarmwe. District: Yangon East"
1187,Unicom,ယူနီကွန်(မ်),Company,ရုံးခန်းနှင့် လူနေအိမ်ရာ,,,Thingangyun,Thingangyun,Thingangyun,,Yangon East,ရန်ကုန်အရှေ့ပိုင်း,Yangon,ရန်ကုန်,,16.840114,96.200529,,4.7,571,,Yangon,Name: Unicom (ယူနီကွန်(မ်)). Category: Company. Address: Thingangyun. Township: Thingangyun. District: Yangon East
659,Union,ယူနီအွန်,Repair Facility,ပြုပြင်ရေးလုပ်ငန်း,,,Thingangyun,Thingangyun,Thingangyun,,Yangon East,ရန်ကုန်အရှေ့ပိုင်း,Yangon,ရန်ကုန်,,16.815561,96.192964,,4.9,187,,Yangon,Name: Union (ယူနီအွန်). Category: Repair Facility. Address: Thingangyun. Township: Thingangyun. District: Yangon East
1014,Unique,ယူနစ်က်,Repair Facility,ပြုပြင်ရေးလုပ်ငန်း,,,Thingangyun,Thingangyun,Thingangyun,,Yangon East,ရန်ကုန်အရှေ့ပိုင်း,Yangon,ရန်ကုန်,,16.83512,96.207896,,4.4,52,,Yangon,Name: Unique (ယူနစ်က်). Category: Repair Facility. Address: Thingangyun. Township: Thingangyun. District: Yangon East
398,Unique,ယူနီကွတ်,Stationery Shop,အထွေထွေအမျိုးအစား,5,5,"5 Than Thu Mar Road, Ward-29 Thuwunna, Thingangyun, Yangon","၅, သံသုမာလမ်း, သု၀ဏ္ဏ(၂၉)ရပ်ကွက်, သင်္ဃန်းကျွန်း",Thingangyun,သင်္ဃန်းကျွန်း,Yangon East,ရန်ကုန်အရှေ့ပိုင်း,Yangon,ရန်ကုန်,11431.0,16.818512,96.198966,,4.8,604,,Yangon,"Name: Unique (ယူနီကွတ်). Category: Stationery Shop. House Number: 5. Address: ၅, သံသုမာလမ်း, သု၀ဏ္ဏ(၂၉)ရပ်ကွက်, သင်္ဃန်းကျွန်း. Township: Thingangyun. District: Yangon East"
641,United Amara Bank,ယူနိုက်တတ်အမရဘဏ်,Bank,ဘဏ်နှင့် ငွေကြေးဝန်ဆောင်မှု,,,Thingangyun,Thingangyun,Thingangyun,,Yangon East,ရန်ကုန်အရှေ့ပိုင်း,Yangon,ရန်ကုန်,,16.825847,96.208108,,4.1,133,,Yangon,Name: United Amara Bank (ယူနိုက်တတ်အမရဘဏ်). Category: Bank. Address: Thingangyun. Township: Thingangyun. District: Yangon East
558,United Amara Bank (UAB),United Amara Bank (UAB),Bank,ဘဏ်နှင့် ငွေကြေးဝန်ဆောင်မှု,,,"No,da/734 ,Za - South Quarter, Lay Daungkan Rd.,","No,da/734 ,Za - South Quarter, Lay Daungkan Rd.,",Thingangyun,,Yangon East,ရန်ကုန်အရှေ့ပိုင်း,Yangon,ရန်ကုန်,,16.8235,96.1838,,4.8,484,,Yangon,"Name: United Amara Bank (UAB). Category: Bank. Address: No,da/734 ,Za - South Quarter, Lay Daungkan Rd.,. Township: Thingangyun. District: Yangon East"
557,United Amara Bank (UAB),United Amara Bank (UAB),Bank,ဘဏ်နှင့် ငွေကြေးဝန်ဆောင်မှု,,,"Kamar Kyi Rd.,, Yangon Thit Ward (TGGN), Thingangyun","Kamar Kyi Rd.,, Yangon Thit Ward (TGGN), Thingangyun",Thingangyun,,Yangon East,ရန်ကုန်အရှေ့ပိုင်း,Yangon,ရန်ကုန်,,16.8257,96.2078,,4.7,481,,Yangon,"Name: United Amara Bank (UAB). Category: Bank. Address: Kamar Kyi Rd.,, Yangon Thit Ward (TGGN), Thingangyun. Township: Thingangyun. District: Yangon East"
559,United ENGINEERING,United ENGINEERING,Office Building,ရုံးခန်းနှင့် လူနေအိမ်ရာ,,,"Mikyaung Kan (3) Ward (TGGN), Thingangyun","Mikyaung Kan (3) Ward (TGGN), Thingangyun",Thingangyun,,Yangon East,ရန်ကုန်အရှေ့ပိုင်း,Yangon,ရန်ကုန်,,16.8337,96.178,,4.9,487,,Yangon,"Name: United ENGINEERING. Category: Office Building. Address: Mikyaung Kan (3) Ward (TGGN), Thingangyun. Township: Thingangyun. District: Yangon East"
1787,United Family,ယူနိုက်တက်ဖမ်မလီ,Shop,အထွေထွေအမျိုးအစား,,,Thingangyun,Thingangyun,Thingangyun,,Yangon East,ရန်ကုန်အရှေ့ပိုင်း,Yangon,ရန်ကုန်,,16.832096,96.201504,,4.7,571,,Yangon,Name: United Family (ယူနိုက်တက်ဖမ်မလီ). Category: Shop. Address: Thingangyun. Township: Thingangyun. District: Yangon East
399,United Power,ယူနိုက်တက်ပါဝါ,Company,ရုံးခန်းနှင့် လူနေအိမ်ရာ,8,8,"8 Than Thu Mar Road, Ward-29 Thuwunna, Thingangyun, Yangon","၈, သံသုမာလမ်း, သု၀ဏ္ဏ(၂၉)ရပ်ကွက်, သင်္ဃန်းကျွန်း",Thingangyun,သင်္ဃန်းကျွန်း,Yangon East,ရန်ကုန်အရှေ့ပိုင်း,Yangon,ရန်ကုန်,11431.0,16.818855,96.199531,,4.9,607,,Yangon,"Name: United Power (ယူနိုက်တက်ပါဝါ). Category: Company. House Number: 8. Address: ၈, သံသုမာလမ်း, သု၀ဏ္ဏ(၂၉)ရပ်ကွက်, သင်္ဃန်းကျွန်း. Township: Thingangyun. District: Yangon East"
251,Unitel,ယူနီတလ်,Mobile Phone Shop,ဖုန်းနှင့် ဆက်စပ်ပစ္စည်း,274,274,"274 Bagayar Road, May Ni Kone (South) Ward, Sanchaung, Yangon","၂၇၄, ဗားကရာလမ်း, မြေနီကုန်းတောင်ရပ်ကွက်, စမ်းချောင်း",Sanchaung,စမ်းချောင်း,Yangon East,ရန်ကုန်အရှေ့ပိုင်း,Yangon,ရန်ကုန်,11431.0,16.841064,96.203841,,4.1,163,,Yangon,"Name: Unitel (ယူနီတလ်). Category: Mobile Phone Shop. House Number: 274. Address: ၂၇၄, ဗားကရာလမ်း, မြေနီကုန်းတောင်ရပ်ကွက်, စမ်းချောင်း. Township: Sanchaung. District: Yangon East"
1168,University Of Dental Medicine,သွားဘက်ဆိုင်ရာဆေးတက္ကသိုလ်,College/University,ကျောင်းနှင့် တက္ကသိုလ်,,,Thingangyun,Thingangyun,Thingangyun,,Yangon East,ရန်ကုန်အရှေ့ပိုင်း,Yangon,ရန်ကုန်,,16.834923,96.207499,,4.8,514,,Yangon,Name: University Of Dental Medicine (သွားဘက်ဆိုင်ရာဆေးတက္ကသိုလ်). Category: College/University. Address: Thingangyun. Township: Thingangyun. District: Yangon East
560,"University of Dental Medicine, Yangon","University of Dental Medicine, Yangon",Universities,အထွေထွေအမျိုးအစား,,,"Nga/Ka Ward (TGGN), Thingangyun","Nga/Ka Ward (TGGN), Thingangyun",Thingangyun,,Yangon East,ရန်ကုန်အရှေ့ပိုင်း,Yangon,ရန်ကုန်,,16.8342,96.2085,,4,490,,Yangon,"Name: University of Dental Medicine, Yangon. Category: Universities. Address: Nga/Ka Ward (TGGN), Thingangyun. Township: Thingangyun. District: Yangon East"
1167,V-2,ဗီ(၂),School,ကျောင်းနှင့် တက္ကသိုလ်,,,Thingangyun,Thingangyun,Thingangyun,,Yangon East,ရန်ကုန်အရှေ့ပိုင်း,Yangon,ရန်ကုန်,,16.841072,96.201457,,4.7,511,,Yangon,Name: V-2 (ဗီ(၂)). Category: School. Address: Thingangyun. Township: Thingangyun. District: Yangon East
1328,V.I.P,ဗီအိုင်ပီ,Shop,အထွေထွေအမျိုးအစား,,,Thingangyun,Thingangyun,Thingangyun,,Yangon East,ရန်ကုန်အရှေ့ပိုင်း,Yangon,ရန်ကုန်,,16.837899,96.207344,,4.8,394,,Yangon,Name: V.I.P (ဗီအိုင်ပီ). Category: Shop. Address: Thingangyun. Township: Thingangyun. District: Yangon East
1710,V9,ဗီ၉,Shop,အထွေထွေအမျိုးအစား,,,Thingangyun,Thingangyun,Thingangyun,,Yangon East,ရန်ကုန်အရှေ့ပိုင်း,Yangon,ရန်ကုန်,,16.841479,96.201301,,4,340,,Yangon,Name: V9 (ဗီ၉). Category: Shop. Address: Thingangyun. Township: Thingangyun. District: Yangon East
1024,VAUXHALL,ဗာ့စ်ဟောလ်,Repair Facility,ပြုပြင်ရေးလုပ်ငန်း,,,Thingangyun,Thingangyun,Thingangyun,,Yangon East,ရန်ကုန်အရှေ့ပိုင်း,Yangon,ရန်ကုန်,,16.82777,96.19317,,4.4,82,,Yangon,Name: VAUXHALL (ဗာ့စ်ဟောလ်). Category: Repair Facility. Address: Thingangyun. Township: Thingangyun. District: Yangon East
324,VIA,ဗွီတီအေ,Car Stickers Shop,အထွေထွေအမျိုးအစား,290,290,"290 Than Thu Mar Road, Supaing Ward, Thingangyun, Yangon","၂၉၀, သံသုမာလမ်း, စုပေါင်းရပ်ကွက်, သင်္ဃန်းကျွန်း",Thingangyun,သင်္ဃန်းကျွန်း,Yangon East,ရန်ကုန်အရှေ့ပိုင်း,Yangon,ရန်ကုန်,11431.0,16.819597,96.199969,,4.4,382,,Yangon,"Name: VIA (ဗွီတီအေ). Category: Car Stickers Shop. House Number: 290. Address: ၂၉၀, သံသုမာလမ်း, စုပေါင်းရပ်ကွက်, သင်္ဃန်းကျွန်း. Township: Thingangyun. District: Yangon East"
1935,Valentine,ဗယ်လင်တိုင်း,Company,ရုံးခန်းနှင့် လူနေအိမ်ရာ,,,Thingangyun,Thingangyun,Thingangyun,,Yangon East,ရန်ကုန်အရှေ့ပိုင်း,Yangon,ရန်ကုန်,,16.836963,96.186473,,4.5,415,,Yangon,Name: Valentine (ဗယ်လင်တိုင်း). Category: Company. Address: Thingangyun. Township: Thingangyun. District: Yangon East
1527,Vegtables Supermarket,ဗဂျီတေးဘယ်လ်စူပါမာ့ကတ်,Market,စျေးနှင့် ကုန်စုံဆိုင်,,,Thingangyun,Thingangyun,Thingangyun,,Yangon East,ရန်ကုန်အရှေ့ပိုင်း,Yangon,ရန်ကုန်,,16.834096,96.179258,,4.7,391,,Yangon,Name: Vegtables Supermarket (ဗဂျီတေးဘယ်လ်စူပါမာ့ကတ်). Category: Market. Address: Thingangyun. Township: Thingangyun. District: Yangon East
1243,Venus,ဗီးနပ်စ်,Shop,အထွေထွေအမျိုးအစား,,,Thingangyun,Thingangyun,Thingangyun,,Yangon East,ရန်ကုန်အရှေ့ပိုင်း,Yangon,ရန်ကုန်,,16.82352,96.196901,,4.3,139,,Yangon,Name: Venus (ဗီးနပ်စ်). Category: Shop. Address: Thingangyun. Township: Thingangyun. District: Yangon East
1085,Vi Mainlar,ဗိစ်မိလ်လ္လာ,Restaurant,စားသောက်ဆိုင်,,,Thingangyun,Thingangyun,Thingangyun,,Yangon East,ရန်ကုန်အရှေ့ပိုင်း,Yangon,ရန်ကုန်,,16.828472,96.197927,,4.5,265,,Yangon,Name: Vi Mainlar (ဗိစ်မိလ်လ္လာ). Category: Restaurant. Address: Thingangyun. Township: Thingangyun. District: Yangon East
561,Vista Do Rio,Vista Do Rio,Restaurant,စားသောက်ဆိုင်,,,"Ward 29 Thuwunna (TGGN), Thingangyun","Ward 29 Thuwunna (TGGN), Thingangyun",Thingangyun,,Yangon East,ရန်ကုန်အရှေ့ပိုင်း,Yangon,ရန်ကုန်,,16.8145,96.212,,4.1,493,,Yangon,"Name: Vista Do Rio. Category: Restaurant. Address: Ward 29 Thuwunna (TGGN), Thingangyun. Township: Thingangyun. District: Yangon East"
1173,Vivid,ဗီဗစ်,Car Wash,မော်တော်ယာဉ် ဆေးကြောရေး,,,Thingangyun,Thingangyun,Thingangyun,,Yangon East,ရန်ကုန်အရှေ့ပိုင်း,Yangon,ရန်ကုန်,,16.840297,96.206822,,4.3,529,,Yangon,Name: Vivid (ဗီဗစ်). Category: Car Wash. Address: Thingangyun. Township: Thingangyun. District: Yangon East
1932,WELINK,ဝေလင့်(ခ်),Company,ရုံးခန်းနှင့် လူနေအိမ်ရာ,,,Thingangyun,Thingangyun,Thingangyun,,Yangon East,ရန်ကုန်အရှေ့ပိုင်း,Yangon,ရန်ကုန်,,16.841393,96.19628,,4.2,406,,Yangon,Name: WELINK (ဝေလင့်(ခ်)). Category: Company. Address: Thingangyun. Township: Thingangyun. District: Yangon East
957,Wa Wa,၀,Café/Pub,ဘားနှင့် ဖျော်ဖြေရေး,,,Thingangyun,Thingangyun,Thingangyun,,Yangon East,ရန်ကုန်အရှေ့ပိုင်း,Yangon,ရန်ကုန်,,16.839271,96.201367,,4.7,481,,Yangon,Name: Wa Wa (၀). Category: Café/Pub. Address: Thingangyun. Township: Thingangyun. District: Yangon East
845,Wai Hlan Soe Htike,၀ေလျှံစိုးထိုက်,Shop,အထွေထွေအမျိုးအစား,,,Thingangyun,Thingangyun,Thingangyun,,Yangon East,ရန်ကုန်အရှေ့ပိုင်း,Yangon,ရန်ကုန်,,16.827312,96.212196,,4.5,145,,Yangon,Name: Wai Hlan Soe Htike (၀ေလျှံစိုးထိုက်). Category: Shop. Address: Thingangyun. Township: Thingangyun. District: Yangon East
401,Waithar li,ဝေသာကီ,Restaurant(Rakhine Food),စားသောက်ဆိုင်,7,7,"7 Than Thu Mar Road, Ward-29 Thuwunna, Thingangyun, Yangon","၇, သံသုမာလမ်း, သု၀ဏ္ဏ(၂၉)ရပ်ကွက်, သင်္ဃန်းကျွန်း",Thingangyun,သင်္ဃန်းကျွန်း,Yangon East,ရန်ကုန်အရှေ့ပိုင်း,Yangon,ရန်ကုန်,11431.0,16.819418,96.200349,,4.1,13,,Yangon,"Name: Waithar li (ဝေသာကီ). Category: Restaurant(Rakhine Food). House Number: 7. Address: ၇, သံသုမာလမ်း, သု၀ဏ္ဏ(၂၉)ရပ်ကွက်, သင်္ဃန်းကျွန်း. Township: Thingangyun. District: Yangon East"
562,Waizayadanar Housing,Waizayadanar Housing,Residence,ရုံးခန်းနှင့် လူနေအိမ်ရာ,,,"Waizayantar Rd.,Za (South) Ward (TGGN),Thingangyun","Waizayantar Rd.,Za (South) Ward (TGGN),Thingangyun",Thingangyun,,Yangon East,ရန်ကုန်အရှေ့ပိုင်း,Yangon,ရန်ကုန်,,16.8239,96.1817,,4.2,496,,Yangon,"Name: Waizayadanar Housing. Category: Residence. Address: Waizayantar Rd.,Za (South) Ward (TGGN),Thingangyun. Township: Thingangyun. District: Yangon East"
563,Waizayandar Garden Housing,Waizayandar Garden Housing,Residence,ရုံးခန်းနှင့် လူနေအိမ်ရာ,,,"Waizayantar Rd.,Mikyaung Kan (1) Ward (TGGN),Thingangyun","Waizayantar Rd.,Mikyaung Kan (1) Ward (TGGN),Thingangyun",Thingangyun,,Yangon East,ရန်ကုန်အရှေ့ပိုင်း,Yangon,ရန်ကုန်,,16.8237,96.1797,,4.3,499,,Yangon,"Name: Waizayandar Garden Housing. Category: Residence. Address: Waizayantar Rd.,Mikyaung Kan (1) Ward (TGGN),Thingangyun. Township: Thingangyun. District: Yangon East"
564,Waizayanta Shopping Center [Office],Waizayanta Shopping Center [Office],Super Market & Shopping Mall,စျေးနှင့် ကုန်စုံဆိုင်,,,"Rm 505,4th Flr,Waizayantar Shopping Centre,Waizayantar Rd.","Rm 505,4th Flr,Waizayantar Shopping Centre,Waizayantar Rd.",Thingangyun,,Yangon East,ရန်ကုန်အရှေ့ပိုင်း,Yangon,ရန်ကုန်,,16.8244,96.1813,,4.4,502,,Yangon,"Name: Waizayanta Shopping Center [Office]. Category: Super Market & Shopping Mall. Address: Rm 505,4th Flr,Waizayantar Shopping Centre,Waizayantar Rd.. Township: Thingangyun. District: Yangon East"
1135,War So Oo Kyaung Tike,ဝါဆိုဦးကျောင်းတိုက်,Place of Worship,ဘာသာရေးနေရာ,,,Thingangyun,Thingangyun,Thingangyun,,Yangon East,ရန်ကုန်အရှေ့ပိုင်း,Yangon,ရန်ကုန်,,16.834272,96.207501,,4.5,415,,Yangon,Name: War So Oo Kyaung Tike (ဝါဆိုဦးကျောင်းတိုက်). Category: Place of Worship. Address: Thingangyun. Township: Thingangyun. District: Yangon East
630,War So Oo Monastery,War So Oo Monastery,Monastery,ဘာသာရေးနေရာ,,,"Nga/Ka Ward (TGGN), Thingangyun","Nga/Ka Ward (TGGN), Thingangyun",Thingangyun,,Yangon East,ရန်ကုန်အရှေ့ပိုင်း,Yangon,ရန်ကုန်,,16.834,96.2078,,4,100,,Yangon,"Name: War So Oo Monastery. Category: Monastery. Address: Nga/Ka Ward (TGGN), Thingangyun. Township: Thingangyun. District: Yangon East"
1136,Weit Zaw Daya Kaung Tite,ဝိဇ္ဇောဒယကျောင်းတိုက်,Place of Worship,ဘာသာရေးနေရာ,,,Thingangyun,Thingangyun,Thingangyun,,Yangon East,ရန်ကုန်အရှေ့ပိုင်း,Yangon,ရန်ကုန်,,16.82768,96.1772,,4.6,418,,Yangon,Name: Weit Zaw Daya Kaung Tite (ဝိဇ္ဇောဒယကျောင်းတိုက်). Category: Place of Worship. Address: Thingangyun. Township: Thingangyun. District: Yangon East
118,Welink Fiber Internet Survice,၀ီလင့်ဖိုက်ဘာအင်တာနက်,Wi-Fi Service,ပြုပြင်ရေးလုပ်ငန်း,11,11,"11 Yadanar Road, Bawa Myint Ward, Thingangyun, Yangon","၁၁, ရတနာလမ်း, ဘ၀မြင့်ရပ်ကွက်, သင်္ဃန်းကျွန်း",Thingangyun,သင်္ဃန်းကျွန်း,Yangon East,ရန်ကုန်အရှေ့ပိုင်း,Yangon,ရန်ကုန်,11431.0,16.841388,96.196256,,4.8,364,,Yangon,"Name: Welink Fiber Internet Survice (၀ီလင့်ဖိုက်ဘာအင်တာနက်). Category: Wi-Fi Service. House Number: 11. Address: ၁၁, ရတနာလမ်း, ဘ၀မြင့်ရပ်ကွက်, သင်္ဃန်းကျွန်း. Township: Thingangyun. District: Yangon East"
961,White Star,ဝှိုက်စတား,Nightlife,ဘားနှင့် ဖျော်ဖြေရေး,,,Thingangyun,Thingangyun,Thingangyun,,Yangon East,ရန်ကုန်အရှေ့ပိုင်း,Yangon,ရန်ကုန်,,16.822973,96.181199,,4.1,493,,Yangon,Name: White Star (ဝှိုက်စတား). Category: Nightlife. Address: Thingangyun. Township: Thingangyun. District: Yangon East
1127,Win,၀င်း,Hospital/Polyclinic,ဆေးရုံနှင့် ဆေးခန်း,,,Thingangyun,Thingangyun,Thingangyun,,Yangon East,ရန်ကုန်အရှေ့ပိုင်း,Yangon,ရန်ကုန်,,16.834381,96.205876,,4.7,391,,Yangon,Name: Win (၀င်း). Category: Hospital/Polyclinic. Address: Thingangyun. Township: Thingangyun. District: Yangon East
79,Win,၀င်း,Car Wash & Polish,မော်တော်ယာဉ် ဆေးကြောရေး,254,254,"254 Than Thu Mar Road, (Nga/Ka) Ward, Thingangyun, Yangon","၂၅၄, သံသုမာလမ်း, (င^က)ရပ်ကွက်, သင်္ဃန်းကျွန်း",Thingangyun,သင်္ဃန်းကျွန်း,Yangon East,ရန်ကုန်အရှေ့ပိုင်း,Yangon,ရန်ကုန်,11431.0,16.835187,96.207468,,4.9,247,,Yangon,"Name: Win (၀င်း). Category: Car Wash & Polish. House Number: 254. Address: ၂၅၄, သံသုမာလမ်း, (င^က)ရပ်ကွက်, သင်္ဃန်းကျွန်း. Township: Thingangyun. District: Yangon East"
80,Win,၀င်း,Burmese Restaurant,စားသောက်ဆိုင်,248,248,"248 Than Thu Mar Road, (Nga/Ka) Ward, Thingangyun, Yangon","၂၄၈, သံသုမာလမ်း, (င^က)ရပ်ကွက်, သင်္ဃန်းကျွန်း",Thingangyun,သင်္ဃန်းကျွန်း,Yangon East,ရန်ကုန်အရှေ့ပိုင်း,Yangon,ရန်ကုန်,11431.0,16.835568,96.207443,,4,250,,Yangon,"Name: Win (၀င်း). Category: Burmese Restaurant. House Number: 248. Address: ၂၄၈, သံသုမာလမ်း, (င^က)ရပ်ကွက်, သင်္ဃန်းကျွန်း. Township: Thingangyun. District: Yangon East"
892,Win,၀င်း,Shop,အထွေထွေအမျိုးအစား,,,Thingangyun,Thingangyun,Thingangyun,,Yangon East,ရန်ကုန်အရှေ့ပိုင်း,Yangon,ရန်ကုန်,,16.81505,96.191732,,4.2,286,,Yangon,Name: Win (၀င်း). Category: Shop. Address: Thingangyun. Township: Thingangyun. District: Yangon East
772,Win,၀င်း,Shop,အထွေထွေအမျိုးအစား,,,Thingangyun,Thingangyun,Thingangyun,,Yangon East,ရန်ကုန်အရှေ့ပိုင်း,Yangon,ရန်ကုန်,,16.841584,96.204549,,4.2,526,,Yangon,Name: Win (၀င်း). Category: Shop. Address: Thingangyun. Township: Thingangyun. District: Yangon East
821,Win Family,၀င်းမိသားစု,Shop,အထွေထွေအမျိုးအစား,,,Thingangyun,Thingangyun,Thingangyun,,Yangon East,ရန်ကုန်အရှေ့ပိုင်း,Yangon,ရန်ကုန်,,16.826717,96.208781,,4.1,73,,Yangon,Name: Win Family (၀င်းမိသားစု). Category: Shop. Address: Thingangyun. Township: Thingangyun. District: Yangon East
965,Win Myanmar,၀င်းမြန်မာ,Hospital/Polyclinice,ဆေးရုံနှင့် ဆေးခန်း,,,Dagon Myothit(South),Dagon Myothit(South),Dagon Myothit(South),,Yangon East,ရန်ကုန်အရှေ့ပိုင်း,Yangon,ရန်ကုန်,,16.82757,96.18817,,4.5,505,,Yangon,Name: Win Myanmar (၀င်းမြန်မာ). Category: Hospital/Polyclinice. Address: Dagon Myothit(South). Township: Dagon Myothit(South). District: Yangon East
1383,Win Pa Pa,၀င်းပပ,Shop,အထွေထွေအမျိုးအစား,,,Thingangyun,Thingangyun,Thingangyun,,Yangon East,ရန်ကုန်အရှေ့ပိုင်း,Yangon,ရန်ကုန်,,16.843121,96.201134,,4.3,559,,Yangon,Name: Win Pa Pa (၀င်းပပ). Category: Shop. Address: Thingangyun. Township: Thingangyun. District: Yangon East
1780,Win Pa Pa,၀င်းပပ,Shop,အထွေထွေအမျိုးအစား,,,Thingangyun,Thingangyun,Thingangyun,,Yangon East,ရန်ကုန်အရှေ့ပိုင်း,Yangon,ရန်ကုန်,,16.83759,96.201957,,4,550,,Yangon,Name: Win Pa Pa (၀င်းပပ). Category: Shop. Address: Thingangyun. Township: Thingangyun. District: Yangon East
1711,Win Shwe Yee,၀င်းရွှေရည်,Shop,အထွေထွေအမျိုးအစား,,,Thingangyun,Thingangyun,Thingangyun,,Yangon East,ရန်ကုန်အရှေ့ပိုင်း,Yangon,ရန်ကုန်,,16.842617,96.20274,,4.1,343,,Yangon,Name: Win Shwe Yee (၀င်းရွှေရည်). Category: Shop. Address: Thingangyun. Township: Thingangyun. District: Yangon East
402,Win Star,ဝင်းစတား,KTV,ဘားနှင့် ဖျော်ဖြေရေး,13,13,"13 Than Thu Mar Road, Ward-29 Thuwunna, Thingangyun, Yangon","၁၃, သံသုမာလမ်း, သု၀ဏ္ဏ(၂၉)ရပ်ကွက်, သင်္ဃန်းကျွန်း",Thingangyun,သင်္ဃန်းကျွန်း,Yangon East,ရန်ကုန်အရှေ့ပိုင်း,Yangon,ရန်ကုန်,11431.0,16.819162,96.200003,,4.2,16,,Yangon,"Name: Win Star (ဝင်းစတား). Category: KTV. House Number: 13. Address: ၁၃, သံသုမာလမ်း, သု၀ဏ္ဏ(၂၉)ရပ်ကွက်, သင်္ဃန်းကျွန်း. Township: Thingangyun. District: Yangon East"
252,Win Star,ဝင်းစတား,Rice Shop,အထွေထွေအမျိုးအစား,19,19,"19 Lay Daung Kan Road, Lay Daunkan Ward, Thingangyun, Yangon","၁၉, လေးထောင့်ကန်လမ်း, လေးဒေါင့်ကန်ရပ်ကွက်, သင်္ဃန်းကျွန်း",Thingangyun,သင်္ဃန်းကျွန်း,Yangon East,ရန်ကုန်အရှေ့ပိုင်း,Yangon,ရန်ကုန်,11431.0,16.841226,96.204076,,4.2,166,,Yangon,"Name: Win Star (ဝင်းစတား). Category: Rice Shop. House Number: 19. Address: ၁၉, လေးထောင့်ကန်လမ်း, လေးဒေါင့်ကန်ရပ်ကွက်, သင်္ဃန်းကျွန်း. Township: Thingangyun. District: Yangon East"
1788,Win Star,၀င်းစတား,Shop,အထွေထွေအမျိုးအစား,,,Thingangyun,Thingangyun,Thingangyun,,Yangon East,ရန်ကုန်အရှေ့ပိုင်း,Yangon,ရန်ကုန်,,16.829947,96.208184,,4.8,574,,Yangon,Name: Win Star (၀င်းစတား). Category: Shop. Address: Thingangyun. Township: Thingangyun. District: Yangon East
565,Win Store,Win Store,Store,စျေးနှင့် ကုန်စုံဆိုင်,,,"Ward 24 Thuwunna (TGGN), Thingangyun","Ward 24 Thuwunna (TGGN), Thingangyun",Thingangyun,,Yangon East,ရန်ကုန်အရှေ့ပိုင်း,Yangon,ရန်ကုန်,,16.8154,96.1923,,4.5,505,,Yangon,"Name: Win Store. Category: Store. Address: Ward 24 Thuwunna (TGGN), Thingangyun. Township: Thingangyun. District: Yangon East"
406,Win Thaw Dar,၀င်းသော်တာ,Fun Service,ပြုပြင်ရေးလုပ်ငန်း,13,13,"13 Than Thu Mar Road, Yangon Thit Ward, Thingangyun, Yangon","၁၃, သံသုမာလမ်း, ရန်ကုန်သစ်ရပ်ကွက်, သင်္ဃန်းကျွန်း",Thingangyun,သင်္ဃန်းကျွန်း,Yangon East,ရန်ကုန်အရှေ့ပိုင်း,Yangon,ရန်ကုန်,11431.0,16.826171,96.207102,,4.6,28,,Yangon,"Name: Win Thaw Dar (၀င်းသော်တာ). Category: Fun Service. House Number: 13. Address: ၁၃, သံသုမာလမ်း, ရန်ကုန်သစ်ရပ်ကွက်, သင်္ဃန်းကျွန်း. Township: Thingangyun. District: Yangon East"
1384,Win Thaw Tar,၀င်းသော်တာ,Shop,အထွေထွေအမျိုးအစား,,,Thingangyun,Thingangyun,Thingangyun,,Yangon East,ရန်ကုန်အရှေ့ပိုင်း,Yangon,ရန်ကုန်,,16.826388,96.206817,,4.4,562,,Yangon,Name: Win Thaw Tar (၀င်းသော်တာ). Category: Shop. Address: Thingangyun. Township: Thingangyun. District: Yangon East
1456,Win Thiri,၀င်းသီရိ,Shop,အထွေထွေအမျိုးအစား,,,Thingangyun,Thingangyun,Thingangyun,,Yangon East,ရန်ကုန်အရှေ့ပိုင်း,Yangon,ရန်ကုန်,,16.835685,96.20723,,4.6,178,,Yangon,Name: Win Thiri (၀င်းသီရိ). Category: Shop. Address: Thingangyun. Township: Thingangyun. District: Yangon East
253,Win Tun,ဝင်းထွန်း,Electronic Shop,လျှပ်စစ်ပစ္စည်းဆိုင်,65,65,"65 Lay Daung Kan Road, Lay Daunkan Ward, Thingangyun, Yangon","၆၅, လေးထောင့်ကန်လမ်း, လေးဒေါင့်ကန်ရပ်ကွက်, သင်္ဃန်းကျွန်း",Thingangyun,သင်္ဃန်းကျွန်း,Yangon East,ရန်ကုန်အရှေ့ပိုင်း,Yangon,ရန်ကုန်,11431.0,16.838083,96.200731,,4.3,169,,Yangon,"Name: Win Tun (ဝင်းထွန်း). Category: Electronic Shop. House Number: 65. Address: ၆၅, လေးထောင့်ကန်လမ်း, လေးဒေါင့်ကန်ရပ်ကွက်, သင်္ဃန်းကျွန်း. Township: Thingangyun. District: Yangon East"
1842,Win Tun,၀င်းထွန်း,Repair Facility,ပြုပြင်ရေးလုပ်ငန်း,,,Thingangyun,Thingangyun,Thingangyun,,Yangon East,ရန်ကုန်အရှေ့ပိုင်း,Yangon,ရန်ကုန်,,16.838036,96.200773,,4.2,136,,Yangon,Name: Win Tun (၀င်းထွန်း). Category: Repair Facility. Address: Thingangyun. Township: Thingangyun. District: Yangon East
1501,Winner,၀င်းနား,Repair Facility,ပြုပြင်ရေးလုပ်ငန်း,,,Thingangyun,Thingangyun,Thingangyun,,Yangon East,ရန်ကုန်အရှေ့ပိုင်း,Yangon,ရန်ကုန်,,16.831001,96.182148,,4.1,313,,Yangon,Name: Winner (၀င်းနား). Category: Repair Facility. Address: Thingangyun. Township: Thingangyun. District: Yangon East
1744,Wizard,၀စ်ဇာ့ဒ်,Shop,အထွေထွေအမျိုးအစား,,,Thingangyun,Thingangyun,Thingangyun,,Yangon East,ရန်ကုန်အရှေ့ပိုင်း,Yangon,ရန်ကုန်,,16.838374,96.206835,,4.4,442,,Yangon,Name: Wizard (၀စ်ဇာ့ဒ်). Category: Shop. Address: Thingangyun. Township: Thingangyun. District: Yangon East
566,Woker Woker,Woker Woker,Restaurant,စားသောက်ဆိုင်,,,"Za (South) Ward (TGGN), Thingangyun","Za (South) Ward (TGGN), Thingangyun",Thingangyun,,Yangon East,ရန်ကုန်အရှေ့ပိုင်း,Yangon,ရန်ကုန်,,16.8228,96.182,,4.6,508,,Yangon,"Name: Woker Woker. Category: Restaurant. Address: Za (South) Ward (TGGN), Thingangyun. Township: Thingangyun. District: Yangon East"
325,Won Zim,ဝန်ဇင်း,Store,စျေးနှင့် ကုန်စုံဆိုင်,39,39,"39 Than Thu Mar Road, Supaing Ward, Thingangyun, Yangon","၃၉, သံသုမာလမ်း, စုပေါင်းရပ်ကွက်, သင်္ဃန်းကျွန်း",Thingangyun,သင်္ဃန်းကျွန်း,Yangon East,ရန်ကုန်အရှေ့ပိုင်း,Yangon,ရန်ကုန်,11431.0,16.815472,96.191576,,4.5,385,,Yangon,"Name: Won Zim (ဝန်ဇင်း). Category: Store. House Number: 39. Address: ၃၉, သံသုမာလမ်း, စုပေါင်းရပ်ကွက်, သင်္ဃန်းကျွန်း. Township: Thingangyun. District: Yangon East"
808,Wun Zin,၀န်ဇင်း,Shop,အထွေထွေအမျိုးအစား,,,Thingangyun,Thingangyun,Thingangyun,,Yangon East,ရန်ကုန်အရှေ့ပိုင်း,Yangon,ရန်ကုန်,,16.815509,96.191572,,4.8,34,,Yangon,Name: Wun Zin (၀န်ဇင်း). Category: Shop. Address: Thingangyun. Township: Thingangyun. District: Yangon East
570,YCDC Office (Thingangkuun),မြို့တော်စည်ပင်,Government Office,ရုံးခန်းနှင့် လူနေအိမ်ရာ,,,"Zawana Ward (TGGN), Thingangyun","Zawana Ward (TGGN), Thingangyun",Thingangyun,,Yangon East,ရန်ကုန်အရှေ့ပိုင်း,Yangon,ရန်ကုန်,,16.8291,96.1896,,4,520,,Yangon,"Name: YCDC Office (Thingangkuun) (မြို့တော်စည်ပင်). Category: Government Office. Address: Zawana Ward (TGGN), Thingangyun. Township: Thingangyun. District: Yangon East"
1712,Ya Da Nar,ရတနာ,Shop,အထွေထွေအမျိုးအစား,,,Thingangyun,Thingangyun,Thingangyun,,Yangon East,ရန်ကုန်အရှေ့ပိုင်း,Yangon,ရန်ကုန်,,16.837529,96.201915,,4.2,346,,Yangon,Name: Ya Da Nar (ရတနာ). Category: Shop. Address: Thingangyun. Township: Thingangyun. District: Yangon East
1294,Ya Kyae,ရကြယ်,Shop,အထွေထွေအမျိုးအစား,,,Thingangyun,Thingangyun,Thingangyun,,Yangon East,ရန်ကုန်အရှေ့ပိုင်း,Yangon,ရန်ကုန်,,16.819595,96.198341,,4.4,292,,Yangon,Name: Ya Kyae (ရကြယ်). Category: Shop. Address: Thingangyun. Township: Thingangyun. District: Yangon East
835,Ya Nan Thit,ရနံ့သစ်,Shop,အထွေထွေအမျိုးအစား,,,Thingangyun,Thingangyun,Thingangyun,,Yangon East,ရန်ကုန်အရှေ့ပိုင်း,Yangon,ရန်ကုန်,,16.814827,96.191259,,4.5,115,,Yangon,Name: Ya Nan Thit (ရနံ့သစ်). Category: Shop. Address: Thingangyun. Township: Thingangyun. District: Yangon East
825,Ya Nant,ရနံ့,Shop,အထွေထွေအမျိုးအစား,,,Thingangyun,Thingangyun,Thingangyun,,Yangon East,ရန်ကုန်အရှေ့ပိုင်း,Yangon,ရန်ကုန်,,16.825996,96.20737,,4.5,85,,Yangon,Name: Ya Nant (ရနံ့). Category: Shop. Address: Thingangyun. Township: Thingangyun. District: Yangon East
1665,Ya Nant Hlaing,ရနံ့လှိုင်,Shop,အထွေထွေအမျိုးအစား,,,Thingangyun,Thingangyun,Thingangyun,,Yangon East,ရန်ကုန်အရှေ့ပိုင်း,Yangon,ရန်ကုန်,,16.831697,96.182,,4.5,205,,Yangon,Name: Ya Nant Hlaing (ရနံ့လှိုင်). Category: Shop. Address: Thingangyun. Township: Thingangyun. District: Yangon East
1345,Yadana Shwe Satkyrar,ရတနာရွှေစင်္ကြာ,Shop,အထွေထွေအမျိုးအစား,,,Thingangyun,Thingangyun,Thingangyun,,Yangon East,ရန်ကုန်အရှေ့ပိုင်း,Yangon,ရန်ကုန်,,16.825584,96.208855,,4.5,445,,Yangon,Name: Yadana Shwe Satkyrar (ရတနာရွှေစင်္ကြာ). Category: Shop. Address: Thingangyun. Township: Thingangyun. District: Yangon East
1615,Yadanar Lin,ရတနာလင်း,Shop,အထွေထွေအမျိုးအစား,,,Thingangyun,Thingangyun,Thingangyun,,Yangon East,ရန်ကုန်အရှေ့ပိုင်း,Yangon,ရန်ကုန်,,16.834768,96.180736,,4.5,55,,Yangon,Name: Yadanar Lin (ရတနာလင်း). Category: Shop. Address: Thingangyun. Township: Thingangyun. District: Yangon East
1235,Yadanar Lwin,ရတနာလွင်,Shop,အထွေထွေအမျိုးအစား,,,Thingangyun,Thingangyun,Thingangyun,,Yangon East,ရန်ကုန်အရှေ့ပိုင်း,Yangon,ရန်ကုန်,,16.829235,96.202315,,4.5,115,,Yangon,Name: Yadanar Lwin (ရတနာလွင်). Category: Shop. Address: Thingangyun. Township: Thingangyun. District: Yangon East
1562,Yadanar Toe,ရတနာတိုး,Shop,အထွေထွေအမျိုးအစား,,,Thingangyun,Thingangyun,Thingangyun,,Yangon East,ရန်ကုန်အရှေ့ပိုင်း,Yangon,ရန်ကုန်,,16.834127,96.180882,,4.2,496,,Yangon,Name: Yadanar Toe (ရတနာတိုး). Category: Shop. Address: Thingangyun. Township: Thingangyun. District: Yangon East
1781,Yamin Thu Zar,ယမင်းသူဇာ,Shop,အထွေထွေအမျိုးအစား,,,Thingangyun,Thingangyun,Thingangyun,,Yangon East,ရန်ကုန်အရှေ့ပိုင်း,Yangon,ရန်ကုန်,,16.841764,96.200889,,4.1,553,,Yangon,Name: Yamin Thu Zar (ယမင်းသူဇာ). Category: Shop. Address: Thingangyun. Township: Thingangyun. District: Yangon East
1346,Yammar Wadi Thida Aung,ရမ္မာ၀တီသီတာအောင်,Shop,အထွေထွေအမျိုးအစား,,,Thingangyun,Thingangyun,Thingangyun,,Yangon East,ရန်ကုန်အရှေ့ပိုင်း,Yangon,ရန်ကုန်,,16.83968,96.200568,,4.6,448,,Yangon,Name: Yammar Wadi Thida Aung (ရမ္မာ၀တီသီတာအောင်). Category: Shop. Address: Thingangyun. Township: Thingangyun. District: Yangon East
567,Yan Myo Aung Pagoda,ရန်မျိုးအောင်စေတီ,Pagoda,ဘာသာရေးနေရာ,,,"San Pya Ward (TGGN), Thingangyun","San Pya Ward (TGGN), Thingangyun",Thingangyun,,Yangon East,ရန်ကုန်အရှေ့ပိုင်း,Yangon,ရန်ကုန်,,16.8457,96.2062,,4.7,511,,Yangon,"Name: Yan Myo Aung Pagoda (ရန်မျိုးအောင်စေတီ). Category: Pagoda. Address: San Pya Ward (TGGN), Thingangyun. Township: Thingangyun. District: Yangon East"
568,Yananthar Market,Yananthar Market,Market,စျေးနှင့် ကုန်စုံဆိုင်,,,"Ward 24 Thuwunna (TGGN), Thingangyun","Ward 24 Thuwunna (TGGN), Thingangyun",Thingangyun,,Yangon East,ရန်ကုန်အရှေ့ပိုင်း,Yangon,ရန်ကုန်,,16.8159,96.1935,,4.8,514,,Yangon,"Name: Yananthar Market. Category: Market. Address: Ward 24 Thuwunna (TGGN), Thingangyun. Township: Thingangyun. District: Yangon East"
721,Yandanar Gon Yee Kyaung,ရတနာဂုဏ်ရည်ကျောင်း,Place of Worship,ဘာသာရေးနေရာ,,,Thingangyun,Thingangyun,Thingangyun,,Yangon East,ရန်ကုန်အရှေ့ပိုင်း,Yangon,ရန်ကုန်,,16.827373,96.210697,,4.1,373,,Yangon,Name: Yandanar Gon Yee Kyaung (ရတနာဂုဏ်ရည်ကျောင်း). Category: Place of Worship. Address: Thingangyun. Township: Thingangyun. District: Yangon East
1991,Yang Brothers,ရန်းဘရားသား,Shop,အထွေထွေအမျိုးအစား,,,Thingangyun,Thingangyun,Thingangyun,,Yangon East,ရန်ကုန်အရှေ့ပိုင်း,Yangon,ရန်ကုန်,,16.834569,96.197524,,4.1,583,,Yangon,Name: Yang Brothers (ရန်းဘရားသား). Category: Shop. Address: Thingangyun. Township: Thingangyun. District: Yangon East
254,Yang Brothers,ယန်ဘရာသား,Construction Material,ဆောက်လုပ်ရေးနှင့် ဟာ့ဒ်ဝဲ,56,56,"56 Lay Daung Kan Road, Lay Daunkan Ward, Thingangyun, Yangon","၅၆, လေးထောင့်ကန်လမ်း, လေးဒေါင့်ကန်ရပ်ကွက်, သင်္ဃန်းကျွန်း",Thingangyun,သင်္ဃန်းကျွန်း,Yangon East,ရန်ကုန်အရှေ့ပိုင်း,Yangon,ရန်ကုန်,11431.0,16.834647,96.197491,,4.4,172,,Yangon,"Name: Yang Brothers (ယန်ဘရာသား). Category: Construction Material. House Number: 56. Address: ၅၆, လေးထောင့်ကန်လမ်း, လေးဒေါင့်ကန်ရပ်ကွက်, သင်္ဃန်းကျွန်း. Township: Thingangyun. District: Yangon East"
692,Yangon,ရန်ကုန်,Restaurant,စားသောက်ဆိုင်,,,Thingangyun,Thingangyun,Thingangyun,,Yangon East,ရန်ကုန်အရှေ့ပိုင်း,Yangon,ရန်ကုန်,,16.826237,96.186958,,4.2,286,,Yangon,Name: Yangon (ရန်ကုန်). Category: Restaurant. Address: Thingangyun. Township: Thingangyun. District: Yangon East
11,Yangon,ရန်ကုန်,Restaurant & BBQ,စားသောက်ဆိုင်,25B,25bD,"25B Thu Mingalar Road, Nanwin Kone Ward, Thingangyun, Yangon","၂၅ဘီ, သုမင်္ဂလာလမ်း, နနွင်းကုန်းရပ်ကွက်, သင်္ဃန်းကျွန်း",Thingangyun,သင်္ဃန်းကျွန်း,Yangon East,ရန်ကုန်အရှေ့ပိုင်း,Yangon,ရန်ကုန်,11431.0,16.826265,96.186926,,4.1,43,,Yangon,"Name: Yangon (ရန်ကုန်). Category: Restaurant & BBQ. House Number: 25B. Address: ၂၅ဘီ, သုမင်္ဂလာလမ်း, နနွင်းကုန်းရပ်ကွက်, သင်္ဃန်းကျွန်း. Township: Thingangyun. District: Yangon East"
128,Yangon Breeder Development,ရန်ကုန်မျိုးဆက်ဖွံ့ဖြိုးရေးကောင်စီ,Chicken Shop,အထွေထွေအမျိုးအစား,505/563,505^563,"505/563 Than Thu Mar Road, Gagyi Ward, Thingangyun, Yangon","၅၀၅^၅၆၃, သံသုမာလမ်း, (ဃ)ရပ်ကွက်, သင်္ဃန်းကျွန်း",Thingangyun,သင်္ဃန်းကျွန်း,Yangon East,ရန်ကုန်အရှေ့ပိုင်း,Yangon,ရန်ကုန်,11431.0,16.831241,96.207969,,4.8,394,,Yangon,"Name: Yangon Breeder Development (ရန်ကုန်မျိုးဆက်ဖွံ့ဖြိုးရေးကောင်စီ). Category: Chicken Shop. House Number: 505/563. Address: ၅၀၅^၅၆၃, သံသုမာလမ်း, (ဃ)ရပ်ကွက်, သင်္ဃန်းကျွန်း. Township: Thingangyun. District: Yangon East"
569,Yangon Indoor stadium,Yangon Indoor stadium,Stadium,ပန်းခြံနှင့် အားကစား,,,"Tut Wine Gyi Ward (TGGN), Thingangyun","Tut Wine Gyi Ward (TGGN), Thingangyun",Thingangyun,,Yangon East,ရန်ကုန်အရှေ့ပိုင်း,Yangon,ရန်ကုန်,,16.82,96.1835,,4.9,517,,Yangon,"Name: Yangon Indoor stadium. Category: Stadium. Address: Tut Wine Gyi Ward (TGGN), Thingangyun. Township: Thingangyun. District: Yangon East"
588,Yangon Int'l School (YIS) (Thingangyun ),Yangon Int'l School (YIS) (Thingangyun ),School,ကျောင်းနှင့် တက္ကသိုလ်,,,"117,Thu Mingalar Rd.,Thu Mingalar Housing","117,Thu Mingalar Rd.,Thu Mingalar Housing",Thingangyun,,Yangon East,ရန်ကုန်အရှေ့ပိုင်း,Yangon,ရန်ကုန်,,16.826,96.1915,,4.8,574,,Yangon,"Name: Yangon Int'l School (YIS) (Thingangyun ). Category: School. Address: 117,Thu Mingalar Rd.,Thu Mingalar Housing. Township: Thingangyun. District: Yangon East"
1128,Yar Pyae,ရာပြည့်,Hospital/Polyclinic,ဆေးရုံနှင့် ဆေးခန်း,,,Thingangyun,Thingangyun,Thingangyun,,Yangon East,ရန်ကုန်အရှေ့ပိုင်း,Yangon,ရန်ကုန်,,16.841089,96.201744,,4.8,394,,Yangon,Name: Yar Pyae (ရာပြည့်). Category: Hospital/Polyclinic. Address: Thingangyun. Township: Thingangyun. District: Yangon East
1362,Yar Su,ရာစု,Shop,အထွေထွေအမျိုးအစား,,,Thingangyun,Thingangyun,Thingangyun,,Yangon East,ရန်ကုန်အရှေ့ပိုင်း,Yangon,ရန်ကုန်,,16.829338,96.199294,,4.2,496,,Yangon,Name: Yar Su (ရာစု). Category: Shop. Address: Thingangyun. Township: Thingangyun. District: Yangon East
1457,Yati,ရတီ,Shop,အထွေထွေအမျိုးအစား,,,Thingangyun,Thingangyun,Thingangyun,,Yangon East,ရန်ကုန်အရှေ့ပိုင်း,Yangon,ရန်ကုန်,,16.827454,96.196996,,4.7,181,,Yangon,Name: Yati (ရတီ). Category: Shop. Address: Thingangyun. Township: Thingangyun. District: Yangon East
1713,Yati,ရတီ,Shop,အထွေထွေအမျိုးအစား,,,Thingangyun,Thingangyun,Thingangyun,,Yangon East,ရန်ကုန်အရှေ့ပိုင်း,Yangon,ရန်ကုန်,,16.838904,96.206864,,4.3,349,,Yangon,Name: Yati (ရတီ). Category: Shop. Address: Thingangyun. Township: Thingangyun. District: Yangon East
1385,Yaung Sin Htun,ရောင်စဥ်ထွန်း,Shop,အထွေထွေအမျိုးအစား,,,Thingangyun,Thingangyun,Thingangyun,,Yangon East,ရန်ကုန်အရှေ့ပိုင်း,Yangon,ရန်ကုန်,,16.82776,96.18999,,4.5,565,,Yangon,Name: Yaung Sin Htun (ရောင်စဥ်ထွန်း). Category: Shop. Address: Thingangyun. Township: Thingangyun. District: Yangon East
1080,Ye Gyi,ရဲကြီး,Restaurant,စားသောက်ဆိုင်,,,Thingangyun,Thingangyun,Thingangyun,,Yangon East,ရန်ကုန်အရှေ့ပိုင်း,Yangon,ရန်ကုန်,,16.829343,96.20756,,4,250,,Yangon,Name: Ye Gyi (ရဲကြီး). Category: Restaurant. Address: Thingangyun. Township: Thingangyun. District: Yangon East
1236,Ye Gyi,ရဲကြီး,Shop,အထွေထွေအမျိုးအစား,,,Thingangyun,Thingangyun,Thingangyun,,Yangon East,ရန်ကုန်အရှေ့ပိုင်း,Yangon,ရန်ကုန်,,16.830334,96.208173,,4.6,118,,Yangon,Name: Ye Gyi (ရဲကြီး). Category: Shop. Address: Thingangyun. Township: Thingangyun. District: Yangon East
1458,Ye Man,ရဲမာန်,Shop,အထွေထွေအမျိုးအစား,,,Thingangyun,Thingangyun,Thingangyun,,Yangon East,ရန်ကုန်အရှေ့ပိုင်း,Yangon,ရန်ကုန်,,16.835283,96.199982,,4.8,184,,Yangon,Name: Ye Man (ရဲမာန်). Category: Shop. Address: Thingangyun. Township: Thingangyun. District: Yangon East
958,Ye Yin Aung (3),ရဲရင့်အောင် (၃),Café/Pub,ဘားနှင့် ဖျော်ဖြေရေး,,,Thingangyun,Thingangyun,Thingangyun,,Yangon East,ရန်ကုန်အရှေ့ပိုင်း,Yangon,ရန်ကုန်,,16.828275,96.212225,,4.8,484,,Yangon,Name: Ye Yin Aung (3) (ရဲရင့်အောင် (၃)). Category: Café/Pub. Address: Thingangyun. Township: Thingangyun. District: Yangon East
930,Yone Kyi,ယုံကြည်,Shop,အထွေထွေအမျိုးအစား,,,Thingangyun,Thingangyun,Thingangyun,,Yangon East,ရန်ကုန်အရှေ့ပိုင်း,Yangon,ရန်ကုန်,,16.817309,96.19691,,4,400,,Yangon,Name: Yone Kyi (ယုံကြည်). Category: Shop. Address: Thingangyun. Township: Thingangyun. District: Yangon East
1386,Yoon,ယွန်း,Shop,အထွေထွေအမျိုးအစား,,,Thingangyun,Thingangyun,Thingangyun,,Yangon East,ရန်ကုန်အရှေ့ပိုင်း,Yangon,ရန်ကုန်,,16.832388,96.200876,,4.6,568,,Yangon,Name: Yoon (ယွန်း). Category: Shop. Address: Thingangyun. Township: Thingangyun. District: Yangon East
1572,Yoon,ယွန်း,Shop,အထွေထွေအမျိုးအစား,,,Thingangyun,Thingangyun,Thingangyun,,Yangon East,ရန်ကုန်အရှေ့ပိုင်း,Yangon,ရန်ကုန်,,16.829882,96.182449,,4.2,526,,Yangon,Name: Yoon (ယွန်း). Category: Shop. Address: Thingangyun. Township: Thingangyun. District: Yangon East
362,Young Kyee,ယုံးကြည်,Electronic Shop,လျှပ်စစ်ပစ္စည်းဆိုင်,1-Apr,43469,"1/4 Than Thu Mar Road, Ward-24 Thuwunna, Thingangyun, Yangon","၄၃၄၆၉, သံသုမာလမ်း, သု၀ဏ္ဏ(၂၄)ရပ်ကွက်, သင်္ဃန်းကျွန်း",Thingangyun,သင်္ဃန်းကျွန်း,Yangon East,ရန်ကုန်အရှေ့ပိုင်း,Yangon,ရန်ကုန်,11431.0,16.817399,96.196911,,4.2,496,,Yangon,"Name: Young Kyee (ယုံးကြည်). Category: Electronic Shop. House Number: 1-Apr. Address: ၄၃၄၆၉, သံသုမာလမ်း, သု၀ဏ္ဏ(၂၄)ရပ်ကွက်, သင်္ဃန်းကျွန်း. Township: Thingangyun. District: Yangon East"
918,Yu,ယု,Shop,အထွေထွေအမျိုးအစား,,,Thingangyun,Thingangyun,Thingangyun,,Yangon East,ရန်ကုန်အရှေ့ပိုင်း,Yangon,ရန်ကုန်,,16.824109,96.207008,,4.8,364,,Yangon,Name: Yu (ယု). Category: Shop. Address: Thingangyun. Township: Thingangyun. District: Yangon East
1525,Yu Ya,ယုယ,Hospital/Polyclinic,ဆေးရုံနှင့် ဆေးခန်း,,,Thingangyun,Thingangyun,Thingangyun,,Yangon East,ရန်ကုန်အရှေ့ပိုင်း,Yangon,ရန်ကုန်,,16.834396,96.180005,,4.5,385,,Yangon,Name: Yu Ya (ယုယ). Category: Hospital/Polyclinic. Address: Thingangyun. Township: Thingangyun. District: Yangon East
1459,Yu Ya,ယုယ,Shop,အထွေထွေအမျိုးအစား,,,Thingangyun,Thingangyun,Thingangyun,,Yangon East,ရန်ကုန်အရှေ့ပိုင်း,Yangon,ရန်ကုန်,,16.834872,96.199836,,4.9,187,,Yangon,Name: Yu Ya (ယုယ). Category: Shop. Address: Thingangyun. Township: Thingangyun. District: Yangon East
1244,Yu Za Na,ယုဇန,Shop,အထွေထွေအမျိုးအစား,,,Thingangyun,Thingangyun,Thingangyun,,Yangon East,ရန်ကုန်အရှေ့ပိုင်း,Yangon,ရန်ကုန်,,16.829106,96.202336,,4.4,142,,Yangon,Name: Yu Za Na (ယုဇန). Category: Shop. Address: Thingangyun. Township: Thingangyun. District: Yangon East
1714,Ywat  Sain,ရွက်စိမ်း,Shop,အထွေထွေအမျိုးအစား,,,Thingangyun,Thingangyun,Thingangyun,,Yangon East,ရန်ကုန်အရှေ့ပိုင်း,Yangon,ရန်ကုန်,,16.842032,96.200618,,4.4,352,,Yangon,Name: Ywat  Sain (ရွက်စိမ်း). Category: Shop. Address: Thingangyun. Township: Thingangyun. District: Yangon East
403,Z 'n' Z Food & Drink,ဇက် အန် ဇက် ဖုအန်ဒရင့်,Restaurant,စားသောက်ဆိုင်,1/14,1^14,"1/14 Than Thu Mar Road, Ward-29 Thuwunna, Thingangyun, Yangon","၁^၁၄, သံသုမာလမ်း, သု၀ဏ္ဏ(၂၉)ရပ်ကွက်, သင်္ဃန်းကျွန်း",Thingangyun,သင်္ဃန်းကျွန်း,Yangon East,ရန်ကုန်အရှေ့ပိုင်း,Yangon,ရန်ကုန်,11431.0,16.82163,96.203742,,4.3,19,,Yangon,"Name: Z 'n' Z Food & Drink (ဇက် အန် ဇက် ဖုအန်ဒရင့်). Category: Restaurant. House Number: 1/14. Address: ၁^၁၄, သံသုမာလမ်း, သု၀ဏ္ဏ(၂၉)ရပ်ကွက်, သင်္ဃန်းကျွန်း. Township: Thingangyun. District: Yangon East"
1254,ZM,ဇက်အမ်,Shop,အထွေထွေအမျိုးအစား,,,Thingangyun,Thingangyun,Thingangyun,,Yangon East,ရန်ကုန်အရှေ့ပိုင်း,Yangon,ရန်ကုန်,,16.831181,96.203137,,4.4,172,,Yangon,Name: ZM (ဇက်အမ်). Category: Shop. Address: Thingangyun. Township: Thingangyun. District: Yangon East
16,ZMH,ဇက်.အမ်.အိတ်(ချ်),Construction Company,ဆောက်လုပ်ရေးနှင့် ဟာ့ဒ်ဝဲ,991,991,"991 Thu Mingalar Road, Ward-16\1, Thingangyun, Yangon","၉၉၁, သုမင်္ဂလာလမ်း, (၁၆^၁)ရပ်ကွက်, သင်္ဃန်းကျွန်း",Thingangyun,သင်္ဃန်းကျွန်း,Yangon East,ရန်ကုန်အရှေ့ပိုင်း,Yangon,ရန်ကုန်,11431.0,16.835818,96.186092,,4.6,58,,Yangon,"Name: ZMH (ဇက်.အမ်.အိတ်(ချ်)). Category: Construction Company. House Number: 991. Address: ၉၉၁, သုမင်္ဂလာလမ်း, (၁၆^၁)ရပ်ကွက်, သင်္ဃန်းကျွန်း. Township: Thingangyun. District: Yangon East"
363,Za lat Nan,ဇလပ်နန်း,Restaurant (Chicken Rice & Icecream),စားသောက်ဆိုင်,164,164,"164 Than Thu Mar Road, Ward-24 Thuwunna, Thingangyun, Yangon","၁၆၄, သံသုမာလမ်း, သု၀ဏ္ဏ(၂၄)ရပ်ကွက်, သင်္ဃန်းကျွန်း",Thingangyun,သင်္ဃန်းကျွန်း,Yangon East,ရန်ကုန်အရှေ့ပိုင်း,Yangon,ရန်ကုန်,11431.0,16.816683,96.195403,,4.3,499,,Yangon,"Name: Za lat Nan (ဇလပ်နန်း). Category: Restaurant (Chicken Rice & Icecream). House Number: 164. Address: ၁၆၄, သံသုမာလမ်း, သု၀ဏ္ဏ(၂၄)ရပ်ကွက်, သင်္ဃန်းကျွန်း. Township: Thingangyun. District: Yangon East"
1277,Zalat Pan,ဇလပ်ပန်း,Shop,အထွေထွေအမျိုးအစား,,,Thingangyun,Thingangyun,Thingangyun,,Yangon East,ရန်ကုန်အရှေ့ပိုင်း,Yangon,ရန်ကုန်,,16.82519,96.209529,,4.7,241,,Yangon,Name: Zalat Pan (ဇလပ်ပန်း). Category: Shop. Address: Thingangyun. Township: Thingangyun. District: Yangon East
1308,Zalat Pwint,ဇလပ်ပွင့်,Shop,အထွေထွေအမျိုးအစား,,,Thingangyun,Thingangyun,Thingangyun,,Yangon East,ရန်ကုန်အရှေ့ပိုင်း,Yangon,ရန်ကုန်,,16.84273,96.202483,,4.8,334,,Yangon,Name: Zalat Pwint (ဇလပ်ပွင့်). Category: Shop. Address: Thingangyun. Township: Thingangyun. District: Yangon East
364,Zamuaye,ဇမ္မူအေး,Traditional Clinic,ဆေးရုံနှင့် ဆေးခန်း,2-Apr,43500,"2/4 Than Thu Mar Road, Ward-24 Thuwunna, Thingangyun, Yangon","၄၃၅၀၀, သံသုမာလမ်း, သု၀ဏ္ဏ(၂၄)ရပ်ကွက်, သင်္ဃန်းကျွန်း",Thingangyun,သင်္ဃန်းကျွန်း,Yangon East,ရန်ကုန်အရှေ့ပိုင်း,Yangon,ရန်ကုန်,11431.0,16.81495,96.191442,,4.4,502,,Yangon,"Name: Zamuaye (ဇမ္မူအေး). Category: Traditional Clinic. House Number: 2-Apr. Address: ၄၃၅၀၀, သံသုမာလမ်း, သု၀ဏ္ဏ(၂၄)ရပ်ကွက်, သင်္ဃန်းကျွန်း. Township: Thingangyun. District: Yangon East"
995,Zaw,ဇော်,Pharmacy,ဆေးဆိုင်,,,Thingangyun,Thingangyun,Thingangyun,,Yangon East,ရန်ကုန်အရှေ့ပိုင်း,Yangon,ရန်ကုန်,,16.841726,96.201258,,4.5,595,,Yangon,Name: Zaw (ဇော်). Category: Pharmacy. Address: Thingangyun. Township: Thingangyun. District: Yangon East
1130,Zaw,ဇော်,Hospital/Polyclinic,ဆေးရုံနှင့် ဆေးခန်း,,,Thingangyun,Thingangyun,Thingangyun,,Yangon East,ရန်ကုန်အရှေ့ပိုင်း,Yangon,ရန်ကုန်,,16.824304,96.199201,,4,400,,Yangon,Name: Zaw (ဇော်). Category: Hospital/Polyclinic. Address: Thingangyun. Township: Thingangyun. District: Yangon East
81,Zaw,ဇော်,Dental Clinic,ဆေးရုံနှင့် ဆေးခန်း,518,518,"518 Than Thu Mar Road, (Nga/Ka) Ward, Thingangyun, Yangon","၅၁၈, သံသုမာလမ်း, (င^က)ရပ်ကွက်, သင်္ဃန်းကျွန်း",Thingangyun,သင်္ဃန်းကျွန်း,Yangon East,ရန်ကုန်အရှေ့ပိုင်း,Yangon,ရန်ကုန်,11431.0,16.834361,96.20759,,4.1,253,,Yangon,"Name: Zaw (ဇော်). Category: Dental Clinic. House Number: 518. Address: ၅၁၈, သံသုမာလမ်း, (င^က)ရပ်ကွက်, သင်္ဃန်းကျွန်း. Township: Thingangyun. District: Yangon East"
664,Zaw,ဇော်,Repair Facility,ပြုပြင်ရေးလုပ်ငန်း,,,Thingangyun,Thingangyun,Thingangyun,,Yangon East,ရန်ကုန်အရှေ့ပိုင်း,Yangon,ရန်ကုန်,,16.839218,96.202057,,4.4,202,,Yangon,Name: Zaw (ဇော်). Category: Repair Facility. Address: Thingangyun. Township: Thingangyun. District: Yangon East
710,Zaw,ဇော်,Hospital/Polyclinic,ဆေးရုံနှင့် ဆေးခန်း,,,Thingangyun,Thingangyun,Thingangyun,,Yangon East,ရန်ကုန်အရှေ့ပိုင်း,Yangon,ရန်ကုန်,,16.824377,96.195372,,4,340,,Yangon,Name: Zaw (ဇော်). Category: Hospital/Polyclinic. Address: Thingangyun. Township: Thingangyun. District: Yangon East
292,Zaw,ဇော်,Battery & Tryer,အထွေထွေအမျိုးအစား,89,89,"89 Lay Daung Kan Road, Nga Moe Yeik Ward, Thingangyun, Yangon","၈၉, လေးထောင့်ကန်လမ်း, ငမိုးရိပ်ရပ်ကွက်, သင်္ဃန်းကျွန်း",Thingangyun,သင်္ဃန်းကျွန်း,Yangon East,ရန်ကုန်အရှေ့ပိုင်း,Yangon,ရန်ကုန်,11431.0,16.839378,96.201466,,4.2,286,,Yangon,"Name: Zaw (ဇော်). Category: Battery & Tryer. House Number: 89. Address: ၈၉, လေးထောင့်ကန်လမ်း, ငမိုးရိပ်ရပ်ကွက်, သင်္ဃန်းကျွန်း. Township: Thingangyun. District: Yangon East"
15,Zaw Brother,ဇော် ဘရားသား,Car Repair Facility,ပြုပြင်ရေးလုပ်ငန်း,173,173,"173 Thu Mingalar Road, Kyaikasan West Ward, Thingangyun, Yangon","၁၇၃, သုမင်္ဂလာလမ်း, ကျိုက္ကဆံရပ်ကွက်, သင်္ဃန်းကျွန်း",Thingangyun,သင်္ဃန်းကျွန်း,Yangon East,ရန်ကုန်အရှေ့ပိုင်း,Yangon,ရန်ကုန်,11431.0,16.836426,96.186241,,4.5,55,,Yangon,"Name: Zaw Brother (ဇော် ဘရားသား). Category: Car Repair Facility. House Number: 173. Address: ၁၇၃, သုမင်္ဂလာလမ်း, ကျိုက္ကဆံရပ်ကွက်, သင်္ဃန်းကျွန်း. Township: Thingangyun. District: Yangon East"
1930,"Zaw Brother Co., Ltd.",ဇော်ဘရားသား ကုမ္ပဏီလီမီတက်,Company,ရုံးခန်းနှင့် လူနေအိမ်ရာ,,,Thingangyun,Thingangyun,Thingangyun,,Yangon East,ရန်ကုန်အရှေ့ပိုင်း,Yangon,ရန်ကုန်,,16.836415,96.18617,,4,400,,Yangon,"Name: Zaw Brother Co., Ltd. (ဇော်ဘရားသား ကုမ္ပဏီလီမီတက်). Category: Company. Address: Thingangyun. Township: Thingangyun. District: Yangon East"
1184,"Zaw Channel & Group Co., Ltd.",ဇော်ချန်နယ်အန်ဂရုဖ်ကုမ္ပဏီလီမိတက်,Company,ရုံးခန်းနှင့် လူနေအိမ်ရာ,,,Thingangyun,Thingangyun,Thingangyun,,Yangon East,ရန်ကုန်အရှေ့ပိုင်း,Yangon,ရန်ကုန်,,16.82718,96.196929,,4.4,562,,Yangon,"Name: Zaw Channel & Group Co., Ltd. (ဇော်ချန်နယ်အန်ဂရုဖ်ကုမ္ပဏီလီမိတက်). Category: Company. Address: Thingangyun. Township: Thingangyun. District: Yangon East"
931,Zaw Mobile,ဇော် မိုဘိုင်းလ်,Shop,အထွေထွေအမျိုးအစား,,,Thingangyun,Thingangyun,Thingangyun,,Yangon East,ရန်ကုန်အရှေ့ပိုင်း,Yangon,ရန်ကုန်,,16.842817,96.205006,,4.1,403,,Yangon,Name: Zaw Mobile (ဇော် မိုဘိုင်းလ်). Category: Shop. Address: Thingangyun. Township: Thingangyun. District: Yangon East
571,Zaw Tika Housing,Zaw Tika Housing,Residence,ရုံးခန်းနှင့် လူနေအိမ်ရာ,,,"Lay Daung Kan Rd.,Za (North) Ward (TGGN),Thingangyun","Lay Daung Kan Rd.,Za (North) Ward (TGGN),Thingangyun",Thingangyun,,Yangon East,ရန်ကုန်အရှေ့ပိုင်း,Yangon,ရန်ကုန်,,16.8267,96.186,,4.1,523,,Yangon,"Name: Zaw Tika Housing. Category: Residence. Address: Lay Daung Kan Rd.,Za (North) Ward (TGGN),Thingangyun. Township: Thingangyun. District: Yangon East"
255,Zawana,ဇဝန,Rice Shop,အထွေထွေအမျိုးအစား,29,29,"29 Lay Daung Kan Road, Lay Daunkan Ward, Thingangyun, Yangon","၂၉, လေးထောင့်ကန်လမ်း, လေးဒေါင့်ကန်ရပ်ကွက်, သင်္ဃန်းကျွန်း",Thingangyun,သင်္ဃန်းကျွန်း,Yangon East,ရန်ကုန်အရှေ့ပိုင်း,Yangon,ရန်ကုန်,11431.0,16.840636,96.203404,,4.5,175,,Yangon,"Name: Zawana (ဇဝန). Category: Rice Shop. House Number: 29. Address: ၂၉, လေးထောင့်ကန်လမ်း, လေးဒေါင့်ကန်ရပ်ကွက်, သင်္ဃန်းကျွန်း. Township: Thingangyun. District: Yangon East"
145,Zawel Thit,ဇွဲသစ်,Rakhine Traditional Restaurant,စားသောက်ဆိုင်,B 267,bD 267,"B 267 Than Thu Mar Road, Kyi Pwar Yae Ward, Thingangyun, Yangon","ဘီ ၂၆၇, သံသုမာလမ်း, ကြီးပွားရေးရပ်ကွက်, သင်္ဃန်းကျွန်း",Thingangyun,သင်္ဃန်းကျွန်း,Yangon East,ရန်ကုန်အရှေ့ပိုင်း,Yangon,ရန်ကုန်,11431.0,16.837393,96.207807,,4.5,445,,Yangon,"Name: Zawel Thit (ဇွဲသစ်). Category: Rakhine Traditional Restaurant. House Number: B 267. Address: ဘီ ၂၆၇, သံသုမာလမ်း, ကြီးပွားရေးရပ်ကွက်, သင်္ဃန်းကျွန်း. Township: Thingangyun. District: Yangon East"
1137,Zayyar Shwe Pyi Kyaung Tike,ဇေယျာရွှေပြည်ကျောင်းတိုက်,Place of Worship,ဘာသာရေးနေရာ,,,Thingangyun,Thingangyun,Thingangyun,,Yangon East,ရန်ကုန်အရှေ့ပိုင်း,Yangon,ရန်ကုန်,,16.831228,96.207479,,4.7,421,,Yangon,Name: Zayyar Shwe Pyi Kyaung Tike (ဇေယျာရွှေပြည်ကျောင်းတိုက်). Category: Place of Worship. Address: Thingangyun. Township: Thingangyun. District: Yangon East
326,Zest,ဇက်,Café & Car Spa,ကဖေးနှင့် လက်ဖက်ရည်ဆိုင်,188,188,"188 Than Thu Mar Road, Supaing Ward, Thingangyun, Yangon","၁၈၈, သံသုမာလမ်း, စုပေါင်းရပ်ကွက်, သင်္ဃန်းကျွန်း",Thingangyun,သင်္ဃန်းကျွန်း,Yangon East,ရန်ကုန်အရှေ့ပိုင်း,Yangon,ရန်ကုန်,11431.0,16.815778,96.192345,,4.6,388,,Yangon,"Name: Zest (ဇက်). Category: Café & Car Spa. House Number: 188. Address: ၁၈၈, သံသုမာလမ်း, စုပေါင်းရပ်ကွက်, သင်္ဃန်းကျွန်း. Township: Thingangyun. District: Yangon East"
1057,Zin Yaw,ဇင်ယော်,Repair Facility,ပြုပြင်ရေးလုပ်ငန်း,,,Thingangyun,Thingangyun,Thingangyun,,Yangon East,ရန်ကုန်အရှေ့ပိုင်း,Yangon,ရန်ကုန်,,16.843959,96.201673,,4.7,181,,Yangon,Name: Zin Yaw (ဇင်ယော်). Category: Repair Facility. Address: Thingangyun. Township: Thingangyun. District: Yangon East
996,Ziwita Thuka,ဇီဝိတသုခ,Pharmacy,ဆေးဆိုင်,,,Thingangyun,Thingangyun,Thingangyun,,Yangon East,ရန်ကုန်အရှေ့ပိုင်း,Yangon,ရန်ကုန်,,16.838025,96.207814,,4.6,598,,Yangon,Name: Ziwita Thuka (ဇီဝိတသုခ). Category: Pharmacy. Address: Thingangyun. Township: Thingangyun. District: Yangon East
1348,Zue Zue,ဇူးဇူး,Shop,အထွေထွေအမျိုးအစား,,,Thingangyun,Thingangyun,Thingangyun,,Yangon East,ရန်ကုန်အရှေ့ပိုင်း,Yangon,ရန်ကုန်,,16.831386,96.207458,,4.8,454,,Yangon,Name: Zue Zue (ဇူးဇူး). Category: Shop. Address: Thingangyun. Township: Thingangyun. District: Yangon East
1782,Zuu,ဇူး,Shop,အထွေထွေအမျိုးအစား,,,Thingangyun,Thingangyun,Thingangyun,,Yangon East,ရန်ကုန်အရှေ့ပိုင်း,Yangon,ရန်ကုန်,,16.828394,96.18776,,4.2,556,,Yangon,Name: Zuu (ဇူး). Category: Shop. Address: Thingangyun. Township: Thingangyun. District: Yangon East
893,Zwal,ဇွဲ,Shop,အထွေထွေအမျိုးအစား,,,Thingangyun,Thingangyun,Thingangyun,,Yangon East,ရန်ကုန်အရှေ့ပိုင်း,Yangon,ရန်ကုန်,,16.821759,96.204859,,4.3,289,,Yangon,Name: Zwal (ဇွဲ). Category: Shop. Address: Thingangyun. Township: Thingangyun. District: Yangon East
1237,Zwe,ဇွဲ,Shop,အထွေထွေအမျိုးအစား,,,Thingangyun,Thingangyun,Thingangyun,,Yangon East,ရန်ကုန်အရှေ့ပိုင်း,Yangon,ရန်ကုန်,,16.828236,96.207865,,4.7,121,,Yangon,Name: Zwe (ဇွဲ). Category: Shop. Address: Thingangyun. Township: Thingangyun. District: Yangon East
1084,Zwe Thit,ဇွဲသစ်,Restaurant,စားသောက်ဆိုင်,,,Thingangyun,Thingangyun,Thingangyun,,Yangon East,ရန်ကုန်အရှေ့ပိုင်း,Yangon,ရန်ကုန်,,16.837398,96.207814,,4.4,262,,Yangon,Name: Zwe Thit (ဇွဲသစ်). Category: Restaurant. Address: Thingangyun. Township: Thingangyun. District: Yangon East
932,Zwell Mobile,ဇွဲ မိုဘိုင်းလ်,Shop,အထွေထွေအမျိုးအစား,,,Thingangyun,Thingangyun,Thingangyun,,Yangon East,ရန်ကုန်အရှေ့ပိုင်း,Yangon,ရန်ကုန်,,16.843399,96.203508,,4.2,406,,Yangon,Name: Zwell Mobile (ဇွဲ မိုဘိုင်းလ်). Category: Shop. Address: Thingangyun. Township: Thingangyun. District: Yangon East
793,abc,အေဘီစီ,Shop,အထွေထွေအမျိုးအစား,,,Thingangyun,Thingangyun,Thingangyun,,Yangon East,ရန်ကုန်အရှေ့ပိုင်း,Yangon,ရန်ကုန်,,16.838241,96.201034,,4.3,589,,Yangon,Name: abc (အေဘီစီ). Category: Shop. Address: Thingangyun. Township: Thingangyun. District: Yangon East
1574,abc,အေဘီစီ,Shop,အထွေထွေအမျိုးအစား,,,Thingangyun,Thingangyun,Thingangyun,,Yangon East,ရန်ကုန်အရှေ့ပိုင်း,Yangon,ရန်ကုန်,,16.83479,96.180845,,4.4,532,,Yangon,Name: abc (အေဘီစီ). Category: Shop. Address: Thingangyun. Township: Thingangyun. District: Yangon East
150,abc Store,အေဘီစီ,Convenience Store,စျေးနှင့် ကုန်စုံဆိုင်,63,63,"63 Lay Daung Kan Road, Lay Daunkan Ward, Thingangyun, Yangon","၆၃, လေးထောင့်ကန်လမ်း, လေးဒေါင့်ကန်ရပ်ကွက်, သင်္ဃန်းကျွန်း",Thingangyun,သင်္ဃန်းကျွန်း,Yangon East,ရန်ကုန်အရှေ့ပိုင်း,Yangon,ရန်ကုန်,11431.0,16.838244,96.200901,,4,460,,Yangon,"Name: abc Store (အေဘီစီ). Category: Convenience Store. House Number: 63. Address: ၆၃, လေးထောင့်ကန်လမ်း, လေးဒေါင့်ကန်ရပ်ကွက်, သင်္ဃန်းကျွန်း. Township: Thingangyun. District: Yangon East"
737,easy microfinance,အီးစီးအသေးစားငွေရေးကြေးရေးလုပ်ငန်း,Company,ရုံးခန်းနှင့် လူနေအိမ်ရာ,,,Thingangyun,Thingangyun,Thingangyun,,Yangon East,ရန်ကုန်အရှေ့ပိုင်း,Yangon,ရန်ကုန်,,16.838122,96.200898,,4.7,421,,Yangon,Name: easy microfinance (အီးစီးအသေးစားငွေရေးကြေးရေးလုပ်ငန်း). Category: Company. Address: Thingangyun. Township: Thingangyun. District: Yangon East
795,g & g,ဂျီအန်ဂျီ,Shop,အထွေထွေအမျိုးအစား,,,Thingangyun,Thingangyun,Thingangyun,,Yangon East,ရန်ကုန်အရှေ့ပိုင်း,Yangon,ရန်ကုန်,,16.830077,96.20818,,4.5,595,,Yangon,Name: g & g (ဂျီအန်ဂျီ). Category: Shop. Address: Thingangyun. Township: Thingangyun. District: Yangon East
794,g & g,ဂျီအန်ဂျီ,Shop,အထွေထွေအမျိုးအစား,,,Thingangyun,Thingangyun,Thingangyun,,Yangon East,ရန်ကုန်အရှေ့ပိုင်း,Yangon,ရန်ကုန်,,16.839283,96.202117,,4.4,592,,Yangon,Name: g & g (ဂျီအန်ဂျီ). Category: Shop. Address: Thingangyun. Township: Thingangyun. District: Yangon East
166,g& g,ဂျီအန်ဂျီ,Convenience Store,စျေးနှင့် ကုန်စုံဆိုင်,43,43,"43 Lay Daung Kan Road, Lay Daunkan Ward, Thingangyun, Yangon","၄၃, လေးထောင့်ကန်လမ်း, လေးဒေါင့်ကန်ရပ်ကွက်, သင်္ဃန်းကျွန်း",Thingangyun,သင်္ဃန်းကျွန်း,Yangon East,ရန်ကုန်အရှေ့ပိုင်း,Yangon,ရန်ကုန်,11431.0,16.839313,96.202056,,4.6,508,,Yangon,"Name: g& g (ဂျီအန်ဂျီ). Category: Convenience Store. House Number: 43. Address: ၄၃, လေးထောင့်ကန်လမ်း, လေးဒေါင့်ကန်ရပ်ကွက်, သင်္ဃန်းကျွန်း. Township: Thingangyun. District: Yangon East"
1271,g&g,ဂျီအန်ဂျီ,Shop,အထွေထွေအမျိုးအစား,,,Thingangyun,Thingangyun,Thingangyun,,Yangon East,ရန်ကုန်အရှေ့ပိုင်း,Yangon,ရန်ကုန်,,16.831639,96.202122,,4.1,223,,Yangon,Name: g&g (ဂျီအန်ဂျီ). Category: Shop. Address: Thingangyun. Township: Thingangyun. District: Yangon East
1269,g&g,ဂျီအန်ဂျီ,Shop,အထွေထွေအမျိုးအစား,,,Thingangyun,Thingangyun,Thingangyun,,Yangon East,ရန်ကုန်အရှေ့ပိုင်း,Yangon,ရန်ကုန်,,16.83844,96.207898,,4.9,217,,Yangon,Name: g&g (ဂျီအန်ဂျီ). Category: Shop. Address: Thingangyun. Township: Thingangyun. District: Yangon East
1577,g&g,ဂျီအန်ဂျီ,Shop,အထွေထွေအမျိုးအစား,,,Thingangyun,Thingangyun,Thingangyun,,Yangon East,ရန်ကုန်အရှေ့ပိုင်း,Yangon,ရန်ကုန်,,16.841199,96.201607,,4.7,541,,Yangon,Name: g&g (ဂျီအန်ဂျီ). Category: Shop. Address: Thingangyun. Township: Thingangyun. District: Yangon East
1576,g&g,ဂျီအန်ဂျီ,Shop,အထွေထွေအမျိုးအစား,,,Thingangyun,Thingangyun,Thingangyun,,Yangon East,ရန်ကုန်အရှေ့ပိုင်း,Yangon,ရန်ကုန်,,16.843659,96.200865,,4.6,538,,Yangon,Name: g&g (ဂျီအန်ဂျီ). Category: Shop. Address: Thingangyun. Township: Thingangyun. District: Yangon East
1270,g&g,ဂျီအန်ဂျီ,Shop,အထွေထွေအမျိုးအစား,,,Thingangyun,Thingangyun,Thingangyun,,Yangon East,ရန်ကုန်အရှေ့ပိုင်း,Yangon,ရန်ကုန်,,16.825715,96.196922,,4,220,,Yangon,Name: g&g (ဂျီအန်ဂျီ). Category: Shop. Address: Thingangyun. Township: Thingangyun. District: Yangon East
1575,g&g,ဂျီအန်ဂျီ,Shop,အထွေထွေအမျိုးအစား,,,Thingangyun,Thingangyun,Thingangyun,,Yangon East,ရန်ကုန်အရှေ့ပိုင်း,Yangon,ရန်ကုန်,,16.834238,96.179758,,4.5,535,,Yangon,Name: g&g (ဂျီအန်ဂျီ). Category: Shop. Address: Thingangyun. Township: Thingangyun. District: Yangon East
2011,i-fone,အိုင်ဖုန်း,Shop,အထွေထွေအမျိုးအစား,,,Thingangyun,Thingangyun,Thingangyun,,Yangon East,ရန်ကုန်အရှေ့ပိုင်း,Yangon,ရန်ကုန်,,16.833133,96.195172,,4.1,43,,Yangon,Name: i-fone (အိုင်ဖုန်း). Category: Shop. Address: Thingangyun. Township: Thingangyun. District: Yangon East
453,ibis Styles Yangon Stadium,ibis Styles Yangon Stadium,Stadium,ပန်းခြံနှင့် အားကစား,,,"Mikyaung Kan (1) Ward (TGGN), Thingangyun","Mikyaung Kan (1) Ward (TGGN), Thingangyun",Thingangyun,,Yangon East,ရန်ကုန်အရှေ့ပိုင်း,Yangon,ရန်ကုန်,,16.8217,96.1819,,4.3,169,,Yangon,"Name: ibis Styles Yangon Stadium. Category: Stadium. Address: Mikyaung Kan (1) Ward (TGGN), Thingangyun. Township: Thingangyun. District: Yangon East"
1321,kaung That,ကောင်းသန့်,Shop,အထွေထွေအမျိုးအစား,,,Thingangyun,Thingangyun,Thingangyun,,Yangon East,ရန်ကုန်အရှေ့ပိုင်း,Yangon,ရန်ကုန်,,16.825103,96.208931,,4.1,373,,Yangon,Name: kaung That (ကောင်းသန့်). Category: Shop. Address: Thingangyun. Township: Thingangyun. District: Yangon East
463,kyaik Dayyone Pagoda,ကျိုက်ဒေးယုံစေတီ,Pagoda,ဘာသာရေးနေရာ,,,"Sa Kha Ward (TGGN), Thingangyun","Sa Kha Ward (TGGN), Thingangyun",Thingangyun,,Yangon East,ရန်ကုန်အရှေ့ပိုင်း,Yangon,ရန်ကုန်,,16.8403,96.1957,,4.3,199,,Yangon,"Name: kyaik Dayyone Pagoda (ကျိုက်ဒေးယုံစေတီ). Category: Pagoda. Address: Sa Kha Ward (TGGN), Thingangyun. Township: Thingangyun. District: Yangon East"